"beta","p","c","delta_natural","delta_NK","delta_CD8","k_FI","E_max_IFN","EC50_F","k_CI","k_CF2","k_CC","K_CC","d_C","I_gate","k_PV","k_PC","d_P","k_KP","k_KC","d_K","k_LP","k_LC","d_L","Emax_RBV","EC50_RBV","Emax_FAV","EC50_FAV","psi","k_form","k_elim_RTP","CL_RBV","placebo_mortality","rbv_mortality","fav_mortality","combo_mortality","combo_RRR","rbv_RRR","placebo_Vpeak","placebo_VAUC","combo_VAUC"
1.3807935361747e-07,68.209052524691,3.16260430065034,0.05262275847728,1.05625112702617e-05,0.00172222690483455,7.27312846922037,0.565922488033322,67.0730869339802,1.75821911321654,2.13955617804486,0.618318008335019,187.038595248005,4.82408940701421,11630.2760996862,0.287309008355752,0.128236171919804,0.362307767747406,0.253847353954336,0.0774870264706431,1.07934563712878,0.33610336619011,0.038575058834499,0.442393768056197,0.681343492960932,12.0755428024888,0.841186685442353,0.623995683128598,0.119634696987245,3.42302072458898,0.858031134474096,7.57095831580282,0.0773128915305838,0.0158324306290741,0.0295069479554232,0.0051429166587732,0.933479183652849,0.795216162329008,21041632.138367,193120043.304064,17689809.7087208
1.20182104594464e-07,73.4528105340826,4.10101859152248,0.0159390910317966,1.28023150063997e-05,0.00216645311440531,2.68723060585741,0.853991270176685,98.9602453364387,1.83005003093678,2.82431509521638,0.559733173473746,125.324595052441,6.85525956609601,6175.11658963336,0.613259236062443,0.0948016778370258,0.520158467906003,0.208886489362843,0.0325555650519643,0.535716403047726,0.215507374959659,0.145862889001543,0.727801909948539,0.620712127091351,6.56635872488926,0.838108289761166,0.371065681202967,0.232163110056564,1.83605499318326,0.839114005072016,7.40450972340983,0.0989240815601977,0.0290904628064738,0.0448853063995937,0.00101410289224571,0.989748675183518,0.705931434008092,18539490.6237462,197173844.064764,954882.770950555
1.97900205848054e-07,177.004944911308,2.70500869546613,0.0197836615031789,1.77849815730491e-06,0.00120113897230875,2.83325993204894,0.626439208334005,99.052541382984,1.52742824174538,0.848917152050223,0.492986164165969,168.708752880999,7.89311228161833,5479.38677907603,0.446293159358851,0.121328328721041,0.329519946532165,0.0930744440256148,0.0421096375335936,1.26433698601538,0.133704927884043,0.0739861298668598,0.360442990743805,0.829463621775321,4.2704934672014,0.909962814791027,0.293496038834607,0.0639830515986916,1.2132173556787,0.706554178208754,3.97540977278799,0.100079450022114,0.0742692140598596,0.0852750146005092,0.0723951891811512,0.276622831508825,0.257897460033519,64721242.3713767,698122484.796217,98583387.4525528
7.5120499650054e-08,108.656511175916,3.56072168624567,0.0183542504535266,8.17921042748025e-06,0.00113793855357337,5.36185290681666,0.804759719535078,26.6962751664853,2.78822053541426,2.44734755481918,1.09462699930359,234.215632881993,7.98253735402852,15720.7657525436,0.580176154815957,0.0564256494860005,0.421363729891636,0.112562252728317,0.0789221043883857,0.54563166661314,0.144467840123705,0.0446935457300667,0.710355061114041,0.866113718251827,4.02725982965358,0.951553250859427,0.896767913841153,0.0408556754038022,1.64438669525687,1.33967521626155,3.47756637328675,0.103128028464142,0.00389732989837774,0.00525398851415464,0.00064384482803687,0.993756839555401,0.96220881988709,32065788.2240143,378112967.562147,724098.161412745
1.081377209862e-07,70.9676592586636,2.1063479534149,0.0138373236946497,3.81572980061942e-06,0.000361668000718201,9.6757915966889,0.864046897788528,35.6170973984343,1.26288091071286,1.10870901792535,0.485156465057468,221.331972545209,5.06101518090673,6111.709745179,0.597864394193694,0.062978878811456,0.367365876664902,0.127393823149613,0.0572257464404097,0.743348485080739,0.104069905132068,0.126478079985214,0.361045656261352,0.785007167093771,14.7837016005648,0.97020313141034,0.405261658989809,0.020026535391531,3.14952032799099,1.51962967269169,5.44192851522246,0.109553745895884,0.0307158443708656,0.0782415830090488,0.0109247680783184,0.900279374393087,0.719627620948199,35637184.9961211,506908123.638468,29825250.7503638
1.18549997547251e-07,54.918266724236,2.48255967880672,0.0119732762661237,8.72080161973061e-06,0.000562926129856005,5.3534317204489,0.860930557186534,54.9504612112507,1.6102069280351,1.36355043060867,0.6597665547054,285.930535163641,4.75827760675544,17465.4472434763,0.325692298211469,0.0808740989205852,0.485470016312929,0.118616247282925,0.0683114074157432,1.24348068861917,0.162351168588573,0.145968632041773,0.552974787644027,0.646701253618475,6.90641627361278,0.922873954789689,0.590710703395404,0.135154790997299,1.32061091680006,1.41742769924914,3.29348690894211,0.0544290985622229,0.0102400174057456,0.0352368351140929,0.000640056482195428,0.988240545974435,0.811865019332641,23730751.012186,319552903.905383,4196561.78752179
1.64328947741656e-07,140.523042982864,2.6091143160572,0.0218882366841819,5.58687811176509e-06,0.000666551528486673,9.5583709867589,0.614932280731874,25.7466750904331,2.56069212597993,1.10023455165086,1.16437459960631,252.362601059182,5.22270114310261,7074.92661666974,0.400020211017836,0.110392431856963,0.649427570211564,0.0905918328011654,0.068745711138536,0.894741607680262,0.299679685182601,0.0718953753087966,0.443194901291463,0.870018551896468,10.7068459728067,0.895730345537199,0.79713878331443,0.026483088225078,1.53864293078675,2.27959283295141,4.25592097823947,0.0830225824924827,0.0546046570069388,0.0679579476643648,0.0533472600866524,0.357436754132735,0.342291514337283,54488345.8258908,646212554.826058,95373073.1433283
5.80559064814535e-08,76.1275033922338,4.08563414323815,0.0829884424672746,1.21089348719218e-05,0.000709845475256493,3.66137781154294,0.779916917795343,69.664831304326,2.45959622706797,1.57583286234564,0.522079344071494,188.929108395961,5.23818328970682,13732.5977513848,0.393827233369343,0.156311003609112,0.437288195540072,0.14671057878001,0.0346247196059544,0.889326076069969,0.139749152990567,0.120623838180063,0.626086746054972,0.602963208850901,10.3370111723611,0.918840023695957,0.379377805416463,0.0747841076750951,2.10742629143253,0.956796634910932,4.23226047037093,0,0,0,0,NA,NA,0,0,0
6.27197994043118e-08,126.187175201142,3.89066015567385,0.022214580806683,6.55517631198305e-06,0.000650735528053994,6.37373898789816,0.734561663276164,41.3625179730008,1.46138355580195,0.805237089546697,0.951455002554329,164.971061319175,4.22130209065535,12116.2057814367,0.95159220664903,0.0676089702704087,0.488419783346007,0.1571880919058,0.0598344072319706,1.2183164841784,0.132314568673408,0.144109122074567,0.558544073810053,0.693989104495183,6.13733830781193,0.835502370383604,0.977257084325099,0.133762367840054,4.57221929315796,2.15411393718773,5.35230428096692,0.10541616055905,0.0219075321224235,0.000905678074919794,0.00030397573513213,0.997116421870043,0.792180515717496,34049721.3896832,403314327.590762,208573.617718289
6.37437715758043e-08,114.012509853969,4.2350267405614,0.0122507801965673,1.77194117494955e-06,0.00279286984247188,2.58504736787245,0.6392100793966,40.0943502250552,1.23610598755021,1.7885177141451,0.499083060468723,226.941391961494,6.2727440762934,11065.7633876378,0.259025801049112,0.0811388943962726,0.541938719101259,0.212610633215216,0.089592881666505,0.776404403052173,0.166371020420834,0.0616506928173218,0.702338918576581,0.762056868534405,8.99715588757328,0.842636357600616,0.799228330127743,0.0346038555352453,2.73083155647499,1.68571377339996,4.10575981688823,0,0,0,0,NA,NA,0,0,0
8.56645798749707e-08,78.4055467523763,4.21780592900422,0.0466772463144141,3.28300179016433e-06,0.00180321893489741,4.46712048043993,0.700252604667604,90.3104214602954,1.07617518182989,1.98212925827392,0.594384704368588,133.726207407254,8.03746846929026,9361.83832718628,0.524745511769188,0.146967591381114,0.524316201646091,0.155439003979524,0.0973932963272639,0.637191220928522,0.359341822650343,0.0881191929485332,0.375647896616864,0.639315041591624,8.19574274413952,0.96500728691388,0.526141130353673,0.289266140627426,3.29481152096684,0.713594192463779,6.71800258157008,0,0,0,0,NA,NA,0,0,0
7.43645097713615e-08,96.18336968425,3.20789708032213,0.052477452976908,3.08150860276714e-06,0.0015262937509015,5.10167989896111,0.942139649296951,37.2688155221527,2.77809311971465,0.779632390559942,0.641318095684608,262.242823618959,4.53921341323191,8271.41772053991,0.341704811014373,0.0738327363020053,0.379748046434093,0.0856466609220861,0.070940532811717,0.841235300089139,0.375895043412312,0.0919422815291893,0.880425804166861,0.585734182776501,7.78610277574944,0.877052414886351,0.387251057191502,0.136844761085494,1.91535540096094,1.31835005554262,3.36686138455086,0.0654896341252249,0.0132889932089471,0.000678040166058395,0.000158685928659665,0.997576930597043,0.797082494253415,28977779.7287811,269363895.649828,434986.973405619
1.53956984756449e-07,174.553354326713,2.65712074410512,0.0486605910094509,4.59654706352024e-06,0.000500896988994017,4.95913957697631,0.933857861254227,26.8246988294723,1.44687437798977,1.34223006012594,0.990359074548973,154.168147009094,8.16358767822038,11528.7304571373,0.273287660908545,0.168475630153351,0.394326001005224,0.28049864083801,0.0630746135839164,0.597376195155659,0.120904698066982,0.046533425716662,0.784878151620972,0.797309845021797,14.0464223237341,0.9564101247402,0.837973854527587,0.0263010069735651,2.58917793789603,1.34090713499856,7.7319373064514,0.116271223256174,0.094547388672198,0.104697778741096,0.0921091457409734,0.207807889506466,0.186837585221866,62821377.0715267,576490544.687258,93841338.8960579
7.72081364826828e-08,75.4445308758114,3.40239061860759,0.0123938977877664,1.47218713879207e-05,0.000533268082922156,4.64891000312588,0.85606070059933,40.7854969004951,2.76281597305773,2.96398617755116,0.605059609720844,238.53019426445,4.77874586769406,5762.4341148707,0.331813880642969,0.114551165419431,0.36662894006838,0.106987105574509,0.056070269992375,0.514673741765894,0.38735421864137,0.0702148826830172,0.55035820019425,0.887732586976894,15.8586524972185,0.997969721541388,0.869122543784678,0.0286501546126358,3.6525215446017,1.21381360113813,4.32435735159349,0,0,0,0,NA,NA,0,0,0
1.66090112055125e-07,77.654683954821,2.57683151578912,0.0127582710933556,2.65535297188284e-06,0.00282779346223999,6.61923879785068,0.792792262845996,63.9536857725825,2.2200699647496,2.15707602630247,0.975550017311251,191.789757403839,4.68673862872797,5205.24537479496,0.397987800527919,0.0848788852869287,0.695223859922892,0.270718490887816,0.0390731821602806,0.81882551872927,0.162942525911036,0.0399485294909132,0.494781795649428,0.55091052377891,8.074241543362,0.919292020222166,0.371942589406825,0.16952923243796,1.82432632183548,0.67871918295519,3.62935653309109,0.0919148266001044,0.0485826408386631,0.0618939133397113,0.0422003321742318,0.540875680940643,0.471438475861652,31030359.3685176,319997640.204791,51056251.9713846
1.63633848475991e-07,128.260495772638,3.27404317182209,0.0181664800298332,5.46227593822486e-06,0.000691559974131551,2.80593459095963,0.759387942829031,93.8601686454969,1.55982849745114,0.982428161219761,0.54951751096683,149.192313825645,5.09227928836397,12721.4104072297,0.301813251442177,0.151707558730547,0.377832036661119,0.0880922500381042,0.0283538950960715,0.73659330741771,0.143456611279331,0.102894161306222,0.806934688376051,0.748825614385115,4.63288897863552,0.889597330570167,0.306162415192062,0.158953983280586,1.39355267919817,0.95988119276913,4.24088621238702,0.0810297555894196,0.0415636220224296,0.0557028453587647,0.0385085399021971,0.524760507765553,0.487057294939482,40319029.8436255,502909159.116727,67922529.2709024
1.77671864106673e-07,84.2252331603108,3.76720193924653,0.012985647560058,5.65512254366339e-06,0.00059784940391365,9.16304168265871,0.922779693393257,63.315274564011,1.71243777896822,0.823757594174227,0.997992642631912,132.605767892597,6.83325796888441,14631.887372181,0.291986784061524,0.0830274432006296,0.692425670869797,0.273659343192039,0.0609982664844832,0.508509184003137,0.173235486564987,0.131589980527343,0.600417313163764,0.610062892271635,7.48283644347892,0.856299386755824,0.391310643804891,0.0658570046297496,3.51541220093244,1.61709617991681,5.79553622793527,0.087896639994064,0.0354046821310426,0.0533300239873815,0.0294757882841507,0.664653981242726,0.59720096088504,23657312.6528376,328017461.584829,50798652.4415291
5.57823862617521e-08,139.678615210318,3.10386831629289,0.041385441860567,3.59086241599944e-06,0.00212365043351864,7.52701910026562,0.880532164879053,88.5958320758071,1.59662722066288,1.08659483245882,1.23337614047171,138.128060198134,5.36089145823907,6862.88135638212,0.334860691560666,0.056703856975823,0.423876991339041,0.141105811138661,0.0730923009281939,0.609182031784599,0.123162009145462,0.105350529816063,0.618816691208442,0.55041159886213,6.96464390198216,0.954236267444289,0.288248666939552,0.0726730862747057,2.14934288626299,0.870578404803512,6.14927996252383,0.0971249605821802,0.0318526850024241,0.00207601413279649,0.000625373916167537,0.993561141107096,0.672044294159867,44226350.7340379,413927397.434251,1201187.78123297
8.10399105942191e-08,113.210208204988,2.90769247275821,0.0126413885281141,1.28362614922411e-05,0.00264004624505267,9.93620085536843,0.677460821604118,30.2735602251485,1.169634258172,1.01226524384371,0.506445969924988,183.56364734074,4.50061295294376,19518.8821052031,0.257628201883208,0.0780579475043771,0.758742220733895,0.151150204610359,0.064738323220946,0.827387775113718,0.27965667358781,0.0489488745890903,0.420618304233595,0.723480408748866,12.7495243119732,0.96576436212504,0.554382163815641,0.143816137325741,2.02358306209158,0.826180438670517,4.97653512113801,0.0683316946551538,0.011499742672351,0.0190454047845287,0.00298468380716558,0.956320652923534,0.831707047068184,40493621.1895348,428823042.505919,11881787.3487434
5.82239313829167e-08,68.140416558877,4.36852266598502,0.0141484562647353,6.69899771992795e-06,0.000379673727260162,2.75313933140121,0.879120287181615,70.9062879574889,2.37841926651457,1.4483360843987,0.848494920263382,124.628037209601,4.07061594744427,8225.49325729674,0.321153151661101,0.0957011829518303,0.450418300886056,0.0777240800874278,0.0355747178536915,0.513973162188608,0.244893835279416,0.0724361922024768,0.688462907416589,0.84589215833662,8.75038952995006,0.955536695352688,0.464036136709434,0.0324383723902867,1.33186231767043,1.65782069736691,6.82386325738733,0,0,0,0,NA,NA,0,0,0
1.69447187194929e-07,173.500834708566,2.66430437502888,0.0150989847126214,5.73106218495612e-06,0.00263189794982916,5.07808731217309,0.688838571738799,52.6641311226957,1.43956027972891,1.19436018613972,0.788719868102208,274.869604546296,6.39581795239154,9333.87500122716,0.419294628862955,0.185407283310974,0.403971023316846,0.200129753694083,0.0669007563252623,1.19135293023365,0.185969655284557,0.0492298279981947,0.804701073297615,0.747468098419488,6.93893358241882,0.968250406962744,0.800510027401576,0.288644960011029,1.2595430474447,1.38258615533012,5.60956180656757,0.110240791255323,0.0886893863390332,0.0983665685619801,0.0858303180472888,0.22142868288652,0.19549392444377,65270347.7312144,613565071.793134,102319006.18991
1.75492483330169e-07,79.6237219738116,2.82028244334112,0.0175939663470415,1.09287597505851e-05,0.000514725631378064,2.54212248910463,0.586056696361117,47.2183536209648,1.13443095394323,1.80238320483046,1.01679343204214,235.088205214102,5.42281257090888,18830.1719170863,0.885526792005797,0.134206918712829,0.706544338934024,0.259355120257296,0.0943487872312517,1.12014876961298,0.391065343106121,0.114064340252577,0.831232103371048,0.534323955378359,14.8552094032789,0.842905485950594,0.423275766683269,0.0545962004018278,1.68500861294046,0.706741086497417,3.01040570834299,0.106278764852428,0.0704685983990511,0.0846646967610729,0.0632914376228673,0.404477105932218,0.336945640110711,29328209.4815441,394388905.513992,67821645.3350906
1.86463920615962e-07,170.417138666974,3.4696295791444,0.0361144908900805,3.2634196368303e-06,0.00181643057616576,5.89655866366673,0.776307728661474,35.9918595168226,2.32919138305939,1.08792928231168,0.969139327097064,243.659766103696,4.37696172320389,8888.02921396429,0.556422437068831,0.0822749560625714,0.493777081582163,0.173821084007189,0.0884931138322331,0.553825982458678,0.134273910832489,0.0501557155459224,0.462665577723921,0.823170769832749,6.17791185949074,0.855794606454463,0.586709400582829,0.0467746846008576,3.00542539721263,0.796719455223126,4.08200166865867,0.116765526754697,0.0964058779659963,0.106832168403837,0.0947612938022954,0.188448025405891,0.17436352453128,47457769.7921813,408976739.475986,69677532.5442182
8.72600039670242e-08,65.8894802485401,2.76915251631667,0.0556424485892128,1.68429173875315e-06,0.00109515700899088,4.76106911824884,0.879914570301094,62.1386470092659,1.11153593907445,0.838310936231916,0.828647630700871,231.524648220977,7.77574894516326,13663.2302165364,0.56481733492997,0.122499561108987,0.792978567026445,0.0789292069869474,0.0497939188995279,1.19531198797705,0.171579165521544,0.109278839623374,0.619320755634867,0.765635641570982,4.9420304840748,0.879046470631758,0.334763493809665,0.037630206161681,3.20506991559167,0.740186809733678,7.10254872948136,0.0422542346392371,6.22608929509748e-05,0.000117819015186989,5.58919168054329e-05,0.998677246972223,0.998526517082074,22698866.7926093,215445571.446872,131027.830145189
1.72438725704522e-07,174.310453642272,3.8062854658511,0.0229043973208896,7.49171407057104e-06,0.00288821401178508,9.59076787274195,0.654668371705521,26.7912006084944,2.44788413582939,1.54268958244543,0.663635483657384,258.961798872497,8.12297598865143,12781.8244330457,0.340372366601792,0.173523908756215,0.775968345398626,0.199758477640531,0.0584570149372557,0.701111262160758,0.223018655655056,0.0522960342026183,0.517577778852789,0.594600933491414,8.59115793636072,0.991656074679273,0.997198647711628,0.141535819085079,3.16522076533657,0.760552753472447,4.41958955746935,0.0916315462195676,0.0699534434324348,0.0749995863357725,0.0662769695546626,0.276701394999386,0.236579035075843,45654439.763118,392043265.650546,61102881.2033179
7.46641361704398e-08,93.4674916793649,2.9088139215835,0.0112823460597814,6.34263893662272e-06,0.000351741239470795,3.49839921165371,0.675639961966152,36.4056239588248,3.31213171647447,0.780679402823483,0.882715059660991,150.060231130632,4.69384824692165,18187.2583328145,0.304030152747922,0.195602350970723,0.589666161765974,0.0821333565240692,0.0405683767190592,1.05110559461204,0.357280589595284,0.144447782044418,0.457037631250421,0.492320095626854,5.25426413193515,0.835209448022353,0.453285187659751,0.0473388071759517,4.41397905581149,2.16481088718018,6.42346269639159,0.0562493173444098,0.0152038299752136,0.0394782169777343,0.000332272270230566,0.994092865728555,0.729706409019654,34752876.6409672,474462294.226472,2930164.74836722
8.19664169889263e-08,146.00104985376,3.8201285669842,0.0513021004692896,3.57561289525903e-06,0.00114357633448333,3.1176830244368,0.803477437486825,42.6765320432606,1.02788972772251,0.836059131838369,0.940960022904589,315.149364367247,7.67722493640294,19126.8704254851,0.309036242433776,0.122322051546086,0.387121472852863,0.091195830147657,0.028515995515121,0.601839084431213,0.292216821338723,0.0941890474630878,0.726924941422359,0.784736149455922,5.70311997591253,0.915714010513899,0.93131106324787,0.0870751797674814,3.03395078177062,0.835025351871425,4.16711716933947,0.0822419821817084,0.0137404695138156,0.0308358187951303,0.00524509156128373,0.936223672847585,0.832926333372451,37833771.7575778,369592764.327717,18958363.52632
1.03252324553838e-07,68.8848003731566,2.49668889500394,0.0574104134298497,1.75190668946533e-06,0.000370794474510153,6.72134669511348,0.732705462102168,82.3256233444163,2.31585271947933,0.778176902878727,1.20167949926285,178.270296521236,6.30582542019592,6428.89879454133,0.931258885203463,0.180761991434206,0.701754225193296,0.11630238273875,0.0477017362348836,0.513384459975884,0.275998649526939,0.148621996254012,0.741944983412943,0.672689227236179,14.1957096246315,0.917057370871557,0.887711037556179,0.0425632127895818,1.51476928464618,1.78507577054996,7.82132357468531,0.100394923365413,0.0290511908429053,0.0747609798196942,0.0103073212077369,0.897332246868491,0.710630877846621,26906906.8274147,277854582.286302,24986385.5411413
7.69998822197639e-08,91.5565398203952,4.31757861573872,0.0182199425070678,1.16962708981637e-05,0.00203405575211155,9.54671462868181,0.796430219974225,28.4633099445058,1.65595378983744,0.781289114377364,0.565066594257583,312.903450355532,4.90270027999981,16140.7112198439,0.469732337684564,0.115219680837654,0.353531316852689,0.119618295630258,0.0345177783313339,1.02622546020664,0.221741469944708,0.0597705802065011,0.37548706669953,0.617772825153582,15.3430472616265,0.892405756296351,0.267176784204839,0.175548565329966,3.71217350747663,0.717016206938722,3.49192294418002,0,0,0,0,NA,NA,0,0,0
6.86136641580176e-08,131.421944024983,2.78757752951737,0.0571124878653569,5.4441772505559e-06,0.000451016931704822,6.41654384443057,0.599053006862873,98.3827845363936,3.3830828277524,1.32625183042981,0.516681560412723,143.734039622474,5.39136458942691,16895.3670974438,0.715961364331804,0.0633111650201319,0.729242576268716,0.172858483779617,0.0651027344287654,1.25343534007941,0.148880440479928,0.064066165855862,0.561129402405843,0.873529379781666,4.54735021039043,0.877747630158097,0.309694718933512,0.108452305126135,2.23371705146764,0.916994581655111,5.70233085580703,0.0963345196783288,0.0130942073821518,0.0455583290048079,0.00648834106441737,0.932647808012303,0.864075645719989,46250587.5343825,471708508.433459,11090759.0054578
1.54874284836686e-07,165.595097561838,4.07578780451512,0.0493588166203526,1.78065529069935e-06,0.00159251362054042,6.98372703422725,0.809509766815419,62.9280218023563,1.06155565660529,1.12608028991724,1.09138213251623,209.47195585526,4.63280968690042,11631.7201766121,0.404494013350429,0.195767355070765,0.321829221627389,0.291830971378306,0.0924388931179555,0.727846498874092,0.222206316886538,0.0933960015895258,0.685419823820356,0.721881978576468,14.9511030606368,0.905735025808766,0.344880095696672,0.0789456900053283,2.62372686326736,0.683026442589109,7.4177198925854,0.11659650628123,0.0902680887116804,0.102466265691452,0.0868252934400278,0.255335376596916,0.225807945789095,39937881.5666181,325685583.378503,56789500.209188
5.24436087777523e-08,187.471623942686,2.72582550465992,0.0407271503082045,2.29379936766146e-06,0.000792542837548779,8.52076484827284,0.562453190252333,39.4733361199569,1.11316008989241,1.26883513548204,0.532465587524536,271.022127726162,4.72081760091431,12899.4698487048,0.719214894136005,0.13056555223155,0.331808550616496,0.138830335175161,0.0255666612621695,0.651334095376584,0.283276761137976,0.113065666241968,0.404131910683794,0.496755201803709,8.47561533694165,0.863289445657995,0.346473723678816,0.0553735655855502,4.27248414753865,1.32789602475672,7.88700908350685,0.127281234375086,0.08121628091411,0.0919187460848168,0.0457654034799031,0.640438720565542,0.361914729120453,69031131.1237359,757940405.739704,140313092.957767
1.92388007988676e-07,50.8384554679723,2.45641808627735,0.0142082107576339,1.89731664199711e-06,0.000761786443579785,6.89132845141868,0.707850851449086,39.0340308230327,2.14955675430441,0.856652947958011,0.557661311727926,128.641862953901,5.19846445937569,13155.8241958415,0.868265665903032,0.165166890099449,0.543839247553029,0.0798484341423314,0.0747150246547772,1.18381434810366,0.113062512480942,0.074915944725653,0.755697717698574,0.871840709724216,5.19849776336648,0.893902992816575,0.260905572202197,0.136253916447131,3.89400266035026,1.84782867283655,4.57531293500969,0.0688189858378799,0.0157345243039112,0.0303325071709017,0.0136264023347793,0.801996466979626,0.771363612637685,21747387.2656973,293143854.738819,26273811.7101435
7.15376265830749e-08,110.322289186404,2.49023935016164,0.0886398792587016,9.86564735046899e-06,0.0021944249026361,8.20631677761433,0.844438731528648,43.1459597192164,3.69527620201553,1.46300042262266,0.63796544851447,200.525238252545,4.51752356116122,6614.24796637723,0.497175553087341,0.0718707636453956,0.586618660210913,0.0776215613718562,0.0849789501579842,0.721616447549924,0.22068351572745,0.0628135343100222,0.640588012329158,0.534826623067708,7.93648934998807,0.904475350827824,0.26191941837743,0.0257065993801647,1.55553301018575,1.25966746628128,4.63964411360608,0.0749418509363692,0.0199953166202404,0.0329102106807184,0.00236640881485505,0.968423400472664,0.733188914199387,40030469.0706481,303849536.979289,11300199.1677585
9.76347276880121e-08,77.0117600031824,3.2899504462022,0.0817356905638526,6.95458808325457e-06,0.00217401355925756,4.49366097470375,0.63729311474233,31.2069585110214,3.79754828274518,1.76996615681194,0.829075732146895,122.629789202417,5.68761706410192,19470.3222410947,0.268866382877919,0.118801277901837,0.756094155487834,0.133615053811833,0.083620993101602,0.983252616290219,0.248359937764507,0.147611159810931,0.539366599744234,0.771896278087175,5.65061726341918,0.889188188551043,0.330379671772515,0.122777596477875,1.64178850971924,0.604012434226404,4.83725517551796,0.0365672757097525,0.00228451703385483,0.000466248652863098,0.000150449675779222,0.995885674476453,0.937525643091712,21192176.7385779,164925775.368094,489468.289070017
1.07737035858659e-07,50.2489408308656,2.22857522462917,0.0324577540223045,1.10845480648453e-05,0.00128333250536555,4.31842748483692,0.729673547550521,30.5160913330211,2.33928312398949,1.38413777405997,0.900333110113588,221.651732831223,5.39957584084261,8095.19624193087,0.91704493945929,0.0690261152237763,0.350009957828464,0.11407884506062,0.0670140940616956,0.905221252808991,0.109437710891342,0.119902105207173,0.853492890192773,0.571273116705023,12.4591105073405,0.930109958999451,0.626331963811614,0.126319009504876,1.21426869577302,1.5075929517957,4.6898866693672,0.0972403383318094,0.0311299840088781,0.0540888921213466,0.00070559476122691,0.992743805982871,0.67986553170296,22664207.2418099,241217450.378582,858215.682524877
7.75002593668615e-08,66.9760802648257,3.74264901956601,0.0132334028707286,1.83100534516181e-06,0.000484512718546357,4.1167521507101,0.731492165326198,38.5710788382132,1.73109634033146,2.81405398406602,0.609118348392022,257.205612055704,3.92016989961633,10888.0193674797,0.378033645356402,0.137125935619872,0.731712262916993,0.130852823161273,0.0795000140395466,1.06834196613805,0.38252253194118,0.0443540234377389,0.661413164146739,0.75488506611469,7.10036700289407,0.979853005346278,0.376631371389304,0.0605305579845326,3.35223778193143,2.06052015578193,5.26411567737027,0,0,0,0,NA,NA,0,0,0
1.16660670212173e-07,78.5860556861539,2.40710612233447,0.0212646512520668,3.30321488483996e-06,0.000751910556981125,3.13458710531781,0.808693473572588,25.8612410133869,1.7724379854306,1.92486112002206,1.04665158988208,132.376772670513,7.17794806344356,7141.95239978541,0.696507731622974,0.116826417971589,0.410661903823451,0.0889789376497422,0.0478942357813352,0.593952996142264,0.393045942433908,0.0409053931524716,0.788908719648047,0.535737508378803,11.4573108276372,0.894175140139877,0.470025574732934,0.0364257214755614,4.58255979068149,1.38076393156059,4.74630455303945,0.105277898640981,0.0412955492721591,0.0510409355799876,0.018543783080282,0.823858727048494,0.607747211853217,33848876.3190268,432186881.165138,66997987.1705554
1.46434463946386e-07,119.663882558789,2.19901320322633,0.0317659480273555,1.73473549531985e-06,0.000503360563523867,4.90451355675963,0.768749598462699,95.2504694874941,1.30435832539194,2.67843896136647,0.856266118144906,303.384519576517,4.61169052929413,15653.7042009861,0.330703330778367,0.0715585928460546,0.73546527482145,0.125512480323315,0.0306518888961196,0.762669672715578,0.119105305814275,0.0726285482517556,0.490988649825563,0.798871423555045,4.21184561296573,0.868519898172319,0.550533064656416,0.0648344312497802,1.88816220125254,0.665520082324719,7.48303250387246,0.0836357791065451,0.0507230100450053,0.0639048246954057,0.0484248955649879,0.421002636882254,0.393524989103188,54158656.5561171,619219894.034859,94937136.0117289
1.58688409416208e-07,118.895547194533,4.21195582325592,0.0298787355815137,2.380766259257e-06,0.000781046212859797,2.94732809964786,0.620939858981251,49.1589076804198,1.35602346872689,0.954930155772925,0.664507150721985,127.973077884844,5.08718682919437,13420.7082042636,0.783305756850003,0.0999226825538326,0.336590566754039,0.136710376544173,0.0878680859301685,1.03614940299259,0.338333138465565,0.0412601727404418,0.731684541376145,0.584124547615977,5.41212534509068,0.843015559837545,0.495465779165489,0.0532874977997198,1.72818940644082,0.801277990904679,6.5874196100966,0.105263086536056,0.0621945312058556,0.0802668246281819,0.0561328842029021,0.466737238569622,0.409151553003797,28887709.2999101,328520849.226048,57471169.6940916
6.3531374341567e-08,52.8974224545812,3.8091609480642,0.0167628141461119,1.91735474693357e-06,0.00288265960093168,5.44495342773402,0.604482518657641,61.2769927470796,1.69587746180357,0.85940592844951,0.531924704828949,174.362486777703,7.21110608010221,8535.21815482214,0.718096760566545,0.084439709785488,0.486450000022176,0.180509711568907,0.0929839946725027,0.733846333647917,0.125191483954188,0.0738993183002515,0.556080243961507,0.535495096055823,4.25720789852914,0.927306177011314,0.342350869111484,0.061368280346167,1.52540798429611,1.21203458889146,4.63620991168933,0,0,0,0,NA,NA,0,0,0
7.08828923143869e-08,132.114820289263,2.11085574537461,0.0340156491282913,2.56387623031196e-06,0.000527362062120216,4.96606066512075,0.881093075960396,25.6055840844987,3.64709024885768,1.50539899114475,0.768034646619227,294.221155939227,6.85113620368037,10780.7427719243,0.261103764397804,0.0524449921620036,0.703285348596815,0.272108052720668,0.0958010569163701,0.742056168603151,0.128789166520272,0.0883616889274117,0.644963534974876,0.607351858368638,4.18162835932631,0.847809059417647,0.40239846279443,0.174529010508109,3.94212124601199,1.80892605259157,5.23915698271095,0.101375966047381,0.03416044260267,0.0564045447622589,0.021724118869691,0.78570740465706,0.663032137353896,62912899.279363,757987702.447753,113914766.579232
6.78403648448158e-08,168.987685186531,3.73784776640716,0.0599933286902923,1.68853317919736e-06,0.00151107274509465,8.99073828753444,0.690532743677074,33.4440908760613,3.04117771376262,2.45799611489683,0.491549133648152,148.803283708362,5.27585293051599,8430.94755890984,0.36057130544131,0.114724509126286,0.715864941019178,0.129386414244613,0.0695462283245617,0.835827177093314,0.220151729793854,0.0997079521991282,0.584257755469126,0.653698372837549,10.6926736138589,0.945860020816927,0.961517519056007,0.0320504658680242,3.66075507102264,0.950325238166776,7.51700226197598,0.0748449966604873,0.0158004279184827,0.0315797670309303,0.00415914658490393,0.944429864780799,0.788891327096228,43937308.3789593,394503666.090058,15465948.864804
9.2573310484457e-08,88.9297844521442,2.61430637795125,0.0130218663288841,1.90229329511174e-06,0.000376397601268674,2.85875587357578,0.777555187069685,37.2162364416279,3.97572777478584,2.26035718194502,1.07669306761843,195.339918961934,6.41334160291519,8196.6505700542,0.539881011164155,0.177412269111971,0.66359456035186,0.125395580836105,0.0949426682345989,0.486442950430947,0.176654022681253,0.0682739805020929,0.414390360402416,0.74331439737475,4.60770317255829,0.847915167294733,0.45093487814682,0.0724639173541399,1.57345232701875,2.19823478499913,4.91294278456925,0.102728962772124,0.0270749251471404,0.0776717441320389,0.0184923148653318,0.81998927696416,0.736443117729138,36320817.5982075,512732461.952434,70381071.2245773
1.67545791158867e-07,50.2892312391979,3.48452570237263,0.0108886271497023,1.33020439967824e-05,0.00152718627399722,3.51709776807446,0.607878560580124,59.8540244769667,3.66140658177817,0.768198928928942,0.547256403350794,185.769682762746,5.1948244255844,9940.32066283411,0.413694513373874,0.0538335568430483,0.78757258541191,0.0793969041644974,0.0781864637464749,0.6059751676802,0.107627513318603,0.0632345235519625,0.605009935614615,0.825407022364765,5.90437639171134,0.916834758807338,0.796450908076979,0.211228600406954,1.77401231931498,0.874756156742243,4.41563867703086,0.0401498422806876,0.00341712306300368,0.0156915867280469,0.000555079484599169,0.986174802861775,0.914890747537324,15324069.9448154,183704417.811703,1959500.66797759
6.93138839646587e-08,73.9622970434265,4.37268059661263,0.0129100451803472,7.11119640485889e-06,0.000377691178940348,5.81166472651488,0.642560290815495,39.8490916669977,1.25081455596502,2.58166160219771,0.679377019607619,123.085542337972,4.86808287634656,5853.10463386798,0.654224056652447,0.128116682303543,0.760096207589097,0.122194128513346,0.0721714156795448,1.09583106779156,0.182561127604657,0.0896158017596948,0.462091658754921,0.899770702801078,14.9805104883061,0.964244466704144,0.569403880806629,0.292901460160335,1.41576393613152,0.618968687996897,6.55839193585646,0,0,0,0,NA,NA,0,0,0
6.005322935024e-08,97.6495214474098,2.17417775263964,0.0831629447277114,1.33570353867326e-05,0.00114623544418998,9.50455125553187,0.79414631720982,30.9114701476869,2.52143389024951,2.623030026043,1.09700012218828,219.355477518455,4.67389473310379,10734.2649244015,0.664402213004115,0.152111129276974,0.428186950610081,0.22232938335508,0.0606523860596357,1.11481921597267,0.273136926375838,0.038283260592908,0.498927595141468,0.626826061510675,9.75554972141788,0.897859070298144,0.999677342727856,0.28381932461732,3.50383798881734,0.763179852536531,6.24437247230767,0.111078891903078,0.0400172207301498,0.00519842628727083,0.00108294957140147,0.990250626803638,0.639740547960571,40862543.9215956,342989195.436357,981655.422678463
6.60594339736987e-08,118.552763757935,2.29731653094303,0.0202573217872321,2.61636641386522e-06,0.00165534555702404,7.26122004099248,0.802312746851203,64.405640829909,1.29277970885598,2.7199557105905,0.970530345318577,185.543207597361,7.57321712638491,17303.4258513289,0.328468724340834,0.0527200768776183,0.768289170533337,0.237696970023374,0.04512664608945,0.656925237423239,0.163786464789476,0.13285826639241,0.566828687881366,0.587038567573267,4.98294568153808,0.873617353190789,0.291839292354558,0.0398660229601826,1.52412504137072,2.18524382156141,4.28414163482144,0.100765012285084,0.0334362772760886,0.0641805475052117,0.0213752297326091,0.787870519261841,0.668175723717567,53075888.1647297,602140787.49603,115557715.676026
9.90288231139898e-08,92.3057237524175,4.09034686192811,0.0326269414753479,1.93157238696646e-06,0.00111061915292765,7.17657706616496,0.695673063379783,39.6893656742402,2.98981211337517,2.82054413651214,0.851858505967082,140.892878491868,4.77294412937215,18898.8344346291,0.570303285334962,0.104524971939943,0.544488594255471,0.102891895440282,0.0385154041665333,0.652929136236178,0.200237064963696,0.0842885068280392,0.900901130865933,0.574611484801432,5.48603435065899,0.888058282947327,0.479480436165596,0.123674439793913,3.92651074616086,1.16882262951817,3.71270820780912,0.0775821732133792,0.0187660616339586,0.0103607219191995,0.000525614410282052,0.993225062040523,0.758113741125231,23003077.6815357,251194780.538091,1040150.99925716
7.98499925428343e-08,56.3672297071811,2.81620329691869,0.0162139283859952,5.0185742067307e-06,0.00137463652283183,7.6405177228065,0.612972866093868,61.9709780516502,2.88562883464804,2.57792299793927,1.19843085220676,184.268695362622,8.05819997951865,9739.8855969585,0.435876384002982,0.188892088904155,0.709305389271278,0.112339745961592,0.0915971202194656,0.490800981401358,0.101933862285064,0.1043773620059,0.432639188987235,0.780514682503723,4.81197168571401,0.878168434780982,0.280921642933819,0.172358846717939,1.78898446432175,0.721604427940309,6.4152632799987,0,0,0,0,NA,NA,0,0,0
1.40401732021185e-07,101.333123229918,2.97283950231685,0.0758398012660336,8.82964493580116e-06,0.00119285652377925,4.80923992108762,0.698558428134387,44.1612247429085,2.07891670877065,0.976594372886691,0.497765588526973,203.014913294223,4.59029112061404,5678.64131397379,0.317980974798479,0.053172710632199,0.375753911703243,0.216159805560767,0.0436502596386349,0.493247267373041,0.178848041468512,0.0826226536750237,0.817088605829119,0.497283117501783,6.50851931727817,0.905135361446267,0.662846857310242,0.110555198729377,1.31573230881488,1.63194826630472,7.0182053717562,0.101887325674818,0.0508005376178683,0.0750616039671551,0.0441897160798699,0.566288389775731,0.501404740173451,32428579.3673236,259864038.590564,58875301.3105929
9.93239659563831e-08,168.442624274279,3.50670733259421,0.0221013164543452,1.85223907126479e-06,0.000479109026378941,5.12038899873112,0.610884139608257,43.4249438190607,2.53582790072298,1.81348569353506,1.16628808974472,317.891476501043,6.29746295236031,13629.3603769924,0.592845205798942,0.0821187418656331,0.466138205027733,0.082674948622335,0.0268695409266925,0.936023999971656,0.361024588149097,0.0446438153573366,0.477315770566381,0.563440064728037,7.65821442846537,0.93526432342301,0.458854056863033,0.0247911010243329,2.0907342467274,0.780516139130108,6.23991283406022,0.0973802333964464,0.0520977611380574,0.0652981889954937,0.0449032153945758,0.538887782166536,0.46500681584977,49735305.7932347,645300257.580784,84724631.8595653
1.59914532024527e-07,56.7020200263156,2.98148051053559,0.0315911804386525,2.10941663004008e-06,0.00251435188909698,5.80382512659059,0.898100384067135,38.0028943403908,1.75612808931809,2.41062171862827,0.653550872341365,298.5348354867,4.4667599688904,13190.9138528439,0.285566500061751,0.171672205237263,0.555455210568889,0.192389758623152,0.0676966965275173,0.805954392053976,0.318935440833362,0.0888584917651348,0.639206870195159,0.823786057907108,7.29846105308391,0.912403186191404,0.31749475446219,0.131351208311318,1.30280534498116,1.79929403432481,5.49826410608578,0.0608345356677628,0.0061985329149862,0.0261607939759954,0.00349542783729726,0.942542047885646,0.898108322074842,19115756.0352452,182590140.72476,9787921.20671032
8.83919691443194e-08,95.9868119306473,3.59709154536566,0.0403633981702361,6.67694128122139e-06,0.000835607667683922,8.19076912451332,0.626207093422845,74.9216812092464,1.29764301184319,0.824578560841746,0.89824225060714,125.997841131391,5.13064638287335,14954.6140256201,0.456484530933458,0.105962325595617,0.574300318828938,0.241617371838922,0.0377912702325825,0.48707952449911,0.380979346239646,0.123560469737741,0.402979973010327,0.728062042270372,14.0322904083838,0.865765060487138,0.967088878465451,0.0381272863999379,1.86876051367504,0.938138330067842,6.69092889443081,0.107153496208468,0.0297195442744378,0.0737101883035913,0.00139725774443103,0.986960222541758,0.722645127540979,26919385.8312765,289691161.246421,1439137.759699
7.63579673726169e-08,55.2287065220028,4.27991944617682,0.0456020266907805,1.36118730195933e-05,0.000605854088116665,6.32960406222527,0.640670907418349,30.3393673343619,1.76218091836792,2.29228923224166,0.67717518573615,282.78416287356,4.43066154372097,13316.810372128,0.386289330821755,0.073776205175785,0.3281934081387,0.173428677736228,0.0864280029548998,0.887811336142331,0.104400225216837,0.0691076151304626,0.414840552094632,0.776609834766882,7.53758657235198,0.991202362926199,0.262596604175514,0.0277213185401576,1.52246266508129,0.73700250094136,4.45905599369142,0,0,0,0,NA,NA,0,0,0
1.93295534392969e-07,198.817441538873,2.15266490638175,0.0263223285488209,3.9604292152754e-06,0.000356862118124346,8.54674376793749,0.628106194815708,93.0435941285495,2.57210504232916,1.96259811204811,0.929113988812087,144.84523898336,5.6456220600013,16751.711126145,0.776485673725132,0.0536928993932358,0.645198255613398,0.0762942362076711,0.0282157497309701,1.07328454723832,0.110831975692913,0.115175513393148,0.434422634263924,0.544948894167146,14.0022553216964,0.84069783841957,0.397697545055672,0.0612905296247924,2.22829554200165,1.57183124015144,3.48080054619931,0.106608794559959,0.0908850746259103,0.0977433511614081,0.0871927762062372,0.182123983615645,0.147489895171877,89525121.6991045,1036453888.44428,213856015.82892
5.74767101528493e-08,68.7484324510251,3.14284195075629,0.0384059977455462,9.42972919923728e-06,0.00190325218581558,8.80957574029654,0.811083723521874,31.562431424119,1.41911328125434,2.78404867301804,0.907518664659485,275.488001082829,3.97091708483396,12766.5047441738,0.337529098560809,0.124253123262042,0.584185036878327,0.0754952051820496,0.0314713343775967,0.821661900281311,0.119278736755843,0.110228967944686,0.586482254063387,0.85578576451123,5.0195965287081,0.937689976254852,0.630396799159686,0.28195755604628,3.72117512690501,2.05400297302661,7.04513267416272,0,0,0,0,NA,NA,0,0,0
7.83516171134609e-08,75.6242662731153,2.58664143262453,0.0117640362660485,7.75629944079792e-06,0.001089608865691,5.98062948420669,0.798635103240246,51.8500206045707,2.97687366779185,1.74342503327562,1.07896756031837,130.774809511899,5.33560799109663,11323.03865296,0.990838460137626,0.0938159564881581,0.550042160306657,0.109727813394199,0.0409668026615383,0.904466655094076,0.114521104509797,0.123720465125158,0.745480063457021,0.773855697500719,12.9997970843331,0.95447149113234,0.25907300762633,0.0410341708987189,2.79593703710023,1.85613763641911,4.79010970745322,0.0987921704799522,0.0176994846909802,0.00110454683369049,0.000444860027916584,0.995497011293958,0.820841220463195,31058635.9454128,376319954.031822,403359.216374962
6.92131448628785e-08,59.4384858259482,3.22513919821014,0.0723383438992473,1.17979460332929e-05,0.000559863527400844,9.26984866936365,0.682198918963982,52.2724669520083,1.04145328301016,2.80887000289346,0.730244000458649,180.773045722754,3.86747171908787,18480.8532319809,0.263530071925479,0.1821411992468,0.354414908414119,0.0819896986352655,0.0523350371974324,0.902580232771337,0.178695264135624,0.108447472296168,0.439297480360057,0.703339038669382,10.8988195430004,0.999,0.441506075324671,0.0515934363746152,4.54420699210526,1.06038670827692,3.67563348133015,0,0,0,0,NA,NA,0,0,0
6.21373611508412e-08,54.0739618225713,4.09324378570639,0.0109164649569703,3.44820382534744e-06,0.0024048229992432,2.51638832779577,0.64023857175839,49.3343008960907,2.11591647693788,1.80556424537741,0.855290807841861,182.19070057811,6.28207806248314,13544.3948826024,0.941980636419178,0.0829114044352713,0.306353086309253,0.170178166818024,0.0968402737686429,0.876182508672193,0.279876309716903,0.138842992667748,0.524896615316936,0.786470615091072,4.99566239142621,0.921323404774555,0.46668627607286,0.0384713902472623,2.23732331134259,1.04688580510542,7.60953417060288,0,0,0,0,NA,NA,0,0,0
1.11616406348751e-07,122.248035208361,2.3811421128957,0.0102234276610679,3.00934680054975e-06,0.000522960295522365,3.6809420567545,0.664410944723891,41.6693812127993,2.81219940917513,1.37795346322249,0.604333181205847,173.520545526428,6.76655119459892,10451.3939240482,0.561183058910424,0.085672279452932,0.430267451226006,0.159970829635858,0.0461090092074565,0.981600602736254,0.156644706902863,0.0491110291301785,0.553561964040282,0.508875157208115,5.89387474682652,0.901191713525981,0.866423527863722,0.0409734267095693,3.34612203493058,0.621468914976985,3.19152770241489,0.113339790891406,0.0720264366174186,0.0871984234475729,0.062300791924933,0.450318450078796,0.364508827385879,53757739.3755062,777751738.987089,113308251.554583
7.78850244584118e-08,145.087172298096,4.01640692558899,0.0219986122593865,5.83922454848836e-06,0.00171008834981298,6.34452648993176,0.649264361896057,83.2481704868685,1.97567151055442,1.22329822670849,0.712806003764956,177.362232121295,6.1488313473911,10826.0926124248,0.756868708291646,0.121604685797672,0.51296513770591,0.152020966983837,0.0319263423755485,0.76605566756212,0.192758393060842,0.0655636402348278,0.402560421991172,0.771531717563084,4.82752356648273,0.979544387685881,0.502376043125827,0.197134572858083,1.29819837994177,0.831372221595982,3.25579909352224,0.110657293547804,0.0313081188587111,0.0528821296233834,0.00733348355462404,0.933727969305015,0.717071348350066,37481554.6257788,414661220.680973,7282668.7193887
8.12455554128955e-08,191.247734763874,3.11151585650678,0.0624010430570575,1.16612115843825e-05,0.00282443208157593,3.76277592171237,0.727765966673532,55.2877972997972,2.46324316361257,1.88799705620953,1.18354312873427,279.014551757059,4.08318223487125,9219.1674959142,0.372523371553053,0.0785223459680237,0.37832005997435,0.176450144086265,0.0749355605468926,1.13466384181935,0.143169733390829,0.0599455657242616,0.421571419558474,0.821992949358193,13.1904960836913,0.903806657623906,0.428899704686406,0.170445249501617,1.75193464147566,1.63637778297362,5.55795007027584,0.101688179372078,0.053400231932238,0.0749106599015067,0.0501795977169344,0.506534603856688,0.474862936262766,59205620.5862644,455659939.087091,82128742.1779042
1.48441227663378e-07,64.751670589746,2.19436455433219,0.011643319189629,5.01955340181673e-06,0.00117021468318577,4.4957014961972,0.932161831426652,43.047401513213,2.01941574875467,1.38959336941992,1.13323093542657,161.660759548646,6.08931119929328,7963.06642213124,0.438011506231044,0.0886204394344217,0.333327106527231,0.17111624417619,0.0837452036531386,1.13052112281754,0.165104935484461,0.0516293500761682,0.485083084128362,0.513026292381921,7.94598030106829,0.869551355127793,0.768620589249012,0.130933326153306,2.11687776284192,2.10382037880016,4.95156961208418,0.0962228145135904,0.03535918881251,0.0562194693100726,0.0247972830395021,0.742293102058455,0.632528013327692,30881522.8039896,402215591.656886,74311918.1485274
1.22611610064304e-07,136.854005295844,3.97882693843909,0.0199714955090759,2.34204254539933e-06,0.00201368568767708,3.24331843596397,0.733667640613352,37.8286404328211,1.32573838806904,1.47249912602439,0.868547368940036,200.892765966476,8.00487778552668,11149.8922372581,0.812027517568911,0.0928434330965099,0.4466043569643,0.195086999591965,0.026548705711092,0.891416898516392,0.209356538822493,0.045625498474224,0.38160046837224,0.670549850187613,4.45230933326999,0.893254185071635,0.251905473831763,0.0768244072776664,2.81713120322786,1.82432562918653,6.19468158486118,0.11586165916125,0.0715119039753463,0.0898655517674935,0.0643849008156411,0.444295021478728,0.382781979016716,35476943.2546775,380479124.662988,55567862.7773537
8.61971896720824e-08,125.591915422509,3.00474654135427,0.0158676966766252,2.05180420273325e-06,0.000441148734933148,7.33403356790327,0.817793292628775,44.8828318229096,3.04413816228511,1.15669078908307,0.840008213207179,144.25067217153,5.43762913270804,7363.03661130533,0.266044467851661,0.108614243261108,0.694372838321203,0.239894449228856,0.0326277536954111,0.723708861120521,0.153478824912756,0.144623994944027,0.655964310161122,0.759999244270945,9.4918412181093,0.87982155227583,0.274140068695689,0.0202314359594699,3.42982633724575,0.69668514070987,5.20590377867075,0.0913946866626636,0.0190225510571113,0.0380144763673049,0.0127743236792138,0.860229033594003,0.791863709459137,44124560.4058193,614253594.549534,46232014.0408966
6.50917264244067e-08,81.9756651386794,2.43778442975879,0.0179637140629454,1.922768945336e-06,0.000680821014680134,7.68979516301199,0.811941842549386,55.7567791562916,2.06192862168045,0.965705097067864,0.714344555573763,286.261517968355,6.40551183491002,10126.3929262276,0.815694616575977,0.165187616082587,0.43224895028165,0.0858741532763444,0.0986223566785536,1.01566539634922,0.33185857099708,0.0376827336489301,0.771948113435373,0.68221876730784,12.8506716504058,0.855129368649575,0.767527577168625,0.226117984553703,3.10647142686586,0.638734721804067,3.17169583384436,0.0952638049098532,0.0203574389462883,0.000600617875173179,0.000189367869273486,0.998012173989348,0.78630457847498,35432715.5829969,423546235.749357,215903.191883801
1.9082595631599e-07,149.319704298635,4.15757876342451,0.0597816812433733,3.54576736304073e-06,0.000895865141834986,5.82404904416078,0.581620015984352,41.0272575489124,3.32131319654322,2.15212146641339,0.516484342278563,293.855598446997,6.61401383943276,17487.4725887151,0.542946498243765,0.0894974459153404,0.672462897224201,0.299908069024167,0.081059263759714,1.1767347938273,0.318640972533281,0.0400803710194433,0.56314671392033,0.733901332457577,11.4929443824751,0.869341226773691,0.480983284632848,0.258624823804624,4.16161077833378,1.93065141997707,6.89493525268108,0.0978368934420754,0.0774231235028201,0.0860144163613031,0.0750101790435907,0.233313973853833,0.208651043804261,34229890.8985634,272684261.870793,49426066.0049331
1.90231316797859e-07,91.9903307073089,3.42595148524293,0.0221827125904617,2.20005313539229e-06,0.00192041423213356,8.56555099471752,0.64327271732057,42.4754879271087,1.17309556730419,2.0138394324224,1.06964161477554,135.477619037583,5.70714229645831,6231.18947520755,0.948988547906541,0.0577994018032115,0.625432479061076,0.275758397117804,0.0386296789364831,0.51707608831687,0.149286465823965,0.0497091085834308,0.505706417742914,0.585574064404774,13.8580371906932,0.972470971545648,0.287866477731619,0.18672775397397,1.4610824289266,1.22062720352589,3.72651524191602,0.120298674879014,0.0923841643329822,0.101923832101871,0.0859007292450406,0.285937859819051,0.232043375158583,27529757.6081269,283138970.841371,40685829.2306138
1.8013796070948e-07,98.8606228299817,2.35545689887176,0.0472548568564497,3.35402107707979e-06,0.00168427053303234,3.26795175588051,0.936257927106721,28.323934720691,1.5108298488003,1.21281167200237,0.779658523787864,310.509686929032,5.93254537845276,6185.71066677727,0.674042391387896,0.0916808300416373,0.556043513541707,0.254277606553503,0.0660697698579191,0.893746679170449,0.136615193697243,0.0569259061528033,0.752292007715539,0.55117398925419,4.38534867142533,0.975889071948312,0.285862513061273,0.0511656880764404,3.14620737867792,2.07500958969505,6.37596263618304,0.111719952130755,0.0886751313557734,0.0964989372446646,0.0834921290503502,0.252665907405397,0.206273099258137,40640176.8095784,348624970.362988,62761544.9827072
1.00683690853665e-07,65.6402224624518,2.45721159002543,0.0278396320802967,3.56600297538317e-06,0.000856018894445272,2.87702209906092,0.867319457453788,51.4353624637408,1.2007765874188,1.21530981665328,0.483078097062024,155.405662598835,6.18995990494568,15805.5475220491,0.585427680378697,0.176074219328412,0.40847328654919,0.295391152997772,0.0987202329171689,0.625505739067699,0.284986678128282,0.12526930855004,0.383719031109758,0.818130913462611,9.28785560514612,0.853073080368287,0.935676788538738,0.0415483581960505,1.3843355187707,1.64090764608835,5.57056262517327,0.119058918349106,0.0345839976917371,0.0990503083446581,0.00377283757966313,0.968311172048444,0.709521989857749,27472695.3682499,320721411.528664,3530308.9029165
1.30428544070517e-07,60.2723295232537,3.51150693099445,0.0114073079645206,5.61553779052555e-06,0.000453922464760396,7.03420437098374,0.644829863877016,58.7058412542533,1.70884807781566,1.5567149949175,1.08017501543562,264.745626287762,5.41212535759399,19885.5867486878,0.425746180366673,0.0749241050019179,0.300693846352973,0.0949801280725021,0.0526048682950918,0.545886066814977,0.310272994369593,0.106662698860496,0.839908689873778,0.710606546843994,11.7345647830574,0.974696207057284,0.570937461354815,0.250492402880467,3.31624969656686,0.703420394465014,6.65251141295144,0.0846759397251775,0.0175596754072088,0.00175095480978939,0.000510485052064795,0.993971309279571,0.792624971577521,18579310.5192895,252367354.26657,719890.221713286
5.77615831705978e-08,51.3927073977342,3.72229461787487,0.0776923821434692,3.94851073859339e-06,0.000625639942919583,5.31149265626027,0.60536588631931,38.2384983882739,2.33196070071981,1.03183204740005,0.906499930393427,133.390204027055,7.62345427021153,12995.7773351895,0.44605124849603,0.0546536967451767,0.482411915610329,0.12866543013112,0.0892715608723133,0.505666876333241,0.384426514468667,0.0915499329799586,0.371254166444066,0.506933540621807,4.92289080809895,0.977788709653435,0.514013691619641,0.0218909027657874,1.36333344529595,2.35080778634483,6.24969529490832,0,0,0,0,NA,NA,0,0,0
1.17043118004178e-07,107.647539546536,2.42387113676609,0.0142377408328986,9.81495797989797e-06,0.000902906256848824,5.13313448032436,0.718957195554383,91.6582641262178,3.51212131121071,0.877295132265144,0.616467327967553,287.592088577221,5.29930757391822,10371.5118586609,0.37776238933249,0.155636880763774,0.731338476112388,0.0846658504757731,0.0444775162853087,1.08248083286406,0.332698126950363,0.0550461707056831,0.720875391476524,0.890935442679336,10.9746234157141,0.888917123844608,0.338487112572072,0.0358484059340073,4.15617406388458,0.768576033929416,6.56452215477194,0.0640153679282336,0.0229224060512659,0.0359970685609949,0.0215211585144249,0.66381262482859,0.641923388193851,46148009.0545008,609760806.329642,66180299.5779598
1.7916714196554e-07,56.4686875963426,2.52855427300991,0.0246738077250809,9.31999469798635e-06,0.000579876651737573,5.34275218790924,0.890961072642634,39.800041103017,1.82474235749999,1.56000379544587,0.597180218453621,122.188575284745,5.54705130057179,12130.9212603639,0.342940714410748,0.153844633935285,0.515667441763606,0.190903691486155,0.0412994292949895,0.561863936569278,0.128676193822751,0.107119029288928,0.373966961867677,0.688633788615096,8.31627497277953,0.895679129290182,0.378402795844448,0.140786743242347,1.88279362551871,2.28649898629091,4.14790257241191,0.0887031589722277,0.0242513620337637,0.0453091333849046,0.0180613554753236,0.796384303731748,0.726600920251819,23000230.0382646,293033829.1193,42000961.2515029
5.21800322754006e-08,70.3424172178884,2.68102690059097,0.0116993255451241,5.9923744148991e-06,0.00247038111226749,2.71663299601582,0.638710746523514,98.0604191663055,1.50252727869511,2.39545386498098,0.72637595883708,120.631126124383,4.09769655132408,10495.2662687832,0.761546418177146,0.0604047839516449,0.776850042644099,0.130485360694848,0.0881366679477283,0.838190709002921,0.309352892192047,0.0989330600396958,0.953905596779798,0.616523578203501,15.6584152104847,0.886972522581105,0.814219311053011,0.0955932979757402,1.91068136320424,1.59398170423819,7.0838889286313,0,0,0,0,NA,NA,0,0,0
1.13345227766175e-07,92.967915474577,2.5710461964539,0.00994388871778168,5.17896219446135e-06,0.000890874055643649,2.54007767320176,0.620500786417018,73.3387625187659,2.91419552386154,0.939518365641604,0.964636686913565,147.282726842064,6.07475019085423,8150.70677364687,0.546139684407717,0.105406371935699,0.791941919082961,0.109500455743891,0.0954192008697064,0.578220569028165,0.19742873990686,0.103058621948968,0.615266722963502,0.891323624542861,10.2816521004778,0.978640095302452,0.532706957145428,0.0279244160663453,2.00501140713074,1.05757753620883,5.43042265921255,0.0911363068372816,0.0218818913001966,0.0405587880482125,0.0186728144491542,0.795111135208788,0.759899297441739,38261281.7580937,525089974.727369,37846991.0093246
1.8376266695634e-07,87.836136663466,2.47234006076503,0.0206625805497537,5.3712431579379e-06,0.00271727311662789,3.34578914725867,0.79885207456423,47.9030086071065,2.72627261798911,0.837561558940999,0.6209047399275,134.00208061093,6.69680063938015,7239.8735378669,0.355130923116682,0.0803384317648957,0.644501472699185,0.263267160102541,0.0496805725535368,0.804904194252751,0.252483125313412,0.0521339665144664,0.732376700659609,0.656292918702435,8.44342409474357,0.961012364931644,0.529668187522183,0.0774957562313618,2.21133094701293,1.86690561161573,7.87098066301921,0.0936572188427013,0.0603752999068537,0.071968037817401,0.0563163523799085,0.3986971524908,0.355358821744911,35912085.2386566,341904964.230587,58523258.4055323
1.11163958603095e-07,50.6767548368591,3.02645106679098,0.0133899606369715,4.14622941121357e-06,0.00058531600062214,4.15341249981544,0.833448103562982,36.2405534090278,1.30706851261884,1.2663292870827,1.12630505705117,170.944931091141,4.65895911734816,10771.3658171517,0.71696413484065,0.0969524322733629,0.33885863909861,0.213633652986335,0.0253980004376194,0.502662600563235,0.326940154221504,0.137153525001877,0.522086066429847,0.592669253829844,10.5369932761808,0.99828343850668,0.74598437977346,0.242928482900349,1.22668655364127,0.840874372376774,5.74029759402524,0.115594531352496,0.000654999417664604,0.000721281633264076,0.000279018905424705,0.997586227461108,0.994333647015989,17875718.8654286,214787514.287646,67206.1341606064
1.37101062582993e-07,110.439698388439,2.62619446851626,0.0392255533269244,1.06417713549591e-05,0.00130311710991464,7.04760048017849,0.746202796543372,32.8812659771245,1.79143273802931,0.769193979070579,0.663210015577539,305.452659170729,5.62254046177945,17332.3676028911,0.698274708767849,0.135331847208044,0.717149829717089,0.083210373080114,0.0841239989901901,0.938757427761877,0.324470712363181,0.0430379877132866,0.954696784512129,0.560438187390626,4.29781347005374,0.898401689479417,0.516144331622769,0.0397390589248236,2.45485409347967,2.04484652021871,3.07050516285868,0.0804912735204241,0.0465055007722677,0.0582740707951218,0.0424550643004552,0.472550719554928,0.422229283520191,41748689.2223557,413652043.164966,79614667.1100853
8.27312874366701e-08,97.3283736989238,4.46541420522385,0.0160455020928984,2.49153982969248e-06,0.000546381852914919,5.32609003736724,0.720917542666068,50.7325773777336,1.8551576732487,1.2311927937628,1.17004663357862,157.922957739139,5.77157766484053,10977.8686801226,0.714208801212572,0.126661278337607,0.781681601918937,0.184322714784914,0.0814193611142465,0.702436975093076,0.145274891459325,0.0983268104077279,0.458350447737399,0.706177157341099,8.62347616633718,0.914362202832224,0.652703802300498,0.102691337479958,3.15625708049471,1.55869322296993,6.98825088516245,0.0920776635588159,0.00012619312682513,0.000223061794443944,0.000119020020117726,0.998707395306119,0.998629492518079,23180619.9171697,276041606.912466,58080.1048599992
1.54202484142537e-07,64.0286591756575,4.43239714302859,0.025476948395199,2.67193278647265e-06,0.00255637415126839,8.08567002740375,0.802977875842213,61.5148875387862,3.16566764609451,1.39287734702609,0.625322128867471,318.474383224597,4.62206875622294,5936.54966739611,0.532579837980953,0.102161635849795,0.606056944837843,0.105928323517331,0.0822543157998318,0.988315009717568,0.352050646912518,0.0460423629860546,0.391046121181722,0.598503360531491,5.50185246994579,0.992031800546975,0.61041151949318,0.255194599610338,3.81036786851524,2.11824380029003,3.53342918580946,0.0508095438344799,0.010479124091286,0.00150002980791342,0.000630192928560118,0.987596957559527,0.793756776769668,14643049.7482759,142266226.826127,987918.815488904
5.02545347845425e-08,52.9882434219482,3.06685756555332,0.023067293379421,6.25816123530833e-06,0.00136211142292661,3.9467121252011,0.864586299777613,51.6989356947623,3.00225132141293,2.55667604045138,1.1804976856254,205.670169798168,7.42717949847161,9405.56871366757,0.889367388665825,0.0551530525045604,0.727093006991032,0.271379131483133,0.0269111699867365,0.956234114407586,0.154306425982694,0.0923568995257136,0.516427722544826,0.769409451162008,8.94247329112751,0.969961308290845,0.614085490996444,0.0939185960172376,3.33039981117214,1.32097284041054,6.05034136188733,0,0,0,0,NA,NA,0,0,0
1.88512379370216e-07,176.752602567947,3.73548954140943,0.0603851664660452,3.21811871812149e-06,0.000491627904789154,2.91382480681714,0.745381104944741,25.375189883443,1.41457851129284,0.973457542631247,1.11747093903847,235.468340450985,4.89401006314297,6238.07018997839,0.707152523628537,0.106294949997564,0.363991026447098,0.205502523869878,0.0293499845574232,0.798850318197236,0.353977255738574,0.0493454295912996,0.512103999288619,0.504409149109301,4.41424489842233,0.893474032636432,0.363413145172711,0.0363457923798836,1.69664112768014,1.5519599224845,5.65840560916348,0.121957753137717,0.107335811246751,0.114176235395004,0.103941883282757,0.147722218485082,0.119893500124214,43703958.9068193,357127272.287268,73871613.3030829
1.44719288517573e-07,57.4140300574493,2.17143280151274,0.0111381844769359,1.26193501354052e-05,0.00106401825260765,3.33238274593311,0.897742477086853,53.7319168219601,1.06375164665841,0.793418106259611,0.685445495255491,179.085204706308,4.54447236381459,8463.86447184007,0.371481765502792,0.118116234559207,0.594711177708916,0.117335501808759,0.0361545020273369,0.745726802459302,0.100857241817862,0.0732935872850745,0.621654703625794,0.774989341040939,6.26348050708988,0.912915832807242,0.780159765816733,0.192826932240403,2.30579409313613,1.60128546402315,5.67713710196912,0.0702672157269611,0.0109022538951023,0.0277419905332466,0.00725918132124137,0.896691775159435,0.844845796402899,27846758.3725418,367243924.093023,41178431.3706542
7.20009043573808e-08,184.145242380431,3.67788740987226,0.0125213501231771,1.21469570643321e-05,0.0006987039309143,6.41763405534003,0.928059345102798,51.1576509056295,3.20472831608038,1.43222397374316,0.572427490456227,262.027417000543,4.43443009086231,18023.5252829351,0.354987713705098,0.0914664592526226,0.448611043029781,0.21398133452931,0.025436215971338,0.780727032422965,0.120931376486586,0.0723278374993445,0.397761423635093,0.576644157965096,12.8806674537321,0.895035308369791,0.927623354419551,0.13986247786384,3.90871525820963,1.62443541436929,7.00996076465514,0.111873251994824,0.0477201582056002,0.0714830324542877,0.0293373856726664,0.73776228768228,0.573444435066497,53151802.3045457,733107964.563121,131648299.275831
1.66862693852403e-07,159.143258516831,3.70116388922788,0.0272063686494685,2.96179938470101e-06,0.000756856068727184,3.03022453008439,0.682874942809908,29.507707476493,3.94666487371405,1.33564375262341,0.804305037534453,124.862801088153,5.3853672043408,9385.2087398924,0.46388015418022,0.0775435052771407,0.452663733036237,0.293022066676746,0.042522318505048,0.800636586363972,0.290491919043732,0.0761751477774895,0.921405995473394,0.635739782898871,7.76674527533811,0.949990524374035,0.672409756849133,0.112106993861286,3.52334137357729,1.69435684573707,5.1394266714215,0.115865846367162,0.0942003657363608,0.102241958292388,0.0895114478556407,0.227456142925914,0.186987635356724,43416864.721418,475603774.19233,70056962.3662656
9.20054010609479e-08,170.738214325565,2.64515242026263,0.0519332293945016,1.31979852407953e-05,0.00125636355630548,2.57632641988552,0.601287502979125,54.7055755851485,2.93205002559974,1.0825564505719,1.24790573054336,182.721655952791,4.56479026798246,16552.3571569034,0.25424022128958,0.0583685397737083,0.657043953817542,0.19430773741206,0.0331414318147936,0.908494644897732,0.103701683157451,0.0972455377049678,0.842616895028667,0.636471053713865,9.29230919574885,0.923868929373288,0.299060828308789,0.0920893738689251,2.89446760112643,2.09866789473714,3.66945916549685,0.0851458922652941,0.0482128009733062,0.0607050473983075,0.0441189140570264,0.481843305845426,0.433762455350322,62853247.1368669,574748756.316723,101812317.622908
7.96401026611467e-08,104.761533561452,4.39035900873272,0.0302674951209242,7.6361890200741e-06,0.000368300588741405,5.96621469346176,0.770795405654542,85.2390519471527,1.18820358016587,0.753455915892761,1.0133581165666,165.416436477559,3.89180733852867,17892.5603927166,0.275968636571282,0.0811044215237618,0.653171786840684,0.0940920770209489,0.0382588912346533,0.510515505382151,0.168202508957959,0.079039769039809,0.927656289757776,0.507632551063871,11.2830563742856,0.845806324942627,0.518565620566347,0.16450732084638,1.54310462434294,2.22322883355593,6.38787492290622,0.0539866958092743,0.0106701020840597,0.000155891340834669,5.27861720266429e-05,0.999022237400616,0.802356822841032,24703570.4600877,286219453.158106,121235.587405309
1.11974691657986e-07,152.899273306406,3.74812048639986,0.0127285914668357,6.17083973230272e-06,0.000375889005275505,3.93432233936606,0.641302386809893,89.312202247517,3.02833120165453,2.49774976695782,0.849032310986751,135.558723739518,5.99301148954144,8855.90786109001,0.579643640934154,0.170468508316721,0.599791857466158,0.202660209182246,0.0392080478554707,1.24494505241467,0.218673328627643,0.0471191013079962,0.847985797076246,0.812705133489603,4.6552672674983,0.949589617611717,0.825349761267588,0.142098145290415,1.23455413759779,0.882500122910246,5.72415404226614,0.100467072616851,0.0557148547473521,0.0728126775355957,0.0515929242150026,0.486469319039868,0.445441642757618,42937621.0333446,618660304.631686,67483080.1270406
1.94420379080578e-07,53.9019480192685,2.42991535383899,0.017324922819905,5.51793202548115e-06,0.000540947047098698,4.20149068554016,0.632140830838191,28.2060582638136,2.81572439016762,1.96634755969995,0.665936899943421,123.769584655957,5.98683497071682,7376.12476040916,0.866160676333272,0.159921396080694,0.398461043559893,0.120763454404296,0.0272318019074699,0.59948058903741,0.135718915472319,0.0502559586979494,0.44428071346421,0.854572766092213,9.48335342734447,0.836492156030086,0.458125547500409,0.059640643057032,1.52006279500884,0.754423969568131,5.7056527895816,0.109038913497827,0.039825059703133,0.073879556820156,0.0352652167223639,0.676581363560023,0.634762871110904,23156734.8541318,314599713.390886,33670455.7353625
1.44145277783872e-07,65.5423200757931,2.23671952962537,0.0123337202853377,9.01985446930426e-06,0.00157629470324775,6.6586411403775,0.859527790740182,89.660022734378,1.76889041389643,1.97817666856982,0.977807434032814,129.916307087227,5.48674169936754,17754.978989288,0.46723719096299,0.0506699932543658,0.37009358964029,0.0918848198058985,0.0822304383742922,0.497461333061782,0.233808860116651,0.0445562489767786,0.411697231796914,0.620860397242159,4.7905191980288,0.834111622037727,0.885305998283715,0.0581060921794386,2.83402097415189,0.811401250764566,3.37139139746061,0.0996554867002917,0.0336964938147591,0.0570579566161598,0.0209415333380205,0.789860708813746,0.661870159581886,30544701.0250567,373767110.439557,53207769.4004415
6.40575077857717e-08,62.5768436994973,2.29166892633472,0.0187120872466335,1.11396062018588e-05,0.000381652258674934,3.32158670630949,0.746879471041447,88.483043679448,1.00750293918484,2.36749481086165,0.843250461908702,130.254120949324,6.20449592714559,11231.6048331582,0.275366578147019,0.194705418078084,0.388237350227196,0.0879646705998184,0.0589105354549007,0.855055802586766,0.107189585482478,0.038521334832642,0.861067234333616,0.727437833002758,7.44868291231595,0.877171385384241,0.679465270115129,0.0691247915204057,1.69950059104301,1.26459239292632,3.41391470254129,0,0,0,0,NA,NA,0,0,0
1.49512715693975e-07,58.692333069674,2.72092754048323,0.0102808486991012,2.20807813362982e-06,0.00205939625999923,5.27176138925806,0.925684160906108,32.6420232265639,2.23296344508234,1.08451388730981,0.68421119508378,214.581764493126,5.42763745205485,19144.0785605894,0.88806773121988,0.144386005314806,0.648463606489161,0.141599934515255,0.0282006964975696,0.824636063338412,0.234553105214311,0.0412726634974936,0.595927530745212,0.742659255337233,4.43784105994382,0.958907168930104,0.395892144721223,0.0815498631920154,3.92529563698147,1.26722203249768,5.08065643623043,0.0923119164464145,0.0196456127369094,0.0473533184241829,0.00975616389146547,0.894313060902286,0.787182267542747,22630595.4100362,260733966.689262,13183302.0623047
7.13867310085299e-08,164.224140050947,2.39940907451162,0.042433051133447,3.1343518654071e-06,0.00243708859069033,8.18242526014739,0.777122704365712,57.6182154461995,1.71902810190942,2.47189955110364,1.0014010939525,250.99169003982,5.11989118343443,7122.94070323689,0.45330000855456,0.0634805228303032,0.429171217813714,0.11696431856876,0.0250519380303458,0.663001040857377,0.145633695513601,0.0456904771040435,0.437806432842916,0.641058467686048,4.33706653916503,0.908623071183815,0.39280583751388,0.118722213864741,3.09531476980978,2.07076897306324,4.5519691565211,0.111086909561683,0.0494067523914608,0.0753012641728218,0.0407192861482002,0.633446584220708,0.555242354059487,67068093.893613,615102888.346363,91734340.4038137
7.29380909064058e-08,120.144133749272,3.39290977609153,0.0239133007611971,1.74757561558038e-06,0.00261523723793676,5.45025184902694,0.929410242178371,28.7764637344565,1.94480393178053,1.93292438533383,1.25938349403821,158.721874693337,5.47365012432259,10458.0777562303,0.28569461096375,0.0707339063385928,0.61143281831374,0.0910790268060826,0.0317225366997275,0.958991735256886,0.37105282466738,0.0970798512848134,0.40068674488787,0.576214792033313,10.9963807207262,0.940057862762932,0.82647529286055,0.0641659335725972,1.94243050622471,0.665940615471961,5.04964621756814,0.0558574220900539,0.0129274061382414,0.00570018210249269,0.000667080585768459,0.988057440518952,0.768564218423834,36026211.5366901,352988050.901115,3229775.23294398
1.14145266086772e-07,158.56341198127,2.39774677919139,0.0122203057646178,2.5964562450357e-06,0.00205461861384271,2.56579706178488,0.653789165618966,43.3282839091276,2.80586184413999,1.23203272771039,0.715306534596526,172.791199229132,5.11757321706159,9881.49900864228,0.547829286125067,0.177554310727081,0.360596498101087,0.127306913038813,0.0344586440424952,0.692202359159859,0.199167263380298,0.0667305547424976,0.65787456936958,0.909420390681292,14.4164187117542,0.864810090848474,0.937873851789167,0.117886356278161,4.17426737541605,1.75686822650686,7.32873856863016,0.120478945976159,0.086396965402403,0.105565289072584,0.0845071445574345,0.298573340987253,0.28288743977309,67721078.2738004,744706318.489325,108503414.870984
5.75152444743221e-08,105.070373167863,4.24417567635078,0.0295150737816642,3.07075731827789e-06,0.00262627779247634,3.1938919815184,0.720129610358678,47.8020986042999,1.21201810330241,1.72875350315682,0.773600135943445,162.171027629805,8.00936428787553,9516.1228848385,0.313758116925831,0.175281520089838,0.671160186590758,0.0808435020530238,0.0960943170145515,0.668195328740138,0.136297594365512,0.0697837040457286,0.720937613183405,0.782886337911484,10.7324352305969,0.893019044884182,0.319497440814401,0.0274410987606504,2.38962864305932,0.676021576328522,3.19541089385828,0,0,0,0,NA,NA,0,0,0
1.66630473256458e-07,69.4661718135131,2.24032330322456,0.0287802268443297,5.55219644024415e-06,0.000542564942073414,3.74704050762584,0.610062148827638,96.6807678174224,1.20881565636638,1.43629845929642,0.569926206986287,158.528667049037,4.02856347471089,11478.8151976881,0.645751765068364,0.0802964328531765,0.573631879335444,0.0782793068904942,0.0746320001991476,1.21546965634444,0.248041556439054,0.131018022524728,0.752866389675548,0.513308414512452,5.94547700913852,0.994046213031364,0.592974234989434,0.246292454827906,4.48067121057394,1.90654065025167,3.07636471297422,0.068717355941436,0.0293466670775239,0.0370067830299076,0.0237731180564682,0.654044924593306,0.572936608583508,31438574.5029406,386270418.940495,51855464.8203556
1.18835703382377e-07,75.5380763889996,2.61819452181341,0.0873976434577028,3.11589270509956e-06,0.00115615134729076,9.71472810039956,0.644519594406587,42.7761977911364,3.60849556334659,0.969313636200125,1.21130479792317,224.424349806608,6.94034259624555,6975.60485470692,0.796864034003195,0.0641628242835783,0.336383655580331,0.118409124473356,0.0350598464958853,0.803951638760069,0.110318843644551,0.0787065474425068,0.379310528624609,0.679837475483648,4.50007793505614,0.928501136228578,0.52474727002487,0.0491028438089386,1.87048698742058,1.44625406282798,3.94466235305886,0.101419999555705,0.0309456295165191,0.0589042728581977,0.0122965480948243,0.878756180746477,0.694876457778704,26640466.048706,215361472.044587,19419830.8098733
1.5208962009042e-07,86.550552632554,3.67494758408576,0.0102493639569835,3.12895540091744e-06,0.00264810057782748,2.97855011398122,0.812857933341779,31.6610948434561,1.07044063068146,0.799295505293041,0.826650044805897,153.337641735134,7.97558336059976,11885.3845754621,0.349285432095667,0.189671437449414,0.716738789428582,0.173676471552869,0.0503447017164629,0.498085859322818,0.333326539169782,0.0612935602350696,0.606835767039221,0.676892303200294,15.4747802020834,0.861047563769181,0.852293488035842,0.0495651122100981,2.01685145711521,1.68073675902419,4.00518353878188,0.0806970920457034,0.0219117589358837,0.0424162224227025,0.0176592187223583,0.781166603719043,0.728469039213039,24696127.4102793,265811962.558841,42444305.2741461
6.13811518041634e-08,56.8293802951344,2.67507346027979,0.0380189113283765,8.17340681956765e-06,0.00125369315643915,2.95818572441069,0.628927919903091,62.8125932379964,2.26335420504587,1.5353602813596,1.15196424326799,193.66014913337,6.19706023465871,5373.57602658658,0.772632096050466,0.0554757903483931,0.481128125964949,0.122998292867022,0.0365788166163307,1.00535064293141,0.202974324821239,0.107745914437484,0.44665589095181,0.839354775363561,11.5427580480854,0.889750487769305,0.627784643242399,0.149167275344699,3.15992469932633,1.30628469988361,4.6850716855752,0,0,0,0,NA,NA,0,0,0
9.49169953880197e-08,107.432081705025,2.81596775872389,0.0378248177742338,1.37407980101472e-05,0.00292090538671409,7.15657597302443,0.666868147714776,67.6161583352854,1.23868810495181,2.88309656234603,1.08690290058146,280.102985483378,4.26658062014704,19339.1741596447,0.732879230961549,0.0949262261169794,0.552573553909099,0.126721444594403,0.0472274991498192,0.845430895697074,0.389661415257657,0.0579164250308379,0.54595329291434,0.579609943227705,5.42292893687614,0.88916126752166,0.654435558304183,0.0386421985624617,1.71724589693991,0.898835090068453,4.12949730724117,0.100627440083354,0.0346583517354312,0.0500950588083127,0.0193522151826451,0.80768451262782,0.655577527295514,37815925.3071446,339946790.72424,48212645.8417469
1.17405673059207e-07,101.405234941609,3.896091796911,0.0255672007754903,6.07897171647732e-06,0.00129957236002532,7.01428615916517,0.858068611396151,43.9712786500132,2.73506077341478,1.83507943296227,0.836266946314953,123.190409907148,5.08358467735645,11944.963942714,0.573944505356529,0.0855376779981616,0.539558815151159,0.123224857206623,0.0790950919171028,0.658625018058874,0.339889371048185,0.0699594942699813,0.420769918702879,0.893920414516872,11.4252095296385,0.989927137816037,0.651153294316472,0.0365211180453281,3.38671594107126,1.95000029548509,6.31625898985392,0.0927300154600642,0.0141596242037995,0.0670348866990088,0.00949942493087775,0.897558251405999,0.847302686907266,26903441.9370149,306884433.561999,13277707.6770447
1.49181848530134e-07,187.697931886378,3.47377521214264,0.0615696233588877,9.49156150810499e-06,0.000423507344296904,5.21615927763366,0.645333273140058,54.8479807810639,1.99703893621229,1.95467324987019,0.666502463190256,305.17032659134,6.81901593295492,17014.5771472303,0.317745155076249,0.052011564685664,0.549656852158157,0.150314699654516,0.0442475555632685,0.852335107486449,0.1639166389555,0.0582935226103764,0.891430965097185,0.699222358671926,4.65994824438419,0.890172664543288,0.591908558577442,0.162713356166548,1.66646099393607,1.93480000984425,4.39431730132855,0.0860516608459747,0.0621303993002752,0.0721478458032771,0.0597422459196607,0.305739769199873,0.27798721501165,51060322.0884461,422335683.497598,80948905.6696309
7.67228057845785e-08,76.5501720538519,2.41863396081802,0.0438074995154108,1.01601787698556e-05,0.00100030258936267,4.8306609528016,0.795231135491711,74.6315413571752,1.8667481142387,1.27803454374331,0.696751050052627,253.624890178359,6.37928046173725,9001.90964376608,0.577240533649912,0.098787183436032,0.572482996291422,0.225821622592626,0.0343375084455551,1.08043479924116,0.207721568920888,0.092121691525232,0.368385585295209,0.730509627644735,9.00055549586886,0.935752188473202,0.29588741146358,0.0617964482472599,2.07430765296691,0.878880462563682,6.17549064527003,0.0975531595191916,0.0210395875288263,0.00157618940162319,0.00058025063666017,0.99405195444699,0.784326949198532,31306957.6151395,322193574.781007,536376.206868602
8.94491243393467e-08,162.295261182821,2.99480257494309,0.0164695042707649,1.90571322124968e-06,0.000339923054720474,9.79822797249673,0.83094305958783,47.357914632328,2.57758314316187,1.34380389801423,0.736406842703476,288.646426558641,4.5957947364406,15440.3475512031,0.954044874692028,0.162157252593874,0.444604300259122,0.128059943000475,0.0576567294273896,0.709709728103724,0.122185500993142,0.11662420213233,0.457429287745368,0.527258345434936,8.14203425723886,0.938673045469363,0.85009199131978,0.0391269684520887,4.23636453586432,0.924995546229424,6.63087389186927,0.124202529226295,0.0850772976960884,0.0999347570883233,0.0739516369296208,0.404588317240449,0.315011552292314,56640818.7265753,797809558.535042,103046379.77399
5.6211327818335e-08,127.412984546102,3.06185743363575,0.0509576571786962,1.42838188330781e-05,0.00125874534343644,2.96282980831191,0.807866313219271,27.6296641092791,2.55889721595472,2.54038757861309,1.24105913272839,300.645174085485,4.78442950113718,9534.72996925288,0.260210875398303,0.158639922769247,0.44169184609657,0.214408994749232,0.033120014613291,0.811409408901741,0.242214618800012,0.0578682340887057,0.670029158612567,0.597472275112497,6.84410183304066,0.896130408167323,0.347717844247476,0.271880810312124,1.3127067671447,1.32640098340197,3.25811051362928,0.0911399408280371,0.0235295831621062,0.0012800696140431,0.000311740783974998,0.996579537125625,0.741830168548147,40607358.1994165,390751089.685134,561166.61521512
1.89196283947585e-07,139.974333584495,2.85866256380828,0.022365296756699,2.32531928084959e-06,0.000714127297747141,9.05010062614512,0.562965301956832,38.3365669623463,3.58078800870474,1.20143629071511,1.22285698135636,126.220839579447,4.5210549833662,13656.541286429,0.328616440306828,0.161484497484965,0.304609653070861,0.113625843697138,0.0322333079390329,1.23626474918221,0.216631018330791,0.11330480839833,0.524368162413815,0.816167431104044,5.78667394319103,0.932930840092073,0.380529261263642,0.0438014758623355,1.85253830721376,1.79471753653365,3.14844515089768,0.0908792693825347,0.0586351692197373,0.0712702690595756,0.0564489153699527,0.378858173558323,0.354801489733302,49265977.1066643,569020563.429493,78204200.5067251
1.65636659169705e-07,147.335246194671,4.40965797128323,0.0111764323577378,1.0711761513393e-05,0.000671602444437035,3.38567614245796,0.589935027211771,35.1684673947823,2.54436861114154,2.76499996036935,0.576650046848909,150.666047119133,7.02005438412566,17983.0843320489,0.258733361881735,0.0824555309083955,0.674074426349969,0.218568738709925,0.0972574022604255,1.20734441795402,0.256863084379475,0.0464014012225115,0.854609896434345,0.805963617444031,15.0588269388289,0.963679928221425,0.546905321264779,0.0360802615168924,2.753706558394,1.33387881015905,4.84188971482471,0.0676782346871724,0.00820720062672654,0.0313397882737269,0.00465196023566284,0.931263570080315,0.878732052266692,35013259.9584281,498170155.637458,38793240.0959299
8.81618050939074e-08,105.635419857419,2.96880119703339,0.0495248475845075,8.45272737977115e-06,0.00130048484786587,2.5544543721625,0.679581611779927,27.7878977748334,3.50629584264387,1.94195619531026,0.922728616149711,165.165479293243,4.53219274786244,12986.1609251246,0.264627679953575,0.158309358285529,0.679839896770124,0.25235778890039,0.0320089849267117,0.705595785598276,0.230634124840448,0.0742733428825051,0.430012189652546,0.733135813682284,5.18931202678203,0.857027264107968,0.979819218741566,0.202007102764628,1.85914204216128,1.18660525950358,4.93672829484267,0.0849085455171922,0.0159964966431091,0.0380891540110317,0.00553432930076239,0.934820114194021,0.811603219138053,35058561.6297884,341759622.398939,33353435.7132959
9.04850900466047e-08,94.8310131612312,2.48066801354662,0.0177978221140481,8.34249219102956e-06,0.00139364971669886,7.21138246046028,0.914152486429078,27.7322528958058,1.55649016328472,1.22555141664245,0.963242012763257,250.481242572779,7.18240898369997,14549.0213923085,0.815441401439041,0.0966939654496991,0.479129845208441,0.0944601384171035,0.0399629790188162,0.642112962877727,0.102660507969418,0.109700155459995,0.953315599183111,0.508095304410615,10.394088306459,0.93119600243372,0.836391834260259,0.149666601206824,4.14450079053634,0.717992316633185,3.4008420714841,0.106097643219325,0.0438658225753057,0.0433896967615424,0.0114285245675318,0.89228295539132,0.586552337598807,39737550.9378395,474453079.301462,38182554.1253096
1.82026040697435e-07,58.1747334378894,4.04053730846693,0.015499844871498,2.30737089603051e-06,0.00298551075576057,3.06015118451109,0.706752838189019,35.2425686612988,1.03594195231151,1.99127919005274,0.53709076023514,184.462697030488,4.80999378748473,11780.5607658759,0.746526464760266,0.187768747076048,0.465029116746164,0.194879766245486,0.0290698765685741,0.960661851420739,0.16205405969784,0.086469376243662,0.638408856064347,0.52770741834584,8.71061057054524,0.961527379116753,0.60444379690598,0.0220038670518152,1.76973048613658,1.30941316009371,5.21590948751616,0.0845769382304091,0.0245529883083565,0.0492099725780959,0.0059222283852889,0.929978212628657,0.709696415807015,14872826.7015815,147852254.512099,13203736.4602982
1.05967392358085e-07,95.1619262684812,2.11683667290933,0.0196750645354474,1.87335843353114e-06,0.000334160830870365,8.13153644475798,0.917878597583051,29.9963333690797,1.43412770271179,2.68361190561397,0.711915301102679,264.537426704494,4.16758790046533,19432.6810052905,0.374869438045022,0.115530272499661,0.385667441987656,0.189423588210995,0.0859053575179777,0.68573961907604,0.278547195919644,0.128675292855309,0.631091266962112,0.708561716034662,7.92069467814446,0.994205153879482,0.642238497807413,0.0928580838504975,2.61352799813515,0.968300737578459,5.47953050951163,0.112934388421102,0.0436234687864594,0.0656918988210262,0.0331001242053676,0.7069083680522,0.613727320824555,46497496.0065844,644457775.32371,58059053.4279973
1.29090872528778e-07,109.890600556705,2.89062524204566,0.0488700172812035,2.98128221679583e-06,0.0017491454790024,7.487325555355,0.95,42.822191953019,1.49041502623046,1.05788252031798,0.716327523506042,275.809975426573,6.45475015854324,5746.0187438061,0.327439393233003,0.0831546111928125,0.620353073789009,0.10474987787504,0.062371807757849,1.25481142859384,0.24667256005567,0.0839025054769315,0.816158693846825,0.75323647648561,12.3778067257019,0.877985532513492,0.480221063386601,0.0380160081097321,4.36611460516159,0.888140886526265,5.01836685951696,0.0528716763462118,0.0212164376285139,0.030985120833837,0.0195625472351998,0.629999489573562,0.598718272339515,37365762.6049343,336991133.384268,56932867.433181
1.16215592759532e-07,60.1585556818114,3.92785438069458,0.0161632940703502,4.52817984569068e-06,0.0015092886662086,4.1661139721924,0.80992980651432,26.2194826121278,2.18574307329541,1.46658482071144,0.504943463492668,229.549608189234,6.48578217385202,11057.7555141294,0.921700052089961,0.0636211156339327,0.622196465808245,0.171944897050011,0.0438693122795792,0.946102232005291,0.109582816731536,0.0634042806583782,0.57485312792036,0.814551835951052,4.75399458758571,0.97412211497442,0.363827954634032,0.11657747620224,2.47754186467909,0.655725403390741,4.71050155893612,0.0823971271925789,0.000127795037334817,0.000223079001731778,0.000123853671206586,0.99849686906053,0.998449035279639,15777589.6566062,169495037.685312,52356.7186236787
1.25924174564958e-07,57.6313864500514,4.03561081262757,0.0201341627913688,5.78661990235423e-06,0.000528688261148522,6.78356909179053,0.808799269938278,45.4973769905082,1.75477865961721,1.54028742311119,0.529601091001753,151.786091697516,7.19159951490933,6564.71644361106,0.950253373428713,0.102536040025748,0.757235106647789,0.0876821150005591,0.0843749953582969,0.890511062202307,0.225235698304075,0.0678117932134756,0.393635886319396,0.552591356245456,8.13241993724606,0.874285956028373,0.605526025019043,0.0366280951693074,1.62288232560408,1.47232920984748,6.90971494887613,0.062126020806958,0.0131660796097216,0.000175423369891734,8.29729480849849e-05,0.998664441291954,0.788074635415132,15047278.463725,178906394.374665,75363.8150036232
1.99054806652234e-07,55.4271327935645,2.21020496394296,0.0234037687930185,1.19969986781524e-05,0.000870485667571609,8.03678100090235,0.745874092641288,49.0614646079508,3.22857401968818,0.932949735643955,0.993700664014325,244.557584387205,7.04707303090902,6871.68604449768,0.713284481475497,0.119427447892747,0.551220489137931,0.128373825629826,0.0473039807010223,1.2573820521983,0.257280505916422,0.13235438427345,0.390442342742166,0.855939766832227,7.13811969147564,0.851542435284564,0.295253823175955,0.106516725223823,1.3980906853605,2.37573841972333,6.0485155552205,0.082151285464994,0.0336358010890691,0.0541038276574594,0.0314489912030362,0.617181995083483,0.590562692979383,25597277.1874631,314252592.877569,42044977.3121801
5.9416436793735e-08,86.2504759592469,2.21359264136683,0.030692653652726,2.65170061939883e-06,0.000769173052180494,6.77548997196257,0.89656346755229,59.7148878505015,3.45053956469973,2.72589808423035,0.923721769320315,213.268662659897,3.95806414053246,14777.0993142103,0.805712406862435,0.054363058848122,0.637844743491448,0.0756716488127374,0.0836775666109804,0.52385073552145,0.242131972409995,0.143618111060881,0.511091873687368,0.569789522709308,6.43374224178329,0.881404810834062,0.282407490527175,0.0232066563493502,1.45845282028282,2.11893075125354,6.05564600268554,0.100717016144618,0.0332778067559092,0.000771640424906806,0.000234083964774792,0.997675825061788,0.669591018183799,39559540.3643704,441342905.640461,299859.161766169
5.85438707119453e-08,90.1143528720508,4.33442428273417,0.026990211878633,3.3659821803428e-06,0.00143338746226148,3.62408585210661,0.677775173223646,99.3119735129387,1.90457824502404,2.42863956662135,1.27533276068636,163.947014019259,6.64750757045368,14475.6625575379,0.581518348012152,0.0552124933183931,0.384077000041558,0.124882061290671,0.0714719851774005,1.07768469553877,0.156441123812684,0.0874537545605745,0.66799501154781,0.685472298531072,11.8282750838231,0.845896952203046,0.609385280801288,0.0762162579197213,1.97894394667647,0.613108709480993,4.38142495924977,0,0,0,0,NA,NA,0,0,0
7.65945451109028e-08,190.116911777455,2.56380122250736,0.03319998645792,3.96833489556906e-06,0.000980643609600713,4.07139564274324,0.704964304405484,58.965321876304,3.5289282198933,2.74169222620987,0.501025920533798,296.639256313653,7.035639502505,10549.5304166028,0.903817730556609,0.101659203799483,0.399209870164463,0.250946718100883,0.0257321057280627,0.59443363388919,0.238660478180169,0.0822605098711883,0.950439718446237,0.572442655341977,6.40621901748719,0.960476165678994,0.288644990069705,0.0400157786945535,3.82388316258443,0.999666260945342,5.08532335109698,0.132602342712842,0.110758104161915,0.121001218277706,0.104450641433437,0.212301688669028,0.164734936834657,74300775.8347229,824609030.397564,112949609.154654
5.2298246625019e-08,124.905162525003,3.29447906716335,0.0469488719345987,9.91166560277323e-06,0.000716620594218388,4.88941298132408,0.582922240515767,53.9235467546149,2.34394657542515,1.9553886190519,0.870309510911779,251.607766565911,5.40509665303872,9581.4140460593,0.583876585063006,0.097102948195987,0.62624604749774,0.240738041651594,0.0907987457687522,1.21299720865403,0.324117100057011,0.111493451833538,0.490365016109831,0.750325735336581,15.7769765847752,0.915164489840626,0.531127075636444,0.0461851386275546,1.74217748713532,1.35946503876516,4.5733847645816,0.0991308239396311,0.000139299530661783,0.000248720521892059,0.000133097860278766,0.998657351417155,0.998594790952745,37236129.6527758,373169289.409744,76843.995766027
7.32472423212935e-08,67.8593259605911,2.69111706871792,0.0262890287292851,1.46544260304188e-05,0.000513918121732504,3.82010770943114,0.575276316481296,83.6999354989957,2.84571121417543,0.751915696024826,0.950905954516612,229.091210786407,4.04398773506393,5622.158252832,0.881841288443311,0.17304271534464,0.348229313745697,0.248486451165935,0.0697604278414269,0.835113620153156,0.122546396554884,0.0782333805404078,0.877005159037208,0.538552923191011,13.9022823617008,0.934371108619959,0.275700314393094,0.102076293642997,2.04632188949757,2.39550655014383,4.46506028146116,0,0,0,0,NA,NA,0,0,0
5.78543965516264e-08,93.880985284279,2.46096410481125,0.0127736674643128,7.01346701699888e-06,0.00137689507038991,5.63930506008626,0.57741666152948,42.4263516518907,1.53246052795189,1.94724549484817,0.626351125004827,141.653237491797,5.24372565666086,9164.06524300247,0.345664275082114,0.0603423771131948,0.591157179874193,0.182025211609187,0.0768612171272665,0.615979541528939,0.24312346420397,0.141713829752033,0.565227992628644,0.602652642835498,8.64774561830333,0.882211432420094,0.252764325304782,0.0865398260271726,4.77144697263074,0.946417000697424,3.46830742477775,0.0968950575901625,0.0253972706659227,0.000527342592165866,0.000180597353134566,0.998136155159756,0.737888894464094,40004350.6106958,454640749.147939,230546.449817841
1.05659305654869e-07,102.140968314918,4.45023076337903,0.0200247208664362,9.57075199798997e-06,0.000635665591051611,8.26484081665798,0.683772135667642,85.541686737452,1.03373765737422,0.957573306757443,0.92179751527755,212.236115434323,5.57649500951703,9352.8772715852,0.499055879852048,0.0610915441411271,0.357695429269409,0.237314649050969,0.0984587979338707,0.970949499310924,0.364639984697692,0.065961439427542,0.366692151723711,0.774241222338339,5.22696235819821,0.883224461990823,0.482411657373279,0.09540524750108,3.10423155550732,1.7825914755824,5.83645969876777,0.104588713139459,0.0260315670151109,0.0826360854232031,0.00292373159502563,0.972045438678195,0.751105389542365,24249672.9989938,309380751.272015,3165577.19475057
1.72909635001111e-07,93.7411467739837,4.00662996493177,0.0580142928167372,4.10660749293736e-06,0.00215729164681555,6.26269442721179,0.618888470016359,74.0777316259377,1.23452718453673,0.915191035705531,0.543355744662908,167.898625905609,5.49248984716296,6155.71762809542,0.618540642547186,0.184642914653797,0.448095980259583,0.090791200090758,0.0705907647791398,0.6063910787425,0.191858099911912,0.133681598869109,0.395653171163439,0.656255134716605,5.45282510162185,0.918091437741491,0.475185988935027,0.0579656477911051,3.23491249483254,1.06385967475839,3.85782249532309,0.083499161789542,0.0340038563272784,0.0501259432603652,0.0295019187322329,0.646680061213166,0.592764099680611,22886889.9684411,187374394.945366,31841389.8832257
1.06472567230532e-07,119.491672262055,2.19640096640837,0.0272613062875156,4.15962109381759e-06,0.00239259782135977,6.74521117450427,0.95,41.5816193735026,3.65844015939798,1.76197440504723,1.15814697672542,223.042688558487,5.39414649942646,8758.36556689512,0.786121324154242,0.0933063348603533,0.384494379348676,0.125966083159411,0.0688859982178306,1.15399363891395,0.185324817035677,0.076852625495399,0.615921588674249,0.747294107681384,6.34698390822157,0.894562179287715,0.398268286837623,0.0440630422038938,3.04442132446296,2.38444441296348,3.40601202739957,0.11244958050177,0.0669491716164995,0.0884606889396019,0.062050602453569,0.44819178358258,0.404629423091129,54366532.213507,539104848.419177,89217025.7105897
1.33297579596718e-07,191.354209211263,2.67388237144253,0.0348525029342543,4.29566975299613e-06,0.000436447115692741,3.59725141908017,0.64419985121098,92.6629019517011,1.03745549281203,2.2493241511015,0.903517449223378,296.323462520257,6.31207504813095,14070.1081548797,0.84945888536932,0.13308927105876,0.419637460924121,0.160912235218385,0.02563931857365,0.996274287980494,0.22366083021027,0.0714005638093385,0.424192839577431,0.863215039961484,5.25956482167076,0.933651626475899,0.285250891123806,0.0607741253906853,2.89806485115506,0.802874517888223,3.35039710591876,0.124685035887553,0.106846745159433,0.115558960406051,0.105068786778601,0.157326410256989,0.143066813119484,70624865.3618125,754447990.867639,102343690.184027
1.91944719892922e-07,117.829703793839,3.38302995194103,0.0145721098593895,5.96987027058197e-06,0.00189956150567174,8.49113093115432,0.562171455783912,69.285665406898,1.98928431574649,1.37420695900297,0.875117401794199,209.719783941171,5.98507179532043,7611.7010149934,0.937732683137954,0.0689594485830346,0.372954974173253,0.174181084213064,0.0518183530838922,0.987495736156816,0.260636544033713,0.0862924995377643,0.916377459169866,0.537735665120681,9.0604591870858,0.934529061124311,0.98684633858697,0.0897120264088854,1.97230692586212,1.26870255442422,7.07180167651566,0.117147869846361,0.0939091534048554,0.103266220250202,0.0884302737037669,0.245139721108521,0.198370798137288,35898445.3080655,379369409.51393,67028653.332928
6.09221225627694e-08,133.708679845501,2.27449934177315,0.0384775059055422,1.24922508411171e-05,0.000509392916257544,2.7759927467558,0.883648852435651,25.3282798279378,1.45568326000647,0.998604597018446,1.24339731656694,143.142491761437,5.81918619344539,6717.5797393418,0.482088484886253,0.10251010510832,0.559706620940227,0.244663897649957,0.0582484410835176,1.11174330502811,0.374733034637888,0.0857215832727324,0.670818492081102,0.644012689068594,9.94448024711494,0.875114132786115,0.781992768929346,0.02689050281326,4.07706261576257,2.06205164363478,3.41657296940675,0.111422602299246,0.0402262245411152,0.0813648204862611,0.028636907365557,0.742988345500609,0.638976081055081,59149861.4197781,684178733.702056,123395731.26604
5.42235703956258e-08,54.1338152316141,2.16033640730003,0.0205129561387585,3.97892787835282e-06,0.000758489474309296,2.81576060385365,0.601631787550196,61.6106218251244,3.95801049266541,1.41980954227167,0.749442004775003,189.614566332499,6.02433729040958,5303.18917156657,0.783828373824982,0.12114105795656,0.597934530150147,0.0773035349154424,0.0639942890033576,0.624538226205864,0.170018572105569,0.128603562709325,0.503074812536425,0.687271543388864,7.34800720693793,0.920920023652744,0.311569939602721,0.0244384195881878,3.69173610044689,1.13241031001512,7.75748854606874,0,0,0,0,NA,NA,0,0,0
7.71076325653969e-08,122.96617488019,3.06246727814715,0.0734656723378453,2.17288392953379e-06,0.000488381336923074,2.85017433079732,0.564567279878555,30.2287704215011,1.01478755853802,1.12212400283606,1.18918834449617,247.798807417481,8.20682208793297,6274.08304884222,0.449908414641798,0.126123369484926,0.62911125454892,0.195557167681561,0.0312253037923146,0.726484513952913,0.211621342882134,0.0484393574397499,0.426607026533666,0.545722633818345,7.42771253071709,0.852087676882578,0.63755789857869,0.0479882283140769,2.25948042570358,2.12559750594565,4.04442858823468,0.0975367758522739,0.0329132943749951,0.0578065929712646,0.0218937315414828,0.775533573360654,0.662555030270382,38360047.8904265,351846127.321022,92111927.8644533
1.5169796078676e-07,64.8948979945396,3.9840587473235,0.0559136936279321,2.16894496834196e-06,0.0029417923330595,9.36159049040767,0.818404050624997,51.5060457314424,2.58533576893864,2.89630975591443,1.12250257535616,228.187346316621,4.23468667106663,5088.81664939266,0.339406376380232,0.0767601490698831,0.68359821901448,0.137148767679418,0.0399253640343691,1.1406065004515,0.140824041417232,0.114240358976846,0.624973391682769,0.722647032634596,4.58410835586322,0.861141060830155,0.402966817844086,0.0302301657974358,1.34023554022216,1.47828740831447,3.07256663289696,0.0333173024398606,0.00378125645141632,0.013999840739122,0.000745176145553327,0.977633959204878,0.886507724980386,15543343.8007669,127011063.265822,3356448.33879354
1.35835693607343e-07,50.5926393296419,3.24393244104553,0.0106377302910753,2.18364510350291e-06,0.000469970134964468,8.30336081477009,0.888236524688586,32.9876054757494,2.42323792073379,1.00662143352535,0.547666281312564,135.303929709614,7.77383066948349,7222.82876172194,0.339775777461044,0.0733434091369096,0.320231650190689,0.197043069668298,0.0586488765787154,0.596464297790482,0.113421514973374,0.0453139868268037,0.9125403382566,0.617565737068037,7.6014963867236,0.916349902052123,0.278250993130877,0.0506349643358549,1.72686478165237,1.19152783675409,5.48787535419072,0.0875624046368487,0.0223976522832118,0.00200538860862073,0.00041549308550372,0.995254891785728,0.744209259943208,16915061.7504419,226143594.816658,462826.792022465
1.60298708849207e-07,171.030364553027,2.86901224954661,0.0261660570377414,2.60794158235259e-06,0.00203570630520952,2.55898574615912,0.764489880345683,63.5471201532258,1.35183740169842,1.64242024182513,1.19617297003376,225.175466019033,5.66103869004248,5006.14278294046,0.435222071391538,0.1062309784711,0.468272732491208,0.107295379571981,0.0466213757934918,0.593241806644317,0.28067172892443,0.0524313988496284,0.489748463808693,0.566631646908067,9.72962062233246,0.965942335304321,0.421838038724917,0.105526107508389,2.84757651391085,1.21163565007086,3.37905328731433,0.108265050131776,0.0838242141154329,0.0924531439371588,0.0794710833992999,0.265958097256955,0.225750008766397,59093783.4870474,545570674.110116,88303171.264371
1.14999185857753e-07,164.004359191087,3.05500869513777,0.08021415698263,4.48828183781178e-06,0.000389535735088013,9.84627335782727,0.613989482857393,42.525249775899,1.07876559435014,1.0716256301773,1.05874790874937,139.189433974801,7.79075607236818,6397.09575960872,0.31415529569321,0.176528891423573,0.351132220177324,0.212768045722249,0.0747550508648104,0.735043008131877,0.144351084030875,0.0463250266743038,0.469097360674192,0.562071819823887,12.2827720464362,0.999,0.30174185098889,0.0559701720134939,3.94598613047103,1.48464497014753,3.61173210070086,0.108352577675673,0.07400628855584,0.0862483427606319,0.0678937899689474,0.373399401976657,0.316986359315237,50638318.8183752,394984286.532897,68487086.9939618
1.0341671049998e-07,65.424596497439,3.19442240366412,0.0415661032672671,6.57991963976785e-06,0.000392226531157998,7.50478855871238,0.95,36.5047392628748,2.27619266178639,2.31202977467287,0.639149912111518,310.958723109874,7.23077356415094,16622.9712938182,0.515337081867227,0.107716689891785,0.306176523325903,0.274559049950984,0.0481480811441894,1.13873355581936,0.112950215260804,0.0612141081539208,0.92862394634866,0.587691595924986,4.30700702311936,0.925985660699769,0.433402305471722,0.111439374783062,3.54531386835759,1.5882976509658,6.56900620464004,0.0968615634144789,0.0291961435447494,0.00120302946085479,0.000421366138482013,0.995649810682087,0.698578646518262,20645566.0428646,229400901.948325,279764.419095988
1.99177538836686e-07,190.985172031434,2.94092880056801,0.0170717750652314,9.54773758119984e-06,0.00121507794087687,8.41995391821787,0.83894082702738,68.4158872536826,1.32139516584072,2.10628300872627,1.01029955639659,185.038175130138,5.46138202654086,17052.7360167984,0.526604670501909,0.0582649227887543,0.314897278494171,0.203738637768812,0.075163398509054,0.491696873636254,0.210450542744435,0.0454098723126631,0.371643164469095,0.800686653283472,7.24395829418181,0.842295154580979,0.302593078276293,0.0428934313748658,2.04867358996903,0.808338653077126,4.15677903425759,0.130574053612667,0.117398269020495,0.124681031215063,0.116020140577449,0.111460988094853,0.100906606080078,64440856.399626,710453953.704818,106724511.6785
7.33138166814714e-08,141.956413723596,2.96302681601347,0.0131632021075518,2.34383100162217e-06,0.000518503308043126,4.60339840153613,0.6572305909801,37.038532899158,1.28163749991132,0.874817161969286,0.531539918943639,171.873345829461,6.12838163096934,13114.671955999,0.845642663506234,0.0657087644668357,0.315147592770886,0.183035277055409,0.0463668279406844,1.00935565819683,0.161647354102166,0.140681091404772,0.483687629811439,0.651076011570982,9.68489420322549,0.84171228626059,0.372567215663044,0.115359281769572,1.51795122321149,1.30055439285779,3.08378194974341,0.125224771067818,0.0650697705320234,0.0986016837868738,0.0422765788098406,0.662394441216868,0.480376206902519,50888038.131401,712721284.619582,115124821.402194
7.30775243098257e-08,92.1730961641558,3.13795418547568,0.0134589028201424,2.01183915842064e-06,0.000331498251571314,3.23081566012066,0.731117040393277,57.9726278587986,3.84167398214479,1.7788712826846,1.15809035381115,175.893873872496,8.24158938886114,6971.46470814799,0.347068049870611,0.0549138494976639,0.428889668370342,0.100799950804353,0.0873223856496194,1.0388906674481,0.117518835540329,0.0711786267493189,0.799276988679691,0.777645834482298,5.69274496144371,0.846504467065791,0.434668467627979,0.157144872450922,3.62323921969992,0.658548567645313,5.50191934896309,0.0672434297121858,0.00440157378238478,0.000501112587405556,0.000114733916450301,0.998293752758576,0.934542693595132,31667823.4723116,415086128.523225,306249.971156097
7.57769178299267e-08,94.8691792438888,2.9440709057191,0.0651888067617388,3.17764276869735e-06,0.000477694907302164,6.07345205064077,0.745093246422653,92.3521850704638,2.02256958650063,2.4016919786143,1.07548147087282,156.591667097886,6.3485846196112,15580.6229944047,0.272207931760342,0.114096312858808,0.774416957795689,0.0781797424316826,0.0299176436943194,0.963646654662202,0.255661040626577,0.0629037694538398,0.43699350950337,0.897611395126509,4.35375554013935,0.858240004571154,0.303666383729748,0.196371171024867,1.44119039964288,0.919458711225767,6.50147040878109,0.0384803127823085,0.00019533749745912,0.00974572557095746,0.000151121150826322,0.996072767087907,0.99492370297081,30972308.5596929,300555138.812969,730081.305434839
8.84274336307471e-08,126.773521303132,3.02065655428486,0.0848185734293547,1.0538800934414e-05,0.000736032701344349,8.33468858054657,0.603335096521963,32.260469433084,2.03457093089647,1.09716258600733,0.603059760345151,166.774950810631,5.00459640915216,15916.7649288774,0.300126917754224,0.0695815837897648,0.521996779187465,0.231577457298721,0.0330200940660395,0.620219762665602,0.133911838907766,0.119508512549141,0.773161905159255,0.875604183612443,7.99882707436262,0.833966562580867,0.467792199763209,0.257421561863717,2.71954032187974,1.97533996800112,3.06389444903477,0.0944603713947516,0.0186048634640407,0.0506895954912728,0.0151428707386403,0.83969075586885,0.803040542935294,39322553.8903826,328901611.694577,29676467.1470421
1.2003467235146e-07,188.217990743525,3.96629320958641,0.0539617717434142,3.45475523041459e-06,0.00164077040158462,2.70530023915684,0.71132142588306,30.6006581586557,2.06989041215231,2.63707141054325,0.927054663027409,250.747974774605,7.87772451861715,7017.14236337254,0.370438428455414,0.137521913854601,0.609579124346328,0.107714781671065,0.0543593294120312,0.646941583784646,0.339194502144168,0.139578947419454,0.412268450805746,0.785902644887971,9.02552001423735,0.930647163319486,0.43155339865784,0.0781604630054807,1.60839397753739,0.908893791350602,4.69311028500921,0.0863589849803421,0.0524820195317486,0.065136362341172,0.050359278752184,0.416861155053556,0.392280727434497,46768723.5546903,378808620.808901,64264046.184465
6.31563682764437e-08,133.402940146134,4.47090373030652,0.0687057617117158,3.61662366652524e-06,0.000905928175577121,5.57867388883493,0.666035995465072,49.5191142532279,1.45269958715139,1.27578323099079,0.811230508306023,207.088716438271,5.00913465042056,11665.8740243991,0.599008620901753,0.0844699328539986,0.496514606683802,0.0752221426617301,0.0951508977476154,1.2376674702365,0.206688858233561,0.0676732489234367,0.820995437427735,0.634584776158199,5.22917506667192,0.848083922097016,0.789359978801105,0.234495302136298,1.92464990603868,1.12652894342873,5.07911209945104,0.0590980192366459,4.38501621221491e-05,8.09100814430789e-05,4.14002412503946e-05,0.999299464824961,0.999258009613714,27741109.127696,250305524.952241,58091.990720924
1.39096607821331e-07,111.568990259206,2.79780587627047,0.0410538418422943,4.42330389607054e-06,0.00294008447699802,2.7939864455067,0.767970042997995,27.2782597400532,1.29847503489894,0.770510441566796,0.948197671402928,215.400461492368,4.98396263319831,6378.95926557284,0.582393441504163,0.147320461732899,0.798460492537825,0.243202687612572,0.0261401174063893,1.05377193239721,0.16682019972474,0.0453512145663642,0.65895000827665,0.572271861747389,10.0021698141004,0.833578419516371,0.890669034439194,0.0598003225201715,1.45571456439267,1.00740894829606,3.96589185267917,0.0942588163628861,0.0628934164019526,0.0768688458431846,0.058966252799906,0.374421883541457,0.332758262528782,39181820.8006863,328004846.444453,78389922.2202743
8.16454326026419e-08,103.784200601856,3.46098464629655,0.010780444696675,1.15868843817487e-05,0.000492456656432034,6.5130621744857,0.597407190637863,38.2686781801374,3.7056445458911,1.62885963298042,0.575066824547453,145.955757063175,4.66682923303383,16123.2359490795,0.861440647590696,0.132817826230739,0.708104601124208,0.228352986612248,0.0260571488001533,0.604266340560589,0.135241824992567,0.0484957803031644,0.487221687201221,0.509768581494908,15.8034109102018,0.859789533825907,0.952241242003445,0.0716974906282099,2.14338549611941,1.99703758166966,4.18243888685946,0.116193264916624,0.0579466610979221,0.103763060688627,0.0390871962325956,0.663601876919087,0.501290706139444,32412175.7653736,443312756.15864,78200011.9466859
1.55092639516718e-07,94.2623772409242,2.31361755184098,0.0501990773404881,9.10354917293848e-06,0.000621019008555137,2.99563791357604,0.715740711317492,66.4313533437782,2.22827926901169,0.978122475669414,0.540478714361589,210.889796215742,5.58562189832566,11911.814467303,0.798293988221779,0.113605870192325,0.334244268848209,0.0865773279561471,0.0649093148132439,0.698401062009395,0.254674637485182,0.112817640781411,0.511472138841681,0.635192239176674,8.08108575250518,0.844753070194062,0.490894541734636,0.0301270780868297,1.33649852073565,0.719900268017118,3.06604925049976,0.110906962733557,0.0692152033605319,0.0908230594388739,0.0643098980274675,0.420145530610502,0.375916519084428,39575129.2346288,389856008.92765,78105610.5558963
6.83595000341595e-08,106.967556412903,3.9047224249403,0.0237268884872109,2.61859767314553e-06,0.000504367194709197,2.95096403107611,0.798302433349316,63.3932822697504,1.96045357018332,1.04822785087047,0.489740139249822,156.481875664244,7.51495967501631,19667.2265511228,0.494085396328486,0.0572007326820573,0.348498649086848,0.280203828861527,0.0539122621435522,0.943761603572249,0.123630615991932,0.0781663881955917,0.793323551711584,0.530933125997512,11.3544720802417,0.8906548476356,0.608310548145664,0.0249787493329693,1.54631153483556,1.3802852169071,5.83170267636051,0.10745790453105,0.000262469360611542,0.000401670266795483,0.000172841279698122,0.998391544293997,0.997557468091743,28600402.1260374,328537228.964819,72626.6359803657
6.90689205453237e-08,189.365410230937,2.42111642870142,0.0414940582674056,2.58555666043601e-06,0.00168129363436722,8.13725607651027,0.627776885254463,39.0106149371773,2.45270977122922,1.61053970019432,0.555807500167102,235.191392724478,4.11454454661939,15779.8982680217,0.284126546474036,0.0640700608584114,0.526787875709921,0.0770567576757165,0.0487748315209581,0.592323220880913,0.160950799589252,0.0851688175880503,0.724871703368886,0.816059810858166,6.62115280480232,0.973894297485246,0.631199592017929,0.0741261139564656,2.14586288637964,1.91158461166803,5.1474641106005,0.089169003336577,0.032002361818548,0.0526893635010546,0.0288004314270158,0.67701297144361,0.641104412732392,77203011.7431409,753598871.893512,105293151.394599
1.61123469722292e-07,76.4246831279273,4.40367828024102,0.0309996393395593,5.84956717145377e-06,0.00115267628670328,8.68531304923438,0.743951292605628,29.9638736937883,2.66698064343228,2.04728751186763,1.23915978898436,158.299076726403,4.35874689005664,6742.62567720417,0.323454076386783,0.124618790986372,0.354737429830232,0.0986007087405002,0.0370703824146,0.525803837002458,0.115143687479819,0.0866304912850816,0.432425529736757,0.543374213313103,14.2251412152679,0.910894459602906,0.59041339648759,0.0508214450177202,3.2995560537719,0.679639043437429,5.77343903548424,0.0692886219371079,0.0179409514220243,0.0185204161602062,0.00441903233805657,0.936222828301194,0.741069299396529,17834835.7460199,198739118.183544,17757864.6105662
1.34497142414077e-07,54.7206660843678,2.38288211974174,0.0154204003502719,2.33019357691216e-06,0.000635366129572394,4.00409975900397,0.813244102484603,45.0540257138866,2.3967929560645,0.765278733988378,1.00816952592856,301.776421652632,6.96065427186469,5142.11379411948,0.252956748674306,0.0617616463956191,0.655560694653448,0.153584735502807,0.071964821778229,1.10320401221786,0.142739989972184,0.0869685232041415,0.409785301125873,0.593303799318659,6.08360756218017,0.942754913166552,0.403613017580567,0.0636383862798138,1.40315719594859,1.14650698670679,3.03463770863682,0.0496397014752437,0.00982457486307874,0.0262233684994293,0.00316197683279681,0.936301453497383,0.802082313730705,24296104.1786838,323876261.302338,30935716.7056477
1.156016655719e-07,153.122893511735,3.97520353964719,0.052346936341984,1.35095840477044e-05,0.00187963448187472,2.94007277773328,0.615548116023131,66.9418853874513,2.81692029437768,0.85489407286239,0.676007408247599,137.533385891379,4.97087258898537,11928.5837120111,0.99423114677353,0.0809929292171987,0.424573496618767,0.107130065730281,0.075719347687485,0.517251027692384,0.198635588467192,0.0669144289102427,0.707892377542549,0.600777355132545,6.62950921435743,0.866056904618125,0.424024757113335,0.0310717308238136,2.21578781830026,0.659374721521476,6.62136591016929,0.116991525940257,0.0733471605067794,0.0947479821905682,0.0670488046015278,0.426891785001871,0.373055784021185,38039866.5214085,327098232.049004,62165556.2588977
7.72837953874536e-08,58.2949384333771,3.23383349221298,0.034571847648938,9.18717040742976e-06,0.000531415141018556,3.90215844132395,0.778352986982421,30.9598010004984,3.64162382808566,1.0836306897992,0.633386299937017,168.183277066585,4.80543507580699,12913.8858792183,0.422921052695516,0.0540409739909525,0.61291973721127,0.0869784500169501,0.0529761687467037,0.570532497715203,0.163241268928979,0.0566427300307727,0.7831834602887,0.756799705634409,14.5557699496674,0.978411939694383,0.423664546952893,0.0941551162015625,1.98304072910172,0.609400484037939,3.90344166429756,0,0,0,0,NA,NA,0,0,0
8.0463184506742e-08,95.3840071638818,2.70302663366913,0.0182889412380926,2.19010093952044e-06,0.00160140847653246,2.90294808674981,0.825009888429885,76.6217960635366,1.29156251337333,1.16587440115573,0.822305814483193,155.729030037401,4.73117351101717,6531.65536549278,0.293093336457466,0.136797580444827,0.673821263585815,0.163937744390108,0.0816183284927461,0.808994763215668,0.239490089737175,0.0916846952043295,0.493516433251384,0.665475305457845,13.8880592125968,0.866533637642766,0.845211123276734,0.0367849192586108,2.02888259036417,1.83988791928493,3.84701896999207,0.0758101705618767,0.0155395303891525,0.0445265313633991,0.00676218964282556,0.910801023230699,0.795020506167189,36684795.0570654,417982809.237139,46789182.242405
1.03642087927676e-07,99.2620968834337,3.40131914617593,0.078407784686848,3.87277225033326e-06,0.000401758049364245,8.73370423798717,0.95,56.984259829292,3.11108674646771,2.658995967237,0.642606881491879,158.119235048267,5.67363445888926,7134.93103381514,0.417506427203971,0.150073655292775,0.393994223693725,0.0973889809004227,0.0626933273945678,0.618892451553659,0.213010877029446,0.103563818872828,0.482094754744569,0.523918619599825,6.54139985183951,0.958085173215463,0.310890982430707,0.0447219835958359,1.69098747893883,0.864457135235646,5.03762353936553,0.0819946581393784,0.0244568085687789,0.0189394823108178,0.00430482617840588,0.947498699597133,0.701726806065756,27717426.5720437,248783700.331592,10378013.9449005
1.38160327510085e-07,85.5672881701656,2.18550614012879,0.0418482561400536,6.85085578873911e-06,0.00163510915413845,6.56484685700745,0.765505394910744,83.05315933075,1.17609310802686,2.56083297694305,0.535581496999002,176.882146214145,7.87233051014613,6318.92926884634,0.955498185910938,0.17380685290266,0.413649184627633,0.168695587527246,0.0422800660632615,0.650774030232025,0.185026745215312,0.0687257572243253,0.594337514778298,0.684362477259725,10.4665483580912,0.969161641297889,0.39959462909939,0.0313078908246994,3.9747518977326,1.42881761668715,6.03754977476735,0.121727901742148,0.0782463297065345,0.0976754232927394,0.0708414393610736,0.418034498687617,0.357203002872085,38446813.7516037,373647009.378214,55254327.5192388
6.4243195606415e-08,90.2574506959909,4.02575735795451,0.0154373704679211,4.92562300435562e-06,0.000920350762544331,2.93184297466638,0.947140184563686,33.5279372712811,3.03155548354063,1.6249480862707,0.484352958415821,305.66952832045,5.32596757487255,7040.99386943944,0.5183943743661,0.0819797938242667,0.68893090638217,0.091356459699635,0.073226262372187,0.76232019994436,0.21220033048819,0.0497991075949619,0.80025801033297,0.522534127258916,11.9066461577237,0.918317210377155,0.817782281757498,0.0675157946335172,1.87972644049838,0.96300489448762,4.53125638437762,0,0,0,0,NA,NA,0,0,0
1.96390879235363e-07,64.2379002179995,2.37681944608223,0.00991024371718232,7.91773980453041e-06,0.000409743605872143,2.60309160914737,0.820759362075767,71.5708806164588,1.21597797047435,2.77986913211379,0.915109793534845,239.578087763646,6.55318183789529,12870.5753216976,0.262501432801297,0.0671819292231343,0.718751487850771,0.18894019718473,0.041826067359999,0.816941361589041,0.126710580623142,0.0468299452709474,0.6286143240113,0.503821733320287,8.95447906831913,0.841029238034149,0.634063819150243,0.0306491941621702,3.85773807531362,1.25269471517964,4.7200546390647,0.0667435227718343,0.028860838282358,0.0402226137219404,0.0241468954505658,0.638213650587293,0.567585930682441,28428198.8330184,418621807.974966,78305382.1063806
1.07085826844203e-07,101.782499789506,2.7460819851521,0.0639772572159318,4.86114085078942e-06,0.00106140530830819,2.90835549235747,0.563922717155286,38.4225311772851,1.49876486407443,2.13176660075671,0.888087585739592,168.129486109451,5.20969027911241,6257.63179382963,0.418440716588156,0.0962830308978099,0.557488465879752,0.163191925618676,0.0524889561913184,0.775545495978357,0.164771924460376,0.0664841334099159,0.784102169474811,0.642980546024202,9.71493056255598,0.962711532044976,0.592686826274284,0.0997704315484001,1.99733763412148,1.04072485376105,7.02892498127901,0.0872439633733777,0.0240870827897947,0.039380288299609,0.0174235601841665,0.800289217609258,0.723911181261799,35704345.4068617,324943715.518439,36698341.1121254
7.99462448150712e-08,192.965666486517,3.93021447246181,0.0456787563340218,4.99224342599829e-06,0.000996801912386581,3.54978534095797,0.838400528475913,52.2522597183363,1.24454448913542,1.62037960905268,0.613902239118029,231.178592641313,3.91261373291639,14726.4191955432,0.812631598507848,0.0510945035788188,0.403386187793225,0.168110251354082,0.0266873191775068,1.09515994884951,0.181998328729117,0.0995538822549452,0.645743856598736,0.842437326174797,4.69589528574708,0.916270509253946,0.495959538678245,0.13927781368127,1.9333662693011,1.53406497257189,5.57101355487503,0.115765017367379,0.0558408982967199,0.0829692692710308,0.050656728526434,0.562417648453543,0.517635814630342,49075935.6848124,499483920.636682,56808664.1174291
6.34290904295185e-08,124.436568196085,3.06838427703703,0.0571301492879676,9.41190261126609e-06,0.000738100681036267,5.93739723459578,0.756680540029339,81.5720874931966,1.14226536422452,0.929318780872773,0.522774411213086,263.97558479457,4.91077673709027,9489.44765678444,0.359735579901772,0.108802104491768,0.435109787635978,0.149018906592562,0.0434494593056297,0.539466383415262,0.128409890572405,0.12459743271428,0.378663980103027,0.630792256447121,4.76178688351981,0.96518456190095,0.295058536230127,0.0340052826840704,3.48187147986925,1.4254690626772,3.12966464571638,0.1015407920921,0.0320831561599322,0.00293554541588025,0.000918725694650996,0.990952151586353,0.684036774788679,39594446.4885361,390567626.806909,1366473.2926683
1.01002150249277e-07,155.43511396245,2.12097274103404,0.0207773598724052,1.10888697135513e-05,0.00113454789392388,3.85511866181693,0.755445167714667,38.6916158439643,1.49329725758567,1.24828140777753,0.488135524791857,293.776277752,4.59874131466415,7705.68610238754,0.385746444416651,0.0650180463188593,0.677192099951212,0.169301306700007,0.0708252319655535,0.782121575972848,0.17040353208062,0.112644547864905,0.407153521744798,0.596966371269001,10.1854344138403,0.919632048659301,0.739491937393026,0.148171115403731,2.12789948378303,0.622218526442431,5.09663538381648,0.107863277350295,0.0748830137593072,0.0871644896830787,0.0687418945445328,0.362694178841909,0.305759887898471,74130791.9045212,877068303.782619,138719159.513077
1.16129461654223e-07,63.9816110970892,3.0393648305913,0.025977869816527,1.43594063967891e-05,0.00259561794020265,3.05644146752792,0.732379093073672,70.672020485626,2.68073908060937,2.41631158710298,0.892855258730003,145.030526331962,5.48086487065094,9434.20735339606,0.466201228265713,0.0595303425427563,0.661948931941916,0.0790384217600456,0.0641050355364518,0.784022572803588,0.138641418919205,0.131789279557823,0.911423274062852,0.692084813357412,12.2149432619074,0.98924010023793,0.290765775149042,0.0327450034075816,3.45302701566116,0.691743638790589,5.37861455429525,0.0477682547930177,0.00670209772215233,0.000947717486603661,0.000398325010486352,0.991661302841975,0.859695570809676,21166572.3384385,204630784.492093,1087405.71471626
1.18067458873315e-07,68.6566625372576,3.82989775262098,0.0191073729859951,3.37759562297101e-06,0.00150002958458691,4.4246278111591,0.771887554399455,95.0977448783221,1.67046653409091,0.822125231601983,0.526071482815015,160.624426557503,6.43105504649315,13045.0488963377,0.870020827837103,0.0953657739650187,0.547923104795376,0.253566481202157,0.0469977278009084,0.973927992727308,0.383841857638856,0.0441593679118662,0.543816902624373,0.758257429197399,15.1432829558051,0.836038745692828,0.811859407500771,0.0316814728807855,1.32667830830222,0.654065753749949,5.22752095566485,0.102027707495958,0.0209322072356433,0.0578337382731337,0.000979048734633817,0.990404089647191,0.79483801264012,18637085.4724292,208808655.492685,589780.748066207
8.02031787283561e-08,127.955690978079,2.6380428207615,0.075617765167477,3.42426793184711e-06,0.0022082995154079,3.14179888748373,0.567772398115302,78.5538054249815,2.0624555715451,1.22959625398593,0.920345596526542,283.075909850418,4.44904499926778,9547.01655336649,0.908837450682612,0.0826917867165426,0.725705982834317,0.259627989897312,0.0785324924685829,0.757108114724796,0.150842581833477,0.0829962960825068,0.436105477551968,0.57545434093586,5.38505317156607,0.844273349532887,0.993755970480755,0.267527664795528,1.80656798858916,0.643242921956152,4.08945568772175,0.118313779518932,0.057687266549473,0.0828187454043382,0.0396925449878311,0.664514605574918,0.512421403626598,45464773.3857359,359235574.989877,53928867.3925932
1.01942422784727e-07,133.996335693809,2.55575404885115,0.0311286912066896,2.36012797089486e-06,0.000739194755146024,4.70034509799405,0.619123230851619,48.1125975408553,1.66067891709617,2.92706776015393,0.674495766996864,250.277661301094,4.07546220043258,9513.04653894175,0.831088244027386,0.0864128785196099,0.429719673126626,0.261727462856233,0.0308246887134945,0.535130385480904,0.161419288337287,0.053588706655626,0.849310644837579,0.836971836372734,15.3254096199325,0.850570056278283,0.329687898865952,0.0356464841020825,2.25152693603569,2.31240761161195,7.83727054299443,0.129299994099997,0.0966109103117094,0.116506242199019,0.0927238903626109,0.282877845370194,0.252815818096686,52953446.7980884,617565060.143838,90263039.7970673
1.72758663488222e-07,97.9292749011804,2.38913908175458,0.0250740629513429,1.45168984066172e-05,0.000393752111516611,3.28654682001896,0.683310660035275,51.368885013817,1.4965660990068,1.57124023632159,1.1911286969133,164.813387042452,5.60213258301688,6942.10743132119,0.333174849653758,0.0992862661510427,0.799478952657856,0.176875716231942,0.0250824412251013,1.14807172905627,0.18816493241633,0.0589925419459787,0.811408200972993,0.547090297507471,14.0937903813828,0.998601710064355,0.351380077529142,0.0208230982529759,2.87133105587992,1.52182320328047,5.54100623698394,0.0706090598557699,0.0440471276707676,0.0479286027088241,0.0394732709555659,0.440960253029905,0.376183059783819,41518158.7018201,516126526.300243,70093780.4264199
7.82695198719186e-08,62.676808326067,3.18114065824032,0.0812898005827181,3.19695746140524e-06,0.00037428886358849,9.96639458239468,0.580657208738169,44.3409605166006,3.19180387003177,1.75486293240694,1.22833049549971,123.904781151003,5.35570863190014,10340.98095234,0.75132085334044,0.0659859724666561,0.531527998041378,0.10067234648048,0.0371727491518417,1.10163705432451,0.226671480188184,0.0537032202074113,0.501761068973264,0.874489780862268,12.0516855532318,0.902427503584214,0.273828193909124,0.230479230657794,3.67966493192363,1.29510182573439,3.04233364828082,0,0,0,0,NA,NA,0,0,0
1.51332555646576e-07,146.881764491465,3.41314967331969,0.0814968319537206,2.47652295763754e-06,0.002336066040678,4.79233569236137,0.780858832801852,37.6760969362673,1.57502364696073,0.915774385734313,0.591596845474176,267.449828056737,4.70567588178278,9566.43488950128,0.705416235217559,0.0519146975255273,0.396775711951621,0.0975291183221843,0.0338447113292094,1.21474874896263,0.170142695355084,0.085859302355343,0.573286909338956,0.626378761762145,6.33838815541662,0.908704106846503,0.935543689367743,0.259733265582534,1.52762517886065,0.636152571361004,6.8476096644905,0.0889933551962329,0.0623931399895496,0.0739163806168837,0.0596976838083511,0.329189424573149,0.298901138720178,40522572.5107722,255451039.431836,59304927.3249468
1.09388588077711e-07,116.974015264357,2.30183739851841,0.0617167004287056,7.5232056194336e-06,0.00216049487464159,5.49939675850459,0.842007228352781,81.8855907440184,2.87504515732038,0.980097116890741,1.08498890843625,124.244561583342,8.08800808914345,18657.9750649421,0.291437668841113,0.0534280871483989,0.408798008320559,0.165608905270417,0.0413540421868601,1.15538565292511,0.112143248121478,0.0914211432977579,0.851363629066685,0.588885682093504,13.3777074718441,0.863519827791627,0.900555180243512,0.0915832788954575,3.57752388436525,0.914795955941289,7.49749290433145,0.0818268658814503,0.0374802258840317,0.0547664321424236,0.0329984933608971,0.596727883862681,0.541956966330196,48181973.0584575,396998465.933838,85434698.9902368
6.25165135942988e-08,122.041208350765,2.96794232534243,0.0867196447538389,4.39570290346755e-06,0.00119961389841473,5.20182272427879,0.854121754542962,42.090842814413,1.0684549101187,0.883030937156016,1.0218444294641,153.784483514377,7.35222936019461,5130.82400470129,0.256454026287803,0.089306998915885,0.680549260720094,0.0997325410788415,0.083042388552662,0.530566460636904,0.193919477871543,0.0882982915445277,0.484161521897555,0.591554048151683,8.28705768120951,0.857883995087457,0.255042972528692,0.037040273869316,1.39574759388248,1.53684286630151,3.09594290764652,0.0629357223852551,0.0129552834840257,0.0309001506613559,0.000335665536332465,0.994666533987205,0.794150555630058,37694024.7142491,307324340.957809,1717393.82497729
6.4441334934914e-08,74.4314367312247,3.37020486867812,0.0105665785438167,8.35983056299433e-06,0.000992330571468135,6.66433108322064,0.646324164547515,56.6224273757058,3.63944014303524,2.7383249687486,0.709415498989509,258.628219161223,7.14642562939776,5155.77044925142,0.63633658131243,0.0616870391471999,0.517200921600613,0.260707428753978,0.051134120706084,0.637630753672,0.304047001689736,0.0664077069057984,0.826715605182208,0.825904764677566,10.8274296140317,0.903054202261856,0.460573768998791,0.0203809518794525,1.58640611268603,1.6950408097525,5.63457985512634,0,0,0,0,NA,NA,0,0,0
7.84690517549412e-08,59.7206229583476,2.48885307068667,0.014848001391683,1.04544617867486e-05,0.00202963327443718,2.74408599938329,0.791024787136583,35.4071840463847,3.13517366997532,2.19384296998097,1.08897001941102,245.624876746067,4.84317340725576,10105.1896749473,0.648597718049503,0.0801505778547854,0.743443000049291,0.268713582557225,0.0593468099852445,0.825680790520516,0.20142652456808,0.0538606714798679,0.909922374670399,0.757527434557595,13.5695511710908,0.865861919411963,0.876905894197718,0.0265984143353467,2.25433558487157,1.36565876446277,7.25108465045977,0,0,0,0,NA,NA,0,0,0
9.08777092417149e-08,74.7769326374841,3.75088929842995,0.0238025098332977,4.77711313878062e-06,0.000754934939133028,5.01304223980379,0.889159409244465,85.9329929215558,2.13367028234995,0.807138510806535,0.879490764842094,148.073193155997,5.25911609432126,14347.6785176961,0.271344556818747,0.104707952314553,0.3193478856958,0.103666655176596,0.0431894587198533,0.522443437021249,0.39554079721953,0.0544605036613263,0.624727009063456,0.835681023934144,4.34495187899024,0.927932188249162,0.952719655958126,0.0797733394613735,2.72687488380303,0.836921820930057,7.00049956391413,0.0733509927549683,6.06275636428742e-05,0.0001616244603723,5.84279849074477e-05,0.999203446569529,0.999173459535232,20581055.6771731,227695444.131243,49080.1580894878
8.7890097994438e-08,145.732085597497,3.2855677827014,0.0330170024294886,6.27628032413028e-06,0.000465287510523759,4.9579030844634,0.894648273151597,60.5758488046682,2.32022279190296,1.67562509392237,0.648811259957022,160.307871523271,5.92503662714253,9373.95956028298,0.520039591530426,0.116212143132324,0.31865904772964,0.0933214545167738,0.087290331194233,1.12118620443743,0.233359530152308,0.0957291516858147,0.519286493220922,0.894604796514642,4.74165953589301,0.972961351779605,0.601744451083064,0.121567373798629,1.74448497264251,1.97754915213199,5.8795024995492,0.096669586765578,0.0255822560111905,0.0494559682643584,0.02226286927046,0.769701412664078,0.735363966402101,45379049.2154953,547615031.223029,48263166.19604
1.56565479561701e-07,62.6561195369635,2.98493392357158,0.0377708396046868,1.96567281602328e-06,0.00183742671648644,7.11823228967689,0.661422815926157,43.0952782997761,1.30948281352554,2.81665896086217,0.552960910313463,242.268611754139,4.02618710040279,6453.49398741813,0.525435888931785,0.137634655058901,0.746359074236959,0.175983311303553,0.0303106071246241,1.17107192480167,0.298117578793723,0.0636683215841,0.78736933486762,0.627283597115472,6.75889524313328,0.906975786507379,0.38215595666069,0.097176369037525,1.2545528069421,2.01954129855659,5.64896325658781,0.0620325820751596,0.0118594619018047,0.0220383445974034,0.00813455885610876,0.868866350811372,0.808818825445061,20982939.7563905,207539924.865056,39306203.2141821
1.0409637838058e-07,52.0859712007062,2.51887374327055,0.0638058205965535,1.47803789318075e-05,0.000453359764128179,2.8666110417176,0.868523122238808,71.1178397410051,1.51427179277184,2.71632270161092,0.927954560492001,206.066683431864,3.85503107639428,18532.564242523,0.997866907024662,0.0705213989189038,0.427241017307213,0.180699800493377,0.0374666800930275,0.612939556773509,0.159631403999526,0.0694287709513334,0.637606046578185,0.663750272408921,8.3378933321042,0.885881381621652,0.415456617146859,0.0432687006245398,2.17708373507756,1.95466312663292,3.92533900278869,0.110269628848801,0.0325458648232782,0.00156908569321452,0.000482258916319678,0.995626548113434,0.70485196002696,19699448.9224707,192396758.387787,189614.201837563
9.87704277359482e-08,194.578891491454,2.39963220793195,0.0768281427342476,6.03722172783399e-06,0.00106732184346815,7.87826424687732,0.584323840645096,65.9770628993892,3.99888951772776,2.26895044091531,0.763430574595914,206.233690244717,7.43221070719873,5738.74532823524,0.252105679435042,0.0605523566527369,0.392647818046131,0.183961187733033,0.0618292841537876,0.89817950459944,0.356908644166426,0.127369058828076,0.651701542304577,0.545827376890944,15.1345400167962,0.901813029402232,0.472423228815006,0.190389987138694,1.417278715628,1.28841917003597,6.85807327368846,0.104119489583756,0.0745379061983811,0.088333896883789,0.0702890312873137,0.324919555711307,0.284111874766526,75781542.8747013,561598194.242598,131951209.411138
1.78505911574208e-07,60.0208262255921,3.3681731642199,0.0370012521465811,1.76391766952525e-06,0.00223128029111699,6.50619441500767,0.573547710160066,75.7676467291999,2.4162177801234,1.23631255495594,0.932422987109156,268.314053650497,7.30570904012552,8608.38907340699,0.652490144996856,0.0731697070247271,0.395650519579583,0.0868437600373122,0.0487297938987438,0.588349705262072,0.215946718286716,0.130445536766608,0.496768980857201,0.739834026650753,15.4294949261191,0.971641753014864,0.88425196241976,0.0337526431042234,1.53274297400889,1.3483709763976,6.66799675418452,0.0815734334039767,0.0172574707099675,0.0352615454514135,0.00949770106072046,0.883568697989149,0.788442511368827,17879609.6523723,169816008.726672,19600706.6664286
1.92144483537582e-07,156.952200536527,2.9232860002943,0.0205847486737915,1.42504478871122e-05,0.000718269885001206,6.5237332369982,0.793986851187678,30.4511963132556,3.04893695252398,2.42011586592903,0.615867725621511,308.071622468029,7.97045040746446,10861.8063434742,0.500800492655317,0.0532991418997039,0.332808982371569,0.191764060237038,0.0499383971711396,1.0584426259703,0.147160760532654,0.122061968266004,0.374444054348974,0.689251719812495,6.28198052126105,0.912760170604295,0.323109447140501,0.224351063195546,2.76810866256949,0.822422728541727,3.05156664620806,0.11737572387243,0.0960184659802909,0.104966827740782,0.0921594360413613,0.214833928167929,0.181956346572575,53776694.4151061,627813628.658553,86684130.0861614
6.85123196952402e-08,104.437998155252,4.37762810953132,0.0168597650901731,5.03416038782704e-06,0.000363873922665186,6.965962797521,0.806282005577928,29.2247374618832,1.22466008717889,0.951814583796561,1.16857328453305,142.558835491944,3.95405665907756,7416.76834230711,0.626552827838334,0.072081184986174,0.501751718352019,0.208293121100118,0.0355360187738394,0.565940364871557,0.133554721387293,0.076372907295961,0.406079307172375,0.493779575896983,5.63067316532942,0.879546438431604,0.392967802097732,0.022382916131153,2.80740996036822,0.728158662664204,7.14805162932241,0,0,0,0,NA,NA,0,0,0
8.50519761970178e-08,75.14056590966,2.39416817673388,0.0552639531728037,3.19174307740367e-06,0.0010475967943275,7.41004352631434,0.921733497118633,94.8325073694377,2.62708987719403,1.9074739235692,0.760052204109344,303.524407820557,8.2137073818707,5771.37762686263,0.336553285435726,0.18128749517476,0.6778709514277,0.220568279027636,0.0451116961541816,0.536888345944801,0.251739133256755,0.0611068528664559,0.546948026527581,0.537462339305733,5.67494482347909,0.969583879613194,0.269461585905569,0.165914629783226,1.70190051981524,1.15671476012941,4.35930593863071,0.0901889744943283,0.0269538866243723,0.00272882526807548,0.00088029366408876,0.990239453669094,0.701139892370466,30383748.0803818,294121106.852199,1346471.1326871
8.17744629231488e-08,55.7913664100201,2.22475222851584,0.044142951374825,1.88704292444024e-06,0.00105152011856022,3.62769783383187,0.568581870366103,83.8765186179533,1.34007816402267,1.36728341594896,0.758570399295126,225.780520935573,6.67009324451125,7029.74052151581,0.581839668847587,0.176835034497535,0.538510335432089,0.214781346343103,0.0404402319629693,0.832621711559532,0.379909005539904,0.0824464438792272,0.632424372408511,0.533953162467524,5.86436195097059,0.959695512294657,0.384518816317698,0.104839332219237,1.87614412894684,0.644647224027058,6.18558245986413,0.0959909024473452,0.000247714531884231,0.000316991442474979,0.000151948517302698,0.998417052934927,0.997419395738881,24282111.570512,238881480.003698,75999.7265025164
1.25021797889906e-07,53.3234051018035,2.37859822909849,0.051651418062046,9.14822447994809e-06,0.00129473900537203,3.61283282411909,0.939838876822844,29.1533922162184,2.19297498545734,1.58215675561913,0.56429829981275,249.904279112515,4.16015148554873,16477.5906868755,0.297326898804779,0.0577271550744817,0.564019365390519,0.076659999937567,0.0402304124704431,0.541891396260593,0.11360831180652,0.0930750257130246,0.369230250450216,0.663597269321632,9.17868702402129,0.924645483187081,0.875039141277851,0.026024825277729,4.4247247626169,1.6479548652575,3.50349618779156,0.0504483327976761,0.0089566149322949,0.0241982700506087,0.0006979381539854,0.986165288022807,0.822459644638495,21794425.1149319,210173629.370254,3416232.59595315
6.96555188530096e-08,77.4202749302692,4.19864918772797,0.0172313770885936,5.04770619154643e-06,0.000665051681883675,7.54457683829917,0.59511254282019,66.1886982202184,3.6685797586268,2.17136720664476,1.1536762740672,265.857134951967,6.99440863324959,5316.60779748133,0.484776944044981,0.100519484917412,0.375345982740476,0.198986243231369,0.0733150108029458,0.985664336858095,0.237843111829615,0.0379403650337037,0.361280725859077,0.567963341324216,6.927967598018,0.867963289109957,0.374630840269357,0.0848818075165765,2.38494461016326,0.763809829245581,3.15280901727202,0,0,0,0,NA,NA,0,0,0
1.04790333248792e-07,85.7141680926532,3.84183424981541,0.0502696627339289,1.05876990860671e-05,0.00208889274226483,2.68343887255684,0.699972204004942,65.5398386931806,2.61759073138323,1.30335585407217,0.585468257277257,142.060274544969,6.15522894764683,7558.64279918292,0.399073000788818,0.0882424820715439,0.729610625492062,0.220301159191232,0.0662297387071431,1.18110810961815,0.362362620659656,0.0959255815189048,0.461683836879293,0.888365300707189,7.96472418916936,0.939201665869792,0.257734993889611,0.285897565186663,2.77942286105471,0.873514826089867,7.42384812000988,0.0621906490083668,0.00120053251680609,0.0016679096339912,0.000642088620062462,0.989675479669362,0.980695932009898,21576328.4123069,193883132.012465,901335.154291505
5.26741359802502e-08,62.9564537163749,2.33627134483489,0.0208964697915882,3.04798791088457e-06,0.00122745392851161,4.26714995396364,0.758136925521189,76.9656172391896,1.05291073726556,0.927679093212643,0.898738530967787,238.032899491995,5.49697489682631,11196.9615182817,0.344290968716846,0.186707219056602,0.338411504511711,0.0958778647902427,0.097914441540003,0.905631525677058,0.178122017081704,0.0538316380473213,0.502617082010276,0.906235564592713,11.6045631112857,0.919073315618545,0.724949609830283,0.0234424545472683,2.33401529054779,0.615253391142838,6.86025529561659,0,0,0,0,NA,NA,0,0,0
1.665103226583e-07,82.3724547796262,2.59604676010442,0.0299489859548407,1.82261919504902e-06,0.0012093593165688,4.50580900198635,0.906877872870146,25.8869646058638,1.2595691220138,0.902430592336674,0.494904310025372,278.650388292076,6.9271652701452,7582.66594359106,0.326257618897771,0.197452617616551,0.391527092472931,0.162720471972188,0.0456411783202805,0.615272679736262,0.214203565697225,0.0407422711675163,0.893281235809495,0.820668969480025,6.70403640096458,0.876320748930283,0.578332239340419,0.0505693633351151,3.55403595938339,2.31149720820134,4.19294826129347,0.09436788772599,0.0404748172893802,0.0650077256555274,0.0376031092314696,0.601526428771456,0.571095440782734,32062051.3443286,349071946.100309,52412872.1188994
1.50923694394464e-07,86.0373602108824,3.31340588172849,0.0113774183586293,2.0437470294972e-06,0.000342331810185534,5.98941260128489,0.654089181578481,36.8555268832352,2.74934681233649,0.894512924874776,0.689457256686392,169.378254179677,7.66302113085667,18605.9326739555,0.256066824226139,0.0784082872192096,0.561784705979506,0.241098254465078,0.0309794553179104,0.976976714017248,0.305724373758642,0.133426759308928,0.589144318129803,0.7454317011158,4.3740863510223,0.880245946284191,0.471840929223727,0.144729691132274,2.27031347233826,1.81482518125305,6.29376570914335,0.0765846439114776,0.0226189241140161,0.0400438515627374,0.0189246292068468,0.752892639564645,0.704654576181607,27625866.4644363,406955790.194041,51361652.3409809
1.21310500209564e-07,160.359043716154,2.78193511666975,0.0339690414593044,2.0188989198803e-06,0.00126891760255121,4.7358597936673,0.725579168889635,83.7879679168367,2.68731704937995,0.952077313241062,0.633716277198749,202.680525530113,3.94190058385487,10434.9406444882,0.554987604967111,0.19917726800608,0.783108867929502,0.294124641330799,0.0325283103173263,0.563319434724632,0.299824997200219,0.0729933715491447,0.627353979771468,0.79164965830213,6.46619296249151,0.990520282477053,0.803171990243332,0.037224670038741,1.49802961727966,1.85778930465376,3.23440908280312,0.120567736490333,0.0980576130928435,0.108644919073024,0.0953492510441557,0.209164459583257,0.186701053306198,57441945.1239544,573708225.276863,90985224.923094
9.35376472263816e-08,176.17373397837,3.28128004607023,0.0510747763932713,2.85653696353126e-06,0.0011774817996738,7.81056448790506,0.733510781126125,74.3134173708783,3.41070330973327,1.21799424154919,0.860421879262911,186.810480392405,5.44309935906563,7887.64667837709,0.610340065448178,0.187944827984449,0.658933175709116,0.2502711832524,0.0782797560237812,0.570148126817487,0.262406910329866,0.0396010227555268,0.903150358470582,0.831894735594487,4.44730802086565,0.943033437616028,0.421168537133418,0.107864008966071,1.30123996166161,1.50299839080314,4.75032120601792,0.118723148692558,0.0815659953515577,0.0997651431276374,0.0782327956947235,0.3410485102841,0.312973112237964,53000655.4502123,492388438.260742,74021885.6819672
1.48832751161598e-07,154.410473148047,2.13232912297317,0.0691457801862516,1.20026392273857e-05,0.00144690227155199,8.16064944162853,0.81719416985973,39.9249063176348,1.64104116838824,2.30698151032612,0.499528143281242,208.285454776921,7.78516454233795,5120.607938083,0.536551908662357,0.166640674322013,0.69878996664389,0.247199067044692,0.0702328502968461,0.549093147626154,0.268922647563392,0.058363351429046,0.520302500778587,0.810793030866028,5.88781745884883,0.888324921286192,0.419485702943069,0.124481769481358,3.18166085655281,2.37994351988203,6.33532075363676,0.120956297577779,0.104818229980518,0.113518635845159,0.103414389133083,0.145026830317919,0.13342064795662,66768902.8666665,482856510.433896,104091877.505824
1.41123903872628e-07,55.0028752654831,2.242313452759,0.053822640170657,7.78418508750397e-06,0.000412019924267329,4.29470562426151,0.895800847248352,28.3944450034385,1.37481688875727,0.911687104036103,1.24519752736265,278.205836394974,3.95624942699315,17437.7844491271,0.981233108148204,0.0831831933644153,0.475772644726879,0.276336673163156,0.0358223932490829,0.63609049828885,0.10645146490903,0.0383589273139862,0.385414859555009,0.498686167994744,13.7160114213454,0.872221512550059,0.704687854001672,0.0251917357079993,2.5681228813832,1.05475775809218,6.19146970417075,0.120013894830987,0.0660554136364667,0.0756133826768854,0.0337420281670124,0.718848986490017,0.449601950428397,23959529.9806097,252775397.230516,50183322.4585198
1.11453798257898e-07,56.5019171611179,2.37071213298259,0.0522702417666687,4.87639708503995e-06,0.0011836216511246,6.60496024500376,0.95,73.7411514096877,3.84739329154133,2.29526643762543,0.988542709362285,290.428622124522,5.80815277495998,8818.51207265526,0.891840827079248,0.140127115316286,0.500740293173902,0.210238857339713,0.0387601760580617,0.91999959966822,0.203823347143231,0.0509111027705954,0.485795945042832,0.8571284851644,7.26400900162001,0.976255854586269,0.305117027630729,0.292664634348392,1.70651353584502,1.02837137050406,7.75104884746865,0.105019027696105,0.0156259343401135,0.00577840887450776,0.00201540083712823,0.98080918399892,0.851208541129037,23140345.2086527,224714640.414363,1193907.57695681
1.10806591162911e-07,149.036013635192,2.92307184551649,0.044573617288738,7.65491761628729e-06,0.000766329821165597,5.17446564944312,0.935530925590528,73.9616863664575,3.71594839795613,1.69343657380432,0.854145081512918,211.68056659529,5.22899781309087,15219.4273891003,0.454220213786703,0.0902086621529111,0.41745983418149,0.26656207580515,0.04405432893532,1.04881658847187,0.283185830781064,0.0754261032803092,0.42325306787925,0.888165344243378,14.8858099256196,0.902683364979611,0.343392099229713,0.0296150600517395,2.09671977277819,2.27624629265841,6.68171670087677,0.11489492745143,0.0763000263287077,0.0956066644491386,0.073762377500147,0.358001444133999,0.335914752538033,50420641.3141069,509491531.358555,75609192.330043
1.45968191664024e-07,163.020044710102,4.10389421477231,0.0846717055960978,5.07560318909806e-06,0.000383502878160114,2.615180096613,0.876189075243437,83.3728217402433,1.73384035704485,2.47991808200696,0.761891000965172,203.53219008273,4.57861647994919,7847.45483868677,0.286151965853318,0.0678381195165858,0.602049377748972,0.176195879705957,0.0517305351654717,1.24878758571249,0.249940067954537,0.11005131544164,0.556980437858817,0.540006083823561,4.0700536624339,0.844086539051508,0.536504282142439,0.181197316771451,1.25638044781337,0.910688360999221,5.17968702208078,0.0635359885132913,0.0414700205897933,0.0494397383096682,0.039101758015527,0.38457307534694,0.347298726907852,37843456.3104748,271265148.15866,63856550.3773373
5.50459899030801e-08,50.0654924814105,2.96112035257546,0.03643637946112,9.15645964014756e-06,0.0005692561597111,4.0394882923574,0.730702381000189,41.4727747056125,1.37945171775966,2.8908618889245,1.04580570811555,137.975739141347,4.67697547928275,5326.54383182555,0.303895258672545,0.18249104475385,0.43633940943938,0.192109274982336,0.0328678244892588,0.653174687414073,0.10869894310347,0.103959461365196,0.388439705742401,0.751997761387364,5.52502851054777,0.923318214093906,0.264751878619446,0.277936447019511,1.77745802641375,1.15114070738032,7.71901575182727,0,0,0,0,NA,NA,0,0,0
8.44733811727162e-08,101.838984056681,4.32299163586799,0.0144611153939695,6.34167521712824e-06,0.000783049004855556,2.67219575931008,0.876694946670155,47.6446685909017,1.05945842374069,1.61493775077882,1.19283112468141,137.241934186753,5.55500624602476,10908.7000385505,0.521764988016033,0.0761514091799931,0.537574506986516,0.245591074216292,0.0592655123106689,0.871437698887662,0.125069890203734,0.121967023848814,0.590178604552863,0.571651178798653,4.01341580518676,0.834914254844025,0.330889875639956,0.0972820020466302,2.37839491971648,1.2628553005281,7.23242810080068,0.0965267673536813,0.0292059216489806,0.00115433545394962,0.000321752473936931,0.996666702068681,0.697431889105248,25127072.469611,309736451.884591,270809.72403426
6.6984145252692e-08,157.750347723089,3.83377372018421,0.0225873102556539,8.09251804480513e-06,0.000377550187035184,2.54842339382166,0.602770070759587,85.6652589870154,3.94032827561833,1.59988160921983,0.68203868009592,309.583947619229,6.58802307356723,12262.5378719196,0.470308675416482,0.0760735458891394,0.507165341558872,0.120445166076567,0.0309982700149131,0.498631278621529,0.189093579313115,0.0831388611245995,0.698875453627063,0.893038386092676,11.3648648749536,0.833653668794594,0.350405121546704,0.0603710933691726,2.15795168085041,1.29847756393806,4.44943801324504,0.106062955901735,0.0161925231488355,0.0746755129865256,0.00349694433055368,0.967029541079418,0.847331021362091,43334594.9368593,565135433.723454,6933420.64989979
1.03684876826207e-07,88.3475258617979,2.30752289268324,0.0890828449896463,6.10824370905035e-06,0.00274112625666383,5.4680850744675,0.610695681759079,55.0318385901893,1.3694196193268,1.93450244130885,0.513221427376729,131.906986369398,5.19235978167601,8327.54246161233,0.534128102556968,0.127971858405551,0.79085566549572,0.114539083187958,0.0827812771167178,0.487456104667017,0.127183371255401,0.104670998457071,0.737910410661233,0.630178752035122,5.29609286010792,0.936004518511148,0.581742140004441,0.233909181224504,3.81761563843628,1.0972092721366,3.58197743752227,0.082235889633968,0.0208790152062072,0.0305658720218473,0.0116501168835767,0.858332937900576,0.746108234505157,34753894.6787639,252835724.018262,25689766.5662744
7.09750902162144e-08,112.86009491668,3.22029827030039,0.0214333363241344,3.03554998175225e-06,0.00134825656641582,4.18302132524272,0.62022581381786,47.6077336471231,2.86993620616784,1.90153272891357,0.917214180199219,226.090565243544,4.22710860841211,8937.52473179613,0.369642783924327,0.146369527329165,0.631505035252066,0.167955148193531,0.0681703688799287,1.27933298985577,0.307259605320621,0.143339974720483,0.612411319667544,0.557355608885616,6.03895187564506,0.891192797977022,0.284734952149692,0.0714544853171325,1.80422302811717,1.88211981959702,7.85610067222839,0.0729930781439057,0.0179526104084237,0.0495528142564171,0.000685456729665305,0.990609291358916,0.754050509104025,36435978.0466955,414499906.672083,2660760.64905022
9.43130255246282e-08,87.7109020616276,2.18412962500506,0.0121402016937698,3.77253786868408e-06,0.00095302256607955,3.86443831856063,0.740327732096049,68.7877328974802,3.70888045633675,0.944360212130864,1.27214023392555,158.079058813327,4.41480332625218,13586.7375906619,0.637150730357041,0.0581272113460033,0.364956821997847,0.177633373379086,0.057918692616817,1.08393192629664,0.39571891850555,0.147961145032509,0.9272846984101,0.561492252535942,7.35753502991976,0.98397003444579,0.557723683379501,0.0392772005976374,2.42458074288261,0.726791646825621,4.40232763692085,0.113325420105762,0.0480349680046567,0.0461259943818881,0.0159312769266329,0.85942009381686,0.576132451485044,42246430.1589175,560960419.226066,29945308.1317791
1.76757109959739e-07,168.249441171309,2.78552583911707,0.026430802770128,1.18577295365349e-05,0.000343794819243662,3.68622605495902,0.632735400015018,66.5755007066524,1.88845959214731,1.87410637977303,0.87271904583354,280.71504834973,6.23687724555649,5352.8505712876,0.485700763280013,0.117683121134214,0.702264197688783,0.168317238346459,0.0773112327650672,0.595630207890453,0.250605516278639,0.0567686420392903,0.691863935952281,0.514699644406721,9.90842812568287,0.872845283419425,0.276970779993629,0.241827914180161,4.1057229523452,1.87462027108973,5.04059178406038,0.111815097620341,0.0939877564516182,0.100479527685309,0.0893114468638926,0.201257712378499,0.159435903989048,59886407.6406104,701033044.959427,126439732.194674
7.56029960363386e-08,82.3283982226858,2.17901762792272,0.0636869303817066,5.71793950058911e-06,0.00299703280350945,7.96673171139679,0.619519338154133,44.2150973509067,1.42021879186047,1.35835884703487,1.2307223641835,145.808090027061,6.78886378495721,6056.81424185177,0.478095903790579,0.063270020289192,0.390400697995163,0.112012488024685,0.0611541619827731,1.13679409767813,0.218881577617223,0.0873064665110365,0.611855903388081,0.690209309046492,10.779360231834,0.883881805776554,0.279251372483075,0.0347993718935392,3.3689986705064,0.92128238201536,3.70967233416315,0.0795469977254238,0.0160795300843708,0.0138893520356015,0.000906135324332992,0.988608805483008,0.797861257569101,34838480.7401744,277322156.199557,2344774.02206582
1.09711583914766e-07,74.6825111810254,2.68387620368997,0.0110312467763451,1.40005093401017e-05,0.00270086394076641,3.40987985368949,0.924923347439679,28.7977666942405,1.24635665607634,1.2098307762703,0.981685364141052,201.31853739976,5.02182968064172,14130.0631057595,0.851163801917534,0.109045781233408,0.31453737982365,0.22814112530006,0.0404813157942215,1.17477382515413,0.247499796353828,0.116930126310078,0.867289354270731,0.568960632241742,15.0005151892398,0.858891917929972,0.761588005800555,0.202581253381809,1.42778459788615,1.07018032497914,3.9322515267127,0.114461361602331,0.0498438949169173,0.0713378682441914,0.0237667002992776,0.792360496445522,0.564535191446628,28901964.0801401,306017994.443878,52039981.7520548
1.85236605933269e-07,71.6681130056437,4.09737812500586,0.0582885486719723,3.59771091817262e-06,0.00100695672348912,9.25662504296825,0.588959747456591,48.2577625874273,3.07633686360669,2.30195399489558,0.746997598270578,171.672645846203,6.58187226463752,11281.0973069641,0.820130827954905,0.0945359574024218,0.710627135976981,0.112723340660308,0.0362950964603894,0.754227438127265,0.131851307748073,0.130208592239135,0.758766321020561,0.893272309220266,4.15863049455811,0.859327265183611,0.485991664844662,0.0824162932252649,4.20026547504112,2.32384072523586,4.42852400740597,0.0682639534050742,0.0139301929668086,0.0306056938514985,0.0124867878013252,0.817080799185049,0.795936328443393,17194688.4670419,160984805.893708,15586294.0936106
1.64770224142795e-07,78.2883453723262,3.51477480582784,0.0347476526846862,3.79826356391992e-06,0.000416730949530882,5.53451017419739,0.736357125856825,29.8241230393599,1.74772378584423,1.19173532565303,0.770653353983876,232.47513247571,7.57781440805581,9977.39462929975,0.440450801884847,0.159611539908007,0.581765591444373,0.22753865108777,0.0934316112285686,0.655829393296714,0.183602488637633,0.108610640503678,0.582593845598215,0.704375864231015,4.46749277179604,0.833387962973921,0.561909917202213,0.107002026833786,2.97136398959773,0.608749102660412,6.90447090546752,0.0914567255488195,0.0297401194301521,0.0528363763550711,0.0243147512078882,0.734139276669063,0.674817579005965,22774390.5628453,271332693.868789,34721995.4281786
5.12491789859083e-08,99.3941225262833,3.32816015847225,0.037276689526771,1.41520992792725e-05,0.000654203117453571,8.55848820938022,0.873757070038379,56.4325718187904,1.57758320249971,0.909614067325684,0.974207722967894,231.470476895664,7.85928712012213,12367.1374865064,0.756631415518976,0.0776966460891904,0.48924804524945,0.0815958109928725,0.0597583711777403,0.747782878916337,0.213996967345339,0.135737477351224,0.446151172734466,0.749898631653388,11.3217205540715,0.914178372003393,0.834757809954512,0.02819972773979,3.30233043891338,0.722549832720492,3.83706213720718,0,0,0,0,NA,NA,0,0,0
7.31706919091313e-08,93.2345053876838,2.52550657489992,0.0323877369168468,4.67292879479433e-06,0.000743112442291382,9.48602158024368,0.944311728640517,56.3705421112281,1.19663444248393,0.90529374482845,0.77512107267354,179.855200345146,4.27475808185825,10566.4121122599,0.634249346950737,0.151876285593575,0.701439742049899,0.0852551124549771,0.0294852719735195,0.673233010654803,0.386142527869821,0.0769985908776333,0.660254914906552,0.77570844736252,5.44335122436574,0.865251996461375,0.353103595357694,0.221161197787544,1.55475828104249,1.20947651422653,4.66857934944513,0.0869821866534243,0.0152700131275852,0.0551283772884714,0.00096343153842144,0.988923806408085,0.824446662988277,37714345.434871,432511394.350306,2256286.36522984
6.57542443196478e-08,80.5009590868823,2.3336563276038,0.0439765958872478,4.43725908299295e-06,0.000902430607722286,5.26983340775446,0.560736599731023,90.054298556767,1.16190166266574,2.49244923530071,0.532675802983644,253.363789417995,5.96351189553559,6857.36588901629,0.432301771019138,0.149308239901963,0.425995763620585,0.138195401138165,0.0976373621289775,0.856943429028933,0.341168900389414,0.105624969392155,0.535510695258498,0.555139691592517,4.38980202119124,0.856113192738963,0.660150865089796,0.0830005609022151,2.20355694614007,1.20087583494119,5.35946992673896,0.0915249740081616,0.0261579390053677,0.000712869722474292,0.000189326359013156,0.997931424061412,0.714198891735986,33966894.9623626,348472457.83614,273845.464809977
1.64522091355433e-07,113.099362230323,3.76345419807232,0.0682413400130602,9.06232653045856e-06,0.000826574644597476,9.28577208316056,0.875529840570941,33.935259812166,3.80353710416552,2.8576469097596,0.940313504166975,206.460834805782,5.34334116513296,5083.21170337487,0.560030451711037,0.115499416433691,0.307947613657202,0.0903256410091806,0.0776328045185798,0.779546397064342,0.104806818450299,0.0626879047871108,0.382680833711922,0.795828062002098,14.1363014017756,0.922210091178979,0.603520140939553,0.178610483948814,1.30857845279604,1.31237244876197,6.64398567299072,0.0906480485606168,0.046020538223841,0.0647881470525292,0.0431423660689881,0.524067348894571,0.492316283090564,29175550.1501872,239319811.572036,42140717.6988544
1.62030078445451e-07,103.558020904629,3.23592294206476,0.0706110905487677,1.41304166520822e-05,0.00135665768661577,6.48937010764125,0.904081921637974,90.2376560299295,1.97242344874408,2.02837353529862,1.09053173102429,188.329011798451,5.16320290651363,14053.074255405,0.390437239293316,0.172638732107834,0.74705550323316,0.151461416397492,0.0284625077774532,0.519303387025442,0.209030847879843,0.143722023312149,0.652345882232817,0.746099602818286,7.11710351748878,0.980479265989598,0.55016231409961,0.149270955235089,4.04121584931814,1.17738333440142,6.51598623843361,0.0794427831145977,0.0414152621168248,0.0533270393818461,0.0388890740492671,0.510476942969522,0.478678106517461,30741389.9667914,239961978.656007,41566532.457831
5.96588540117601e-08,162.841043808098,2.42192484300797,0.0152850207725097,6.60178304600695e-06,0.000553383380967416,7.79983228214161,0.78168023858712,40.7422782303132,3.77467117835468,1.37606231039985,1.11484691458952,145.385664267283,8.09765962327868,16236.4861917048,0.810098724670134,0.0623374451688832,0.494529634925035,0.100565343205672,0.0760201940102544,1.00162261408276,0.323351282149373,0.0395021298593847,0.603099625089423,0.66703635478753,5.9512148320826,0.95602410145544,0.297424599423173,0.174779860637188,1.42253638354933,1.75826887508896,6.1101323078217,0.11501973780703,0.0452752409969087,0.0885208115906241,0.0300785582600543,0.738492202872889,0.606369812171998,70633801.1931504,973044203.362166,132031057.161482
5.88525282403392e-08,129.432850700336,3.08286803247666,0.0719421040538071,5.26849308136625e-06,0.00230509448332634,8.89953808765138,0.893112317905644,70.5708787747473,2.31243631976217,2.12404214977577,1.04033552102672,276.5301222345,6.13229812158137,11575.9633716805,0.283168758998727,0.19803985714145,0.466707773964519,0.142300285123663,0.0274500188013937,0.50711874851903,0.114070308911574,0.0866495126426353,0.415599772872033,0.582422105934116,13.4207374677381,0.973315927243007,0.328310628924414,0.0355209300621852,4.70347835292463,0.764930585039074,6.21163098836567,0.0892278987439187,0.0248090974344491,0.00123190993412208,0.00042386223346114,0.995249666982772,0.721958067110261,38769344.4173006,310888555.469657,763599.202231584
6.52911767661563e-08,69.6669303704016,3.03109303170118,0.0400569316311033,1.78684277892016e-06,0.00219156812466975,4.55415004381112,0.585648539865113,45.9784592640736,1.91634994090224,1.78525092326826,0.618876086005773,163.165292487182,4.64841855524681,8291.04424123069,0.401611036605425,0.124945343856922,0.728204066904571,0.114712693908619,0.0343912509062535,0.848804539929495,0.15684503530736,0.0797135184411887,0.367065891780268,0.90573863813106,13.2001602494017,0.924356812148876,0.340772829809488,0.177676505519264,3.64242801237554,1.05510688594736,3.37778622788914,0,0,0,0,NA,NA,0,0,0
1.16813166457367e-07,164.91576882983,2.77609339339875,0.00998800240697871,1.75859614630859e-06,0.000815835144741111,6.03922895556461,0.58010924353639,26.6028671976873,1.9529907773318,2.54663912294182,0.796730785469931,197.76385169407,4.88707381524357,15266.1494228823,0.406689292322676,0.123052993808533,0.492353273741336,0.158690607955195,0.0270182270331657,1.25591967632317,0.265458410414115,0.125013838545591,0.757119691855961,0.603930841457207,5.91515827354496,0.86341654576577,0.714617018884402,0.0472752115555157,1.78081441152819,0.833386411489875,3.11306799103767,0.100256044372882,0.0685264633467839,0.0809202820236395,0.0632814562439242,0.368801585582593,0.316485467031656,61770730.3311678,830127602.292234,138426786.844641
1.534850552123e-07,103.472482826888,2.18788657885699,0.0258919853504227,3.16053996426229e-06,0.000809901472439176,4.94689701311715,0.724603831251791,52.7114705112826,1.14740143752692,0.886975878478563,0.507339547654933,279.514297771503,4.12112386818354,8020.43598906293,0.350211966183658,0.0687240001798132,0.761512297871758,0.077174163774554,0.0411786379920916,0.746845602957771,0.168684784068455,0.0661781858328406,0.809762101539801,0.568767566672434,4.91571374514205,0.840165080692393,0.332576759081516,0.0893740770567752,4.25697801597803,1.78809886403363,5.4725681293058,0.0655295114472323,0.0354518289692484,0.0455657968899538,0.0321633334475188,0.509177884327455,0.458994456294764,47480408.589225,555994324.895616,107890347.172175
8.3862237464049e-08,196.432011065439,2.23835836943935,0.0462211250272225,2.07651804259749e-06,0.000599487979426805,2.97260488314132,0.651347939174868,41.543587378562,3.51810408991387,1.44582182678966,0.582723698832116,142.269027507831,6.02949214529742,5648.41630694269,0.438963767715021,0.0996164664615454,0.387702505476569,0.101957430119994,0.0513342745781259,0.975915267755197,0.103386150051555,0.0599043733634244,0.488347028871083,0.508319876964,4.83467518632329,0.926328770383095,0.470780265314141,0.0625243032646598,1.75962858192105,0.989304548045683,6.49422677122598,0.108364572365145,0.0741360259976792,0.0873159460181396,0.0673023686296486,0.378926459444081,0.31586472977653,85418830.7530955,868523627.389211,159246757.113875
1.72118898572386e-07,72.5386946508099,4.08000521476837,0.0442569003234342,7.39516045877726e-06,0.00210221750911815,7.90382443951987,0.574443262042204,58.526108654126,2.04195982800072,2.67220149346582,0.989064588333398,167.236913393707,7.00469956743183,17246.6952249774,0.741462154912235,0.0906011648749766,0.334594786814744,0.145715584163196,0.0516141282063473,0.74812459166755,0.323996792101102,0.103288122416966,0.529031028903859,0.86204731037781,14.4314833069287,0.943890151492403,0.278670978165598,0.102331435067391,2.5562785386507,1.84242547629419,4.6807899806941,0.0976250144659069,0.0197023284710922,0.0565289093682619,0.0145685515136971,0.850770301101622,0.798183605104891,17688493.3898983,163034430.837811,11298786.4909895
7.43283037131328e-08,96.5104234810749,2.10287930473679,0.018119490637177,1.7069672434609e-06,0.00153944402349752,2.52558680035657,0.608340563631727,93.3954327341826,1.94998349394306,0.906464999392501,0.781812796782357,134.230327800061,4.48659308480324,16707.7998677963,0.897512233521003,0.0742197794279424,0.337554728634951,0.127057194597014,0.0610621994926335,0.87684277803935,0.183485090903867,0.040338607456807,0.480328769660034,0.861294298299507,10.0869833336708,0.860691311897944,0.770718145628265,0.0421041702248257,3.57035013075275,0.726032029132655,3.82945909575311,0.120317681796361,0.0331594738741853,0.0749401457437561,0.00971889400504208,0.919223061316196,0.724400658497492,47406795.0948037,552013594.437011,13618784.4144713
1.21650542288587e-07,86.177801027003,4.33045819949822,0.066164155222444,3.33694436817047e-06,0.000616916948892784,3.67809059793917,0.576922281713696,26.842576364796,2.8562925851263,2.36319388395873,0.850411374872337,167.42191753547,7.65399471504168,13163.1648049283,0.402115504683709,0.119177540576019,0.318861615650503,0.0953567079160528,0.0889243758859485,0.850096717481818,0.254249209605415,0.0741493148971086,0.376924981494952,0.696055077237352,4.60043346398761,0.984266331991121,0.266604662298557,0.134665480854127,2.42779476229271,0.750178239554825,3.5262124213587,0.0671417465109203,0.0134747119935983,0.0025454598420201,0.000945465400479564,0.985918367489505,0.799309480407891,19207073.6876992,182335859.842051,1533622.45464329
1.08604034661732e-07,65.2400419376234,3.55594501741919,0.0550481170258668,2.14616241448679e-06,0.00110549100074519,6.36402166203315,0.693376543140136,34.7614563055318,2.47688325334812,2.69537431102539,1.20624954349457,222.714441733716,7.16507234529415,13961.3375045138,0.268564321306769,0.17898353663533,0.342461503621217,0.229548588492637,0.0256878677348321,0.63440859425215,0.364239814488151,0.106924691899994,0.956195399159074,0.561421809490575,11.9929710128092,0.898800041072504,0.815443804463816,0.0918260262244043,2.36585921040855,0.985624070866177,3.04571147340481,0.0794737600902056,0.0176404739070964,0.000633549887623101,0.000187539674303562,0.997640231516784,0.778033983958053,17594997.8385651,168286877.539746,159847.821040023
1.10649783963401e-07,159.533263149757,3.52141402007225,0.0563021600352867,1.69871243286108e-06,0.00263807913927639,4.35850314139533,0.826662657882463,79.4522748885091,1.1497211617883,2.37224155463415,0.797428481573827,197.089725844762,7.24570183533579,11599.0551972047,0.296876469461846,0.0950002633454664,0.647802330116015,0.0948680525196469,0.0368927162200103,0.496346911259712,0.101506448412489,0.0650235593284545,0.739280787585827,0.788251652352354,6.10370596127067,0.884655063308681,0.359505318354735,0.0299572677572724,1.61530610645829,0.804667443345727,6.46964199433287,0.0724822492697293,0.0317367708148173,0.0471384322958934,0.0298852619789149,0.587688540573536,0.562144233456183,44042525.7045462,344814527.849627,64190398.1555647
8.99320409512165e-08,61.1997970611285,3.24946545772154,0.0305240377083125,1.26456748493066e-05,0.000577811097588277,3.5726388101521,0.920228080747708,27.9111611745762,2.60654882649851,0.800699886573756,0.772882341421104,208.538446734801,7.16037790192507,15318.9658248542,0.644294659698844,0.131270697907273,0.480701111363286,0.261290609777147,0.0643841015683192,0.997981494509746,0.108202161176441,0.121748019919865,0.818683428786951,0.897737002913119,13.289890612187,0.852664529400835,0.907114696235564,0.0271311208674292,1.46905546138452,1.96203021958905,4.08296685125747,0,0,0,0,NA,NA,0,0,0
8.26609448272559e-08,152.44509364575,3.43275334063695,0.0649576719778604,5.77927894103717e-06,0.00245064603053846,2.53273676229922,0.602484084954826,52.5939887199255,1.10672821799769,0.787787029844064,0.610215207035389,236.024017184389,8.01502751896946,10816.3474954244,0.38142191818192,0.089568733852211,0.522906289407762,0.0950984565389581,0.0562184091522312,1.20537043989475,0.106696512562604,0.0946796727012737,0.375114945326817,0.655711063822987,5.12396681079723,0.931571268659664,0.610958040954258,0.141856648924227,4.33628852428776,1.72507667027884,5.24402760119415,0.0645539984901721,0.0163717822091372,0.024142109636907,0.010942749956997,0.830486875903389,0.746386241099694,42590863.6029243,345026038.146105,37728085.325559
8.40589236116041e-08,79.8531964298918,4.16073026405232,0.0465437201723034,6.09461705757241e-06,0.00145397564510952,4.93077023085573,0.909584768006117,34.5787940359762,2.67698559677997,2.58782547297882,0.657688183952072,180.068843965525,6.87260714460736,17739.5650937896,0.41989430926473,0.0698516544584321,0.434346440107881,0.113148371263402,0.0876430955309846,0.741793921462555,0.132612430909718,0.121556701293149,0.819146959309983,0.50017956848261,6.1304279793588,0.894372730748481,0.389955614187032,0.0688598094609685,3.52395870974944,0.657266696345479,3.65029141622145,0,0,0,0,NA,NA,0,0,0
1.44200263063287e-07,56.2949981571508,2.24460746589423,0.0484223134166486,7.30444233413859e-06,0.000976510025985866,3.00790439082765,0.95,47.2782269624652,1.19755691300169,2.27091035200859,0.562564663918613,180.403203178092,5.03876711154683,8890.32633252111,0.959861323102748,0.0664107929247489,0.350386951831363,0.107400038492646,0.0313937064543029,0.956923817953463,0.327349403369627,0.0558316530929323,0.49803337854659,0.539096206853794,4.51457958969067,0.959526283471278,0.511120125639155,0.0540515339075439,1.36608777671338,2.30814393239621,6.28830718255753,0.100829402156021,0.0377043267674353,0.0581225331315005,0.0226517845924782,0.775345443807875,0.626058213564607,24651517.0632183,251422459.374862,57896382.7972002
1.41624828459696e-07,70.4791485536235,2.30835463931247,0.0608756160241324,3.75337734620166e-06,0.0010044258618051,3.73343036959136,0.649998443508686,56.558188980859,1.26786032398882,2.65266175117581,0.732383415394796,136.276588610391,6.24996552364459,13522.441119951,0.329817107520512,0.193713822816835,0.314175904532414,0.081274066618851,0.046907420419708,0.510675689322438,0.358615617772922,0.114413472948266,0.933462357365208,0.592214640262107,5.0395196300192,0.976932168064987,0.390266012242682,0.0248945083953775,3.27266559188865,0.920253134103366,3.17691727690346,0.0817148614635563,0.0225920553021115,0.0325157247014893,0.0126968387372867,0.84462020114971,0.723525746755537,29382219.0727467,273922152.27595,31026218.1554723
8.43165147625141e-08,62.2958827242972,3.53370269219761,0.0851235096298705,5.81400392384615e-06,0.000670021705365632,4.51337355736442,0.818779485328942,32.0092621438709,2.47217338691219,1.26296222188995,0.924507231869824,286.712433059308,4.89580477137809,9745.31587703354,0.362342324202677,0.19862775084348,0.319775401753959,0.0819427344428891,0.0569368601346058,0.93225690732123,0.131150567700998,0.042586611761987,0.471020789359459,0.847078137049312,4.11046724038887,0.982841613290633,0.905399595966966,0.0520801644932258,1.30514889588062,2.02737685752158,3.25075849064722,0,0,0,0,NA,NA,0,0,0
6.75565932191033e-08,131.608231298961,2.59902820361433,0.0104957859150687,1.79354883705151e-06,0.000821843669813345,9.81735394162595,0.860219738503647,90.7244048974654,2.41336748625617,2.15037673552296,0.530557001975144,314.900423769139,7.01859922945397,16034.2117547714,0.302325151809526,0.123528441587094,0.423484651697275,0.140453666609178,0.0491526616490984,0.693344060266766,0.272236094337373,0.0551220101860742,0.569724674812783,0.810337263202368,10.5668936777925,0.895291543242867,0.894153571106607,0.0696394316251599,1.26709401638026,1.40557421105325,7.57767746838467,0.103075600450519,0.0222562154716834,0.0697423626628813,0.0141160312550957,0.863051670876543,0.784078721109489,53867557.9853691,731511704.365124,81014374.0481196
6.02395593980114e-08,134.786292748938,4.30639296410307,0.0507023328438802,9.59043382256546e-06,0.000661551429785372,3.0011186213576,0.938136366323899,36.0175724557596,2.70164688342478,1.57973459050843,0.587726298931151,211.886773598959,6.80617642167969,9789.21228303979,0.495234885500987,0.102069955165356,0.473218179098918,0.0936319748421539,0.0368047580318295,0.670032997927319,0.166095002028953,0.132041942250286,0.760939830421546,0.790978294102926,6.18951351937247,0.869106750665315,0.57888530668255,0.146969762108072,1.54073705358011,0.965049845386041,7.35766853214582,0.0816557319900549,6.49935254596402e-05,0.000141095310739809,6.28476276583235e-05,0.999230334158709,0.999204054340392,30507243.8089012,303442458.29438,60884.8761627548
5.16115698721684e-08,94.5853178644579,2.86407716063187,0.0253988173902863,4.21187284576872e-06,0.00226020515708771,3.4522050419867,0.830687632351132,34.4077989247963,3.68421076900653,1.07394678367919,0.831782615884403,148.99544313629,7.53944664732205,8221.4971847711,0.660703369290049,0.070327205243794,0.330606761351819,0.127656868652348,0.066522432371028,0.846265411127653,0.111524474354798,0.0619666006671696,0.922871396938777,0.583803347178302,9.20315785360291,0.93910085723775,0.283687265846898,0.0475568019856938,3.80185442432483,0.791568712214174,7.78202546434409,0,0,0,0,NA,NA,0,0,0
9.40445188632121e-08,173.151494859163,3.59018342121966,0.0519601663771475,4.21600560942052e-06,0.00045903098505775,7.13733004432637,0.924065187427635,94.02233798313,3.59399573700476,1.47442053424212,0.607791610974565,271.22317408026,3.93069584568668,16247.2278413082,0.591032766548125,0.0931171477422043,0.541112657550683,0.194642937902034,0.0311866424882025,0.635124229332513,0.103908116762683,0.0466012752819476,0.476628676797817,0.736156920610181,6.06528605877182,0.909692020794528,0.620341167782662,0.0924546029083165,1.3285351224873,0.923334875749674,4.34553954428915,0.115320690025717,0.0693807640796574,0.0906757085666845,0.063546984475299,0.448954177597033,0.39836672791166,47808452.9034232,483925859.607873,71523846.8204933
1.08006102862697e-07,86.9387493988406,2.37322200966453,0.0293872253465852,2.49535493848871e-06,0.000512762083256532,7.57951544277326,0.659821609798807,66.6741854449108,1.67267757038346,1.84077524726031,0.654174894520945,124.556120120198,5.62595740461642,5115.44578137276,0.753127631526401,0.133028576254801,0.34388509128116,0.080115181351678,0.0791873729636358,0.572679340269523,0.37653698936156,0.0734165429099961,0.811982568257098,0.681687407980015,6.03568590438108,0.95376651788161,0.870450279618181,0.0253576013684597,1.73180705457347,0.743135269451728,7.02207044162165,0.111107984562182,0.0395355924907212,0.0565359816376108,0.0211847442348369,0.809331936689205,0.644169654894649,37405521.6163746,464923459.384928,45343447.3577519
1.47005705134193e-07,167.130258774574,2.34919896187143,0.0620684129392107,6.43683144300477e-06,0.000941024969677777,3.26446637023867,0.714275305049426,32.5816900596325,1.59798314568345,1.08926557767398,1.2703219082548,242.13423212512,5.73100483252329,18939.3212627318,0.349741501757452,0.0605019328556125,0.547033188020575,0.148487225612809,0.0903112152023552,0.764071449050787,0.286574846684688,0.0618010627108775,0.691327976145679,0.898730947509325,10.8011979187957,0.849643808157506,0.262152350711586,0.0212098847761534,4.04868484660699,0.686880009767635,6.22584132718234,0.101285959469481,0.0764963374146872,0.0892493712472829,0.0754822230598992,0.254761237833332,0.24474884954082,66504884.5268036,524501118.288313,99297781.8548568
7.94448562405459e-08,112.661958412434,3.26504872218543,0.0174503496632215,2.97312291175453e-06,0.000446030762982253,5.46328874932559,0.779204209791292,73.053851175852,1.70253488485496,2.93040401400241,1.14860937295454,228.943633699176,6.06427133742579,5222.13511042976,0.292567643539472,0.0939703342130673,0.355866477661772,0.227819836636687,0.0443499160956178,1.02435313579398,0.256576496712681,0.13680708593786,0.886306515220136,0.889060331310776,11.80905460441,0.886761476137278,0.942318050741794,0.0742428716229921,4.07382198661838,0.905049649849855,3.79966424861083,0.0959395666769274,0.0113758800501995,0.0548720789433188,0.00210629173217552,0.978045640551324,0.881426605891318,36624868.938793,489658410.390775,4396044.90798442
1.35422156838249e-07,161.345762930025,2.91333901128116,0.0506758856024912,4.565701459707e-06,0.000440172560621672,3.41478494796562,0.717202464188378,45.2683914606068,1.28333984255761,2.1335349222524,0.807390808219957,124.031785847539,5.01204731325993,13203.9752402153,0.443916925821033,0.0752840140765526,0.478460749184121,0.161880932379032,0.0306978935991696,0.830572284577157,0.375774642964094,0.139954536765865,0.731427482640922,0.54014096936391,5.59963920329515,0.846472382638836,0.449743978119653,0.0317270816191122,1.50391974433445,1.74665612048849,3.77218320485674,0.106650855724584,0.0806782083578957,0.0927938649103622,0.0764040365120221,0.283605968344705,0.243529666876377,54209146.6798785,504810136.591945,111822325.77833
5.29338387640244e-08,67.500561432357,2.31755166738627,0.0136439952771655,8.2625015435698e-06,0.00255255709911863,4.82625005883274,0.903494299172706,59.1406715683995,3.62261782130037,1.37980789965208,0.884706184982001,271.716616757165,4.95593826474414,9693.20705171511,0.269449566319557,0.143837901288106,0.724671717508667,0.0981758340643503,0.0935059871438285,0.480381914977123,0.100517766080989,0.0667563793949787,0.77461473012537,0.828876649171786,8.26026584083294,0.847014812263088,0.666077884390599,0.142933502971374,3.53587559126985,0.846287586578868,3.81283230352139,0,0,0,0,NA,NA,0,0,0
6.58849133562308e-08,106.465898088715,2.32458789198461,0.0401437389611616,1.93554742553703e-06,0.000990131612600827,5.72193312961298,0.911401162797177,48.7953900004182,1.64557982648217,2.51368572795023,1.23792826440278,278.737367542028,7.59083530233996,5103.02013345888,0.365459219475073,0.136662455312237,0.405780481653219,0.118218803914449,0.0613120656259609,0.725896446724596,0.175270330421614,0.0522121441816461,0.467306177927569,0.645858453872204,14.6288038010111,0.992228917755497,0.647462924397103,0.062926501594843,3.39179391073835,2.16228222621039,6.39463100119844,0.0963537342797669,0.0282897023342956,0.0317073143155765,0.00162261584471349,0.983159803230852,0.706397447428916,45783337.9745638,489423152.822929,3963198.93952746
1.90371805230603e-07,169.30882522543,2.24616598258115,0.0382901534829724,1.34846098772592e-05,0.000829023778651621,7.55005566518854,0.949973649557089,91.8272846463924,3.07923193062145,2.21725470096295,0.723835923139909,240.931642974218,5.50638003108701,5924.79689678687,0.333915138564261,0.0626484976635258,0.705193905492478,0.110760275932531,0.0393528137054153,0.66177894211486,0.253764867286816,0.0415357527898445,0.877329387873951,0.844402433398324,7.10369881477682,0.948022874712332,0.829142983584622,0.0750522243760016,1.75480033308106,0.75385175285739,5.32041702531849,0.092967334868109,0.0708362003823876,0.0794803172029894,0.0693073417476127,0.254497917511159,0.238052801202901,71726416.9091158,685230530.196898,109320861.37009
7.36701662669796e-08,154.262607713964,2.97068097170531,0.0171065599033226,6.44305227046552e-06,0.00148877530548061,4.02489242913388,0.759227392245123,57.2103830185294,2.61576358020348,1.9174166151866,1.17574858505783,317.810033960635,5.3810349313318,7118.60694240877,0.25260494829018,0.183282957876907,0.301254659769096,0.136901929230284,0.0774566008758646,0.541238560419532,0.183799431303657,0.145443682817955,0.73046499987612,0.838213109233797,12.2513097263071,0.850849319796058,0.597822064330066,0.022804053024308,2.59246090886107,1.35314552816136,3.77742503789245,0.107412736170365,0.0252479005500212,0.0610678357034805,0.0175792129769653,0.836339585008957,0.764945001401174,54110467.9540675,645651731.783452,64373006.665729
1.24006595821604e-07,99.8515582239266,3.59188566124295,0.049066516851521,1.02712250778838e-05,0.000879176624639418,2.5786549565068,0.770454392199192,29.8097354997162,1.11631927216541,2.5990336784606,0.748890700141441,186.291566111041,7.12153417895984,19860.1953172097,0.935771515512931,0.0507367289016147,0.41138944259301,0.166635198938441,0.0300957204057941,0.501118941502786,0.394323661405598,0.0708147597084138,0.510661153936405,0.764769227899772,4.97760041798167,0.969362289182982,0.551585142332438,0.225474047946921,4.39834364144551,2.19503880845575,5.80457969131315,0.120473945074491,0.0482361785813224,0.0937073326326642,0.0355705790047046,0.704744631856203,0.599613189793885,27581551.0906116,280607130.591614,26950139.0593365
7.79936173109662e-08,60.0619397614264,3.48668597880079,0.014120408471584,2.0736793228533e-06,0.00292351734622416,5.33531762683054,0.826960547050351,80.93833807475,1.53380060129387,1.60861619586946,0.704875564844811,273.742114474305,4.20490390114733,5031.90145176783,0.905855898917286,0.185758778241923,0.313012256920365,0.093489938477938,0.0764111195845903,1.06447614939787,0.281527404766183,0.0748756454035592,0.686337234503178,0.739196463804507,7.51088181345608,0.898261374231946,0.406508743295397,0.296310067306288,1.79764437036528,2.08627376977678,4.3802318294707,0,0,0,0,NA,NA,0,0,0
6.41076164958093e-08,132.26850006444,3.36225718872609,0.0200870360087746,1.14570765254576e-05,0.000869073894401056,9.12835577009328,0.931259148140882,45.3691378740383,2.37446384286906,0.930093619245112,0.719295466918147,146.725311543717,8.23331969807524,15365.5924845684,0.91379124858848,0.0567541100343045,0.743211336269848,0.133233287561527,0.0303475106747583,0.6112541021714,0.228976963502676,0.0424649768507389,0.361993669017773,0.693634828659489,12.2434751678638,0.921509471131471,0.682200420386615,0.0637727816644389,2.45908133047706,0.725102477128877,5.05648597688167,0.112275547100881,0.0392643499767421,0.0346442021635159,0.00203325660936321,0.981890476939415,0.650285828120146,41365758.0472718,504788066.23403,2102500.84592646
1.97013169386345e-07,77.7475950618509,2.10872306722987,0.078823942011482,5.14452466678271e-06,0.00115607855031752,3.53967767170951,0.82323242720154,40.1241068109219,2.23687126762736,1.82204760237691,0.65009904471178,143.606392859426,6.61888615388126,5686.38773564125,0.342542247399195,0.133670767145728,0.660162262030306,0.157626953901788,0.0255229370549661,1.20203122860372,0.181315776151009,0.0962488322746904,0.600878592921552,0.627647689929034,6.79227442800107,0.905218424063893,0.353798657871404,0.184066685461834,3.0859414417289,1.71996646332817,4.05885377450884,0.0609306166713853,0.0367082472446923,0.0449136100957489,0.0346218800189193,0.431781887164476,0.397540198178701,34068795.2495691,254995389.023075,57523655.2851032
1.43491781266126e-07,198.319724375798,2.33887626158103,0.0390603261677384,1.85865606092458e-06,0.000858867176245831,8.04897344861277,0.832261107090018,26.2873616396732,1.64890445220094,1.83207807306553,0.741888283430935,164.339398536383,7.02893187403907,11556.056465549,0.28833018125925,0.107616229652384,0.472135515953918,0.28639183435984,0.0589864878189876,0.749756488155591,0.355845818306501,0.0523186755950037,0.602571701194919,0.624169069747192,8.32228928428132,0.94214621474194,0.980869003702759,0.0304212706487633,3.43196549261919,1.14864962041521,5.52993178368768,0.119822626836113,0.103168796695829,0.11039735051177,0.0996590957652842,0.168278159169448,0.138987356395232,81628790.0385799,779881514.45805,136738731.566261
5.79753966358144e-08,155.229274447903,3.1762160371939,0.05326677419624,1.80523269180846e-06,0.000541697725780504,3.61695669168907,0.656115955106048,80.1869751850887,1.5082183213261,0.825896818778857,1.25055642404816,141.164875474378,5.09385027688907,12144.2380354418,0.261614918797291,0.0618887024180288,0.454024105678589,0.132207247928078,0.0441358133825112,1.24076149763342,0.235014181045736,0.0743722275077119,0.380407440976082,0.833632841457874,10.5883419724215,0.929109383419612,0.375814020864927,0.279372250777856,1.8427701287953,1.83009456099118,4.39355723230049,0.0736593713524656,0.00989305086159241,0.0505880757564739,0.00117292716491098,0.984076334845455,0.865691891202093,48210857.2348103,499297332.960923,4005774.20939924
1.72391068310694e-07,84.0615237025303,4.48939975268565,0.067870473804143,2.01438043376354e-06,0.000350958799120155,3.19698443966121,0.698209887892306,65.1734179254309,1.61702917692644,2.24025095224524,1.15248635679978,132.907411502955,6.05467712916967,5757.3079155816,0.92758511009261,0.15450229520173,0.771029394997047,0.0817519617314431,0.049778760272545,0.813070849346084,0.240418080364073,0.0674688750071184,0.643638782264279,0.843577122247303,4.1970409177136,0.849731028129533,0.437719789425486,0.20203638373583,4.2629926580016,0.751310147877504,4.89732532542455,0.062480139117896,0.0141517233155491,0.0276900031659923,0.0122598522578893,0.803780010240443,0.773500451257868,18250953.9582072,171618018.613222,17257567.5096136
1.21487962215953e-07,165.23351712439,3.21628673440779,0.0440431639380574,1.36632611597424e-05,0.00252360214508792,6.60725928410501,0.949506421948377,97.4033597030366,2.63557418905692,0.920136289920547,1.11453550220295,120.255043570156,3.90609796432073,11099.9185901185,0.319005261635987,0.108937926869635,0.389463601177282,0.185817527113962,0.0318575885104875,0.694757575493138,0.216746941254816,0.0475798219146656,0.405189412420344,0.563818927972877,14.2210402149632,0.945017852759978,0.26575903624693,0.039608588233398,4.558723586671,1.41579261505288,3.42278872481084,0.107235933145868,0.0731536936388641,0.0862345557288608,0.0677290992182409,0.368410408420541,0.317824804682246,50587712.3235832,410891730.225111,75458695.6533036
1.08874790902159e-07,158.131453910245,4.02923118807899,0.0605768972421755,1.28628809491983e-05,0.000401443445839547,5.06089889127366,0.911838268608995,89.1783180575164,3.61433350998656,2.12862158191443,0.840758742841846,140.40980155919,7.49346661571305,12535.8319119775,0.632463304544201,0.134037957562976,0.580967143833053,0.103859468129779,0.0545364520162771,0.721074296966521,0.128931684015857,0.125549875953496,0.495881613875875,0.875166410038347,9.82304107512339,0.97042693474743,0.34548608642723,0.0518178547049379,1.62501887675825,1.22388474424935,4.92476549188568,0.0931412652332719,0.0417933115069662,0.0588053012697632,0.0392810621544607,0.578263597170583,0.551291133931936,38608934.0185723,366844928.249856,47318462.2204999
8.77079392100863e-08,73.1687706726361,4.22389522045238,0.0444840696767362,9.00060273807133e-06,0.00061901766977663,8.8502765113093,0.822397406012798,71.3931795274413,1.79952402568493,2.8579182658722,0.645409408437178,247.208835092276,4.55381693700742,15152.6078284041,0.50019947673422,0.130226536645073,0.533182378272201,0.135607383735025,0.0277483225713027,1.11397083311356,0.146662025787695,0.0655201216001699,0.497196808540625,0.512964459844975,13.552810422567,0.904384011283894,0.823114371070067,0.179353595622079,2.91109815625359,0.913515250786468,3.38687325508728,0,0,0,0,NA,NA,0,0,0
1.32620275628141e-07,71.3296913002453,3.38681057232784,0.0643602600134404,3.64118936939779e-06,0.000519245738388703,6.54423963369874,0.571368473988056,59.3794625275796,2.11880915611256,2.51707524978902,1.06041057390539,173.156205661696,4.0636095563564,17847.4561860019,0.490631126021316,0.112213660134277,0.70728952175313,0.174693615626783,0.0287325987728545,0.872975011972787,0.276836607932221,0.0513622097113194,0.373427368171721,0.674362781636293,13.279625106014,0.845102779463947,0.381969713022163,0.0241245853619691,1.73742181398383,0.711711134404068,7.30723100258423,0.0705933311203824,0.0140617487797085,0.0245103182184934,0.00366914521433413,0.948024194975625,0.800806272256382,20454800.5974125,197331605.827079,13636586.5762837
7.82045687924281e-08,160.866601234977,2.94827314607338,0.0134278366743992,8.14885982462946e-06,0.0003691548773785,9.78709111064671,0.844390941134602,48.474386582891,1.53577681978118,2.02447373496394,0.646535826703308,265.544584242302,5.45628018294065,7913.22805677172,0.925946198774436,0.0804796253563172,0.517797256784988,0.191646043301477,0.0389665979945512,1.22275310231457,0.217222325957551,0.105655931269447,0.44491516141265,0.536996724598757,6.0058786235983,0.862484455219833,0.933591150387435,0.0978457315794792,4.76440484632159,1.43426553222769,4.83485338172823,0.120804105052093,0.0723598309465597,0.0928945202911104,0.0604263625073752,0.499798765271114,0.401015131767612,57549489.3233652,833131707.474617,132160903.294654
9.24675532823404e-08,117.358710785209,3.38032905391664,0.0140541247749924,1.08427644422109e-05,0.000330061176895208,3.29796882673284,0.657835833983751,68.742975113027,1.59154123063202,2.28857116788954,0.816869499585037,128.512768377918,7.94660594105717,7184.01033210554,0.570571576902392,0.0910488577298006,0.565287609649728,0.119288068271407,0.0932999809804427,1.15328478504755,0.13588186872685,0.0998624495460226,0.931945130148732,0.523052754131819,5.80478887735092,0.859666151752016,0.735687259398042,0.156669454741395,1.98689173229961,0.785213727564453,3.83111668530022,0.0834113739859799,0.0247281453246626,0.0379379371335797,0.0105973902537005,0.872950297456055,0.703539887392107,37005734.0768469,528103952.982691,84165198.1244562
1.20688922381515e-07,174.916241506528,4.38733993708358,0.0791780604953267,7.4692602064399e-06,0.000789090779024146,6.16212342427497,0.902774150223604,52.3886409644943,1.96806716433931,2.8067952661326,0.632354562592939,261.924640915565,7.84804152916097,6210.62617717302,0.870632616398045,0.157867924293687,0.737364867269669,0.0853818784412186,0.027351530818382,0.51636217123252,0.167742036697158,0.145231084354837,0.609449177669535,0.770925663457406,4.80598994400855,0.913911354046216,0.414140328648972,0.0450658208303362,2.39438443629488,2.08721048876828,3.70245512762164,0.0961927309053826,0.0586603540138883,0.0737892016174956,0.0560383229056913,0.417437031070343,0.390178930759456,38313613.6289599,293312825.668988,53460339.9814442
7.80415929889975e-08,183.070561899111,2.87307818630651,0.0418245075428961,4.22654824922629e-06,0.000568523086636483,2.67800542391187,0.886298267255203,36.3558035378715,2.98956831773294,1.27046436199233,0.497528735594213,139.347066970906,7.74705605942098,18506.6730711207,0.503887972925933,0.0526227995469801,0.416002755145083,0.0887715969799462,0.0905995723529885,1.1222480342783,0.176318109693107,0.0672065987759745,0.90760737067499,0.526494022078324,9.01598666361554,0.930190855213241,0.686594438678784,0.0631794408691563,1.77535155892781,1.24701691774953,3.76236142758183,0.0948043652951166,0.0321333735373269,0.0512148997370719,0.0180017981599762,0.810116357997458,0.661055971027295,63647843.9489971,716043532.597019,132042188.04348
8.65794092021619e-08,150.817352500733,2.25492842200793,0.0165129997140423,1.0138711869359e-05,0.00215387215623916,6.80404380914506,0.737339213888145,37.1404245237762,3.2802183552054,1.02172749358011,1.01991255046605,223.242643072816,6.36385043990319,19285.3238639369,0.854170747689078,0.0680584383870835,0.53290449422973,0.21738456996335,0.0833377084160879,0.925132414227258,0.139051850308642,0.141258622739819,0.484843386953354,0.668423948009606,6.20058524514553,0.936540674058136,0.409868696499027,0.0626281581685334,3.82166478075337,1.51849961077706,3.47254392020683,0.125356943638914,0.0934097401160301,0.10735893583675,0.0862201209650604,0.312203070191198,0.254849891801023,68309918.9600939,751186649.376509,108240993.431884
1.31408478765196e-07,95.9085032917505,2.342522892714,0.0187564125087219,5.94572018605284e-06,0.00150050815640487,9.24284720463281,0.773782086270414,35.015046024528,2.1611651394743,1.19130542864367,0.754396692658939,152.280197608867,7.73088085671576,13802.0789056047,0.49295529881438,0.109424975863649,0.353918039969795,0.119430751257788,0.0673441112332845,1.17384481437682,0.200873391017142,0.108040528369029,0.503645580274562,0.636682444972143,10.1627648159152,0.93415397134484,0.508269070212058,0.0537462629838418,1.44021513705391,1.34336451414421,3.69412399173767,0.0960258502151698,0.0461266458161792,0.063791072222355,0.0397866791845602,0.585666993883332,0.519643453165778,41968953.3799397,488840850.403465,75353345.4797493
7.25540156972579e-08,167.414549489804,2.51540256224036,0.0409731217391279,4.08120690352604e-06,0.0005246175349978,3.79988500135745,0.680500680815258,47.495802343265,1.14381274077676,0.809669383922249,0.550100280016235,249.110130438669,4.164335360869,7173.38584614062,0.551160721843014,0.178002158373334,0.653707478230014,0.19751440256051,0.0845889862384103,0.542963917665475,0.116731798786766,0.101317957688779,0.448200792226886,0.546395405132513,10.5717186801981,0.940203741022055,0.304075245976342,0.0793942754350431,1.92716888896039,0.875461056812431,4.27192316999192,0.120212918358242,0.0702696040050977,0.089126177841773,0.0581474072139758,0.516296517811066,0.4154571325214,66373685.8773504,748891765.85492,94605683.2966631
1.18400423643817e-07,90.5477259947812,2.77789933957248,0.0225361899055228,5.31544443758103e-06,0.000820946260897948,7.05881354180309,0.77411844455971,46.1959269273489,1.24935515923746,1.7174145086135,0.891355408483196,259.677007637244,7.47360827275965,5487.62131827888,0.428904924839291,0.0730809369384291,0.453344909587822,0.141786671312915,0.051868885634851,1.1423908852232,0.157761471380912,0.0981674998257038,0.580422352818133,0.559151758273689,5.33890450487381,0.976411530236916,0.803954436911082,0.0527665968392502,1.43435893829763,0.853869688646434,5.01464124958062,0.0832908933128069,0.0243526664754531,0.0344960295857742,0.0153969777630394,0.815142122378079,0.707619098477016,33782428.6025078,422446274.829424,53336547.4907797
8.0665832156086e-08,73.7419096010072,3.6006380342757,0.0266964856698081,1.94177867651688e-06,0.00116683889674116,4.10238282765981,0.680798627405013,46.3375902229911,1.25650456802953,0.796344237723622,1.14769107148907,207.591868295317,5.62873045085341,14489.961467092,0.900268448833786,0.076559661492263,0.348666673287965,0.238145132511415,0.039732779663447,0.626162232696757,0.158098600700881,0.0643109040932327,0.368022097969836,0.645390220172934,6.72089492272466,0.89264637360095,0.300402156149935,0.259914833848136,2.52574276037314,1.09565862176664,4.29302797232299,0,0,0,0,NA,NA,0,0,0
6.26183823776839e-08,177.42032974301,3.86958425273027,0.0550117159290368,4.45306987118461e-06,0.0012223549669535,3.37242007855712,0.930351563788173,30.5538702788051,1.26120850195826,0.816873192133713,1.10308327011462,131.526104120499,7.05354870487392,8772.04879674772,0.255339476389008,0.0952060496630433,0.633189882972552,0.164555430270003,0.0472875606530987,0.960196158274588,0.112778343579195,0.0413539333434251,0.530880312471235,0.742287431484592,11.5124004293216,0.846825052823014,0.598756435566857,0.0344750569163129,3.80365205794387,1.28420220819828,5.86774710091858,0.0705745355087146,0.0113667584196227,0.032176197635849,0.00233209565409897,0.966955564959956,0.838939663751395,45057395.8399764,427295552.391264,15099782.3144295
1.43113620553894e-07,157.481733524587,3.95761691685074,0.0265483063569824,5.52548606092979e-06,0.00170028107457046,6.79477636068138,0.606020478042288,61.4283902153216,2.52562325637453,1.24713178391087,0.823431174023238,134.569382518517,7.23673276417011,5568.58105434955,0.290013476279607,0.0994288956751675,0.393210922558988,0.233483159171074,0.0272842613605512,0.551215524806959,0.313688185562437,0.0613736075413855,0.93233636296195,0.737511805047649,5.76569140829893,0.848713862351115,0.460001819734744,0.0594098060067576,4.79579659628479,1.23429988313075,4.02178930659614,0.108153379597428,0.0709704478725806,0.0884496381426441,0.0673586741589658,0.377193071453797,0.343798149103163,40562966.7453383,402846429.763516,65555529.3875615
9.78475418494844e-08,181.649183410533,3.25341005692243,0.0138098773330667,3.6061671128884e-06,0.00145897849583102,8.78843708231409,0.793384640736572,41.2882679168621,2.00847220571412,2.99663405237832,0.640746325249705,301.322148130363,7.15946108674528,10700.205600241,0.890974563933768,0.128719054560695,0.477009820080683,0.180991375306117,0.0922516354893604,0.670783759173974,0.140448332513829,0.0684963219248992,0.789054119026135,0.547798384660322,5.24808558564355,0.897331723894975,0.750447967105249,0.133168204372202,3.93283554712044,0.781023259680725,5.34420593577936,0.125629948964881,0.0996173568928343,0.110824237829776,0.0927739151228092,0.261530264978906,0.207057252560998,57989154.9903936,692903229.203761,107038612.537896
1.00360792972478e-07,71.902538677226,3.35962112311641,0.0358814012493558,1.45795019123919e-05,0.00172609083697424,6.04798758420019,0.849909842127808,69.4850918245743,2.60465217109691,1.14302793018321,1.07793055993948,195.022732794258,7.9037060102154,8417.34888866307,0.596867578202454,0.0612695984448972,0.364336026191472,0.12319209376341,0.0820749641977984,0.600822232867245,0.197970798060858,0.0936590238540607,0.39354981095204,0.654969995495165,14.607773936842,0.903407846859992,0.93921499460616,0.110817347782712,1.43694769297726,2.36282318350983,3.95876813699079,0.0963858604748724,0.0251374371482498,0.0714622613974704,0.000463817988550199,0.995187904260386,0.73919995085998,21323902.5904042,211251519.470589,505258.730041546
5.44755753168355e-08,75.2770804609153,4.1181496820942,0.0190221166563738,2.26079550067892e-06,0.000649101130957774,3.84609770988865,0.840949999004255,90.7789593368607,3.93527978859625,2.75101629823835,1.110540068909,192.342968260731,6.21329704221163,13686.701653686,0.323662785881037,0.155182763037168,0.49502594008591,0.19011311474067,0.0375802208820538,0.96509003458941,0.101081645877906,0.091004305340441,0.475761242133365,0.865775856754712,8.11068282542679,0.90917133148997,0.864425502100583,0.116067518869525,2.70558170697476,1.06926134208618,3.04851802440505,0,0,0,0,NA,NA,0,0,0
1.59268326147185e-07,122.508394880654,2.27960629422523,0.0219475631763431,3.20530508417984e-06,0.00209619148587571,7.48142352154676,0.58679825359762,86.5539520451936,2.43288402121634,1.34537659505504,0.7273604928997,227.560681026614,4.29079953856491,14233.7744015473,0.720985450440474,0.0985724763596516,0.312529484489597,0.131543524186782,0.0521103168803081,1.0143771610079,0.124143197745985,0.0802404995932054,0.392434287529497,0.80157973932133,6.44290829741082,0.87344858699896,0.792372520719586,0.223584600424897,2.55379646556684,0.903473180062185,6.78069721237929,0.118095178054204,0.0900828204063901,0.104645680916264,0.0873364317741128,0.26045725817843,0.237201536162272,53789369.2725464,532407967.578994,89379041.4984205
8.58255119983027e-08,61.9743896865479,4.00355170101768,0.0214785528089175,1.14839472238638e-05,0.000911814380250313,2.61145715665825,0.827397750149565,74.995404537867,3.28674704823107,1.0355316433605,1.02114072325218,187.81881108438,6.47731432696583,9320.94314337569,0.562443558604647,0.122821701084939,0.379491368749043,0.0915802565244014,0.0291256210623049,0.966314293548945,0.179370297623788,0.0732374055474495,0.428910153536426,0.609553050730985,4.2074800910421,0.921887670936151,0.827112603035902,0.287194907674893,4.51299940548599,2.24723200075202,3.12521554165091,0,0,0,0,NA,NA,0,0,0
1.24487086876642e-07,183.440194524926,4.06598684438749,0.0443860800993199,6.49669001170192e-06,0.00221716279486811,3.7308316829823,0.66194075257461,54.1336159346849,3.08945214584004,0.782609288443682,0.869510102319954,133.063531431043,7.98493191807064,13876.4130937848,0.32529102548822,0.133400624286898,0.763824541137797,0.079272891382528,0.0273854064973195,0.512230954842471,0.227127068226269,0.0562263723064975,0.649919940529307,0.649816065733412,7.69681962760122,0.875274055052015,0.276229351038797,0.065395794637009,2.15145436265416,1.44865048346211,5.86034935460219,0.0687806250635041,0.0384644793525227,0.0485561779267659,0.0360088971562349,0.476467433627007,0.440765777906074,44926061.0746697,368883209.050615,70644272.4947156
1.84523505868667e-07,121.340221888635,3.93950239534494,0.0744367224300863,1.34165076889625e-05,0.000575748023319511,4.34836466847576,0.704425355071458,34.0849243486262,3.7506867883559,1.35047777151799,0.877914982168582,129.752729992269,4.37317107206215,17215.7542131423,0.53190029133602,0.143353879612134,0.793932036434629,0.151690256181931,0.0603114878016429,1.05726044077138,0.154739469524088,0.0805666354639315,0.661011637414092,0.524322152156773,5.82802614448337,0.966789837394053,0.280620780228836,0.124380282156226,3.71549494917307,2.39278019358581,6.43733764210421,0.0673085560665554,0.045924218303115,0.0503550546340266,0.0427619784683637,0.364687330001848,0.317706083938205,29699491.3344655,225455537.354568,40488684.0476938
1.24655151979892e-07,194.28802654492,3.0976139923734,0.0836679490504537,4.45747234432629e-06,0.000500185133180755,3.01473723068333,0.783731250334546,67.2006318123012,3.82106312398685,1.32027968127445,1.08649419978112,144.530377937283,4.23602654438229,18378.1460784375,0.351200253266461,0.0797047401753694,0.332489427742339,0.235404351671986,0.0608709704203565,0.852961352138693,0.268015454775421,0.0942921703606436,0.548054651955901,0.606915678958787,9.70187337680241,0.855574098272087,0.545308560506156,0.0342417668596755,3.37091742906572,1.21541731201773,6.61021045663147,0.114652497710633,0.0913584212753388,0.10333446868853,0.0880405005665935,0.23211005146355,0.203171120563682,58170774.8794964,410057075.184076,95103088.5204938
5.06093232614152e-08,135.953441416657,2.69609668546056,0.0313019383814371,5.38722895673259e-06,0.00280332256643212,4.97747481884449,0.71757479641739,59.2264940774461,2.86704997988225,1.00793503271073,0.693597304605603,129.641189442891,4.31575122123455,11177.3562582733,0.44007003946291,0.0627228505355325,0.352996777935033,0.203265660593221,0.0830638318125725,0.996884555624867,0.167586731640012,0.0529561878657732,0.408596622657143,0.738108628639052,11.2552978514384,0.910128564135808,0.336520288890052,0.0234847710099828,4.45959976548829,1.40385566299188,7.63823483027055,0.110942287567424,0.0306216096329751,0.0038773457965924,0.00090326957830549,0.991858203052136,0.72398613455338,49963655.0098674,460284129.035477,1066199.44875384
1.09056566286582e-07,91.7624193330149,3.35790457832578,0.0126098145227463,7.89049956506446e-06,0.00103801164812582,2.59861814744017,0.83554453060919,70.4088458746391,2.79056515072324,0.776520044239681,0.542806884087333,125.762208040535,6.00895630638224,15499.5339378085,0.662121414904324,0.0513354965079586,0.66624610292516,0.175292814590875,0.0356628970133229,1.11644444570598,0.127420245642815,0.076150385278432,0.764278603868762,0.524791529095316,13.6156515296159,0.963479071925245,0.493766253990288,0.109275877597039,4.42947753994752,2.23694590864136,7.20923901276159,0.0868940107420247,0.0266214957041667,0.0705060874946856,0.0159055110161147,0.81695503659814,0.693632559058622,29048409.7440293,375183491.427208,57688504.5682836
5.39375053572405e-08,131.28292325519,3.48870790656035,0.0105341846627392,5.25214048152901e-06,0.00192597204904363,5.94019689805267,0.872770800687389,45.4075590080252,1.10288656259216,2.50173423123748,0.49555565667309,198.780496099856,7.41284266419273,10185.1944300748,0.857585776959818,0.0516855611280897,0.380607633147565,0.195784530829098,0.0363930042345489,0.968768195860268,0.177775384336423,0.0488832400159512,0.653435352698782,0.748406768350987,12.4689866860772,0.901311450712184,0.711104432829103,0.153129630489387,4.24008297385028,2.1805735075927,3.91229683429018,0.118423965621569,0.000461062622785636,0.000871146734896862,0.000348690089329049,0.997055578340931,0.996106678066676,39320477.3410767,425012001.877012,152482.985774859
1.44547159143704e-07,76.6913221503375,3.44183589434449,0.043691187143233,7.97443372284961e-06,0.000347589105921442,9.41840411909224,0.88344954757799,53.6385919103307,3.4939378171004,1.19918988213182,0.62481285792506,164.13864226245,4.77609336363664,11716.1266924888,0.476968349280808,0.0700906072809799,0.362823736466152,0.142454871206337,0.0554547697260067,0.78278568268628,0.205713899776412,0.0466561820126373,0.451080064206972,0.868361299691869,7.74550864857423,0.966228510884846,0.40188540379769,0.0325472994349648,3.37709848145166,1.51151486941698,7.48476883335042,0.0898484795606149,0.0146071486036002,0.0522658324482026,0.00994063473999001,0.889362237529198,0.837424643410402,22484829.1346622,254048257.978948,14344662.7502395
5.28289047302896e-08,51.7410914760379,2.60164710581935,0.0429600537288308,7.74542146403277e-06,0.00293314639426817,7.32021854928012,0.569615168552546,96.80357196346,3.54590489029334,2.13736794143934,0.785829256978277,136.707624653991,5.78980988897467,7905.12712239732,0.788573037825632,0.129554943793326,0.576611620538047,0.0980690847080583,0.0630181541686085,0.484203729178008,0.126862290565651,0.0963574047164067,0.875739073181522,0.803622730055193,10.6631338141676,0.92925657806169,0.282711813500358,0.102624264993891,1.65733933999802,0.641756017094,3.67379745989245,0,0,0,0,NA,NA,0,0,0
7.0520681508122e-08,81.6993564209983,2.50199009752853,0.0468423103452404,4.91387066508763e-06,0.000391969279559822,4.77990074580893,0.604882263351822,26.8764695122159,1.13753886082979,1.46392186238091,0.602272942196354,185.20083038556,6.80985754056788,17422.8247780338,0.525597764029562,0.121982610154886,0.355520635376662,0.120612958704072,0.0302079084060984,0.523657374366556,0.124676500699258,0.038395766129333,0.608597758767062,0.509215050791172,9.54255187548117,0.914710331403875,0.289216246026037,0.128610365339651,1.34990344414279,1.17444233292396,6.53903589081008,0.105848311247268,0.0425792952720073,0.00124759496152973,0.000339181250903379,0.996795591286185,0.59773288047516,32422484.9303061,348536682.693717,360107.10303719
5.01233454372343e-08,184.574378694772,4.27356997079891,0.0241278347788711,9.28610828460513e-06,0.00267158951398195,3.80606624865531,0.67434719848546,31.4077961616709,2.82422049035437,1.70520883044511,1.13115169108736,257.72282249983,4.88797406999237,9058.44010320405,0.451783362754627,0.17100034533261,0.587684872057268,0.221254732378715,0.0596669193012002,0.941990513073532,0.267704554338347,0.0570938536841841,0.689467609578886,0.515036586583809,4.03616113685685,0.971980552244616,0.481815873539602,0.0313695207239493,2.66665521164489,1.43642375572859,4.5163944301726,0.100024625890981,0.0334686039346892,0.000889126085061677,0.000391855899242215,0.996082405750067,0.665396359780765,43620009.7914569,419086717.947635,400374.302975746
1.53766130296276e-07,191.981843508851,2.36855515143865,0.082572795050799,7.09579507297175e-06,0.00169416747678592,4.4567125130501,0.902005555537286,67.4407701412368,3.00662263018657,1.51911630110062,0.893358949950528,149.738143491096,6.00574115465033,6801.59848169042,0.822761352978182,0.0666093578435711,0.487422702494215,0.162172682985699,0.0439100777933155,1.22099671716096,0.134574093559591,0.0745727908765507,0.623460023537006,0.60187255726621,7.32256197348272,0.836197131309773,0.281944888208945,0.207646077833534,2.37381624372037,1.90027777885476,7.78343633598813,0.116164915664501,0.102878933642864,0.110145932042209,0.100575011897877,0.134204924761008,0.114371727002399,70921955.6565519,449272095.795594,118974414.601004
1.9113277445914e-07,67.6947390532949,2.990580004767,0.0143979058381565,3.91775061707244e-06,0.000352217934300155,9.31929364311018,0.936719399869547,81.7564761662567,2.83999164122595,1.82812145222693,0.916505511878399,172.27145392318,4.59267111143054,6674.42197467133,0.270166531376562,0.136405001173966,0.304336422340294,0.160496302237515,0.0567302026170479,0.718983153672396,0.278758046431435,0.0524722794282836,0.781324814763386,0.490779497916434,14.943890312482,0.837130684656547,0.373633698052615,0.200205785175665,2.11023867339626,2.11160872140787,4.59407537317548,0.0862347130511529,0.030575714005746,0.0502319349244538,0.0231649834968442,0.731372869727031,0.645436125152883,23833597.6237266,340381102.967574,67844797.1433169
7.02896696160313e-08,95.726351658762,4.15098060673541,0.0269096658412188,1.89192945036405e-06,0.000462913449889762,3.18658196800343,0.645122616691138,37.4913930845606,1.43227205440345,0.784390194063418,0.566614111966112,126.549276412925,4.68527800614866,8549.37988946049,0.270879971836371,0.17984361086205,0.345083805058343,0.175881138695003,0.0996063973133604,0.794290243033019,0.109351429788999,0.0470601983657796,0.855163009042311,0.878989726523786,6.6362507170389,0.868329273257672,0.983899754386794,0.0752354076099015,2.60710532739443,0.632654399713889,5.46760023908944,0,0,0,0,NA,NA,0,0,0
6.1461706474078e-08,180.247608855617,2.68984861847347,0.0711800290953526,1.19519813295725e-05,0.00103996787083334,8.75084712070674,0.719604713932153,68.6060595198163,1.77413803083259,0.867159728861472,1.00865028763276,195.72355363736,5.77823791583466,8905.59989694757,0.585893162782856,0.135274613748412,0.679769266201639,0.211922724537027,0.0998495038946959,0.682736147396018,0.283989923224204,0.0380949873028082,0.473574448990677,0.895463880176561,11.8160710487852,0.994542091321449,0.457425501773391,0.137266911086866,2.09498511420829,1.37766380764873,6.73708386775548,0.117264416816478,0.0407330495842813,0.078652187432401,0.034990436165343,0.701610794516601,0.652639302781596,63681587.7743296,561365939.98514,42575613.4700362
1.4263232580891e-07,82.1609799267905,3.05234328671734,0.0217531217476747,2.00303607141754e-06,0.00152174679066992,2.67960657112932,0.757663555405987,44.7906498952787,2.45047975312848,2.38787101035819,1.01643642335298,140.172150892614,5.06306573439119,6370.05855508941,0.646314112835299,0.190937480322823,0.358867574028461,0.228879329792774,0.0578265183071579,1.10706889669256,0.136488044309508,0.0436469164877444,0.853025933335205,0.788799348501459,11.0745614629685,0.958313806685483,0.728840360800661,0.0246601395294836,4.68896761083355,0.978066667949547,4.00215569695477,0.105647255824114,0.0384584658030009,0.059259714728596,0.0316872758521963,0.700065320154167,0.635972884454015,27819690.1753488,317133083.549169,29509561.6723539
1.34901491553697e-07,79.1715105963709,3.26155146859473,0.0105866930395288,2.77166564225926e-06,0.000597541586913895,5.01526548684264,0.633533403942238,91.9987231071504,2.99638023980065,2.39909549568931,1.19686179740029,202.514309384478,6.91393057987144,13372.5407189105,0.559125529789712,0.189998477485641,0.545122892119089,0.209787491336934,0.0448121720662979,0.76644233284028,0.229810784690472,0.0421139235691872,0.452179295078466,0.69280701329852,4.33011692367336,0.84625524990869,0.272837796861405,0.10412917071401,3.00412270229076,1.926028447643,7.67740131513769,0.101908131390169,0.0290491893759701,0.0635740637672357,0.0189147879256522,0.814393732201464,0.714947286544277,25969164.0630748,366927325.492781,57622199.576801
9.99674439378437e-08,80.877126588355,4.49164334762419,0.0136087172887025,1.11288989368487e-05,0.00258471736696368,3.15696592369423,0.565477645979592,44.721920154002,1.56131394812988,2.90841041562734,1.06297268519729,124.327321363978,5.02759604323033,16505.9815910252,0.389143285006248,0.0609813849760202,0.451480095816506,0.201762662953056,0.049406775925068,1.10133238130099,0.241270416107574,0.110360615342571,0.755220683763736,0.537324406023908,10.8966050565157,0.993629625487966,0.305838655562462,0.0300272924760561,3.41053369833278,2.09420606418165,4.07239238446688,0.0672375477973328,0.0107355504046105,0.000172971789822852,8.56224358625393e-05,0.998726568135402,0.840333998542458,18208769.1526212,179871163.593279,64629.6062700683
6.81602150087044e-08,113.492191923817,2.93306112288414,0.0285630544671667,1.30888963190194e-05,0.000428107716485403,4.45363592362714,0.702285990771744,94.1937002205036,1.1641040101375,2.27571069116377,0.720811914477685,272.771246962631,3.87974312300575,7290.91055839605,0.825960898770965,0.0563655256222107,0.350875603214747,0.111814934692581,0.053607243419967,0.657977203266862,0.13496845456736,0.0473390055816526,0.451939652237774,0.748072060153638,5.97817025214386,0.879888140266856,0.270973476151533,0.152464673128729,4.35367864401968,2.38767248872554,4.67699511958291,0.117595397677721,0.0419559889809511,0.0965909995395632,0.00237790465750666,0.979778930940618,0.643217423389861,40155678.4793631,491714031.340363,2528995.51994294
5.12941421099536e-08,66.2212333361934,4.06630011303525,0.0148737297140656,7.2610247851418e-06,0.000646149051052127,7.08886438648299,0.615270206846128,35.661954384065,2.10867296277637,2.07108101864699,0.991587665361668,128.365677651081,5.36855923602534,13223.7891767622,0.862226246710324,0.15349065123344,0.409594840403486,0.1224949785976,0.053215684205609,0.798505062553368,0.173560649067878,0.0775065489333727,0.3874516306344,0.516296505503877,12.5499828543677,0.899796940372884,0.395554735364601,0.132829429579439,1.47929478287694,1.54522858660025,4.56812207442253,0,0,0,0,NA,NA,0,0,0
1.28902753081104e-07,96.2274552066484,2.89329695073023,0.0150620475651619,2.90093992815691e-06,0.000610166839105827,4.7516729237068,0.613466745389491,69.0826176260081,2.20362130489344,1.61294961017894,0.756129213711676,220.735742141855,4.23103207533506,5218.82182613992,0.680489929254873,0.169533854457932,0.465207353850954,0.118927462027445,0.036464552980013,0.573041690005819,0.345365590819157,0.042865383037103,0.489323099174065,0.518660622546073,4.58101585311258,0.930344255588786,0.717883681738127,0.024577914960487,1.27086426356368,1.13469893143427,4.93070989806317,0.111527535368813,0.0527558164325205,0.0757651237591982,0.0419473007872121,0.623883907696019,0.526970480804933,34913616.8833081,478258921.02726,76030723.5220797
8.86701697500441e-08,75.2273475951265,3.79154107586166,0.0353180585362878,2.04632257662165e-06,0.00165185171281097,3.88284322123273,0.593331299634459,28.5277120795783,2.09942510795071,1.16957956724138,0.825165449749618,226.380990631227,7.08092353386556,14618.638935452,0.363124205781999,0.14793974140774,0.341146917939561,0.0825414999383684,0.0850454006696268,0.745128757550741,0.232343099684276,0.088799830679721,0.608171118034604,0.80938419531853,4.03331831182394,0.981008084846036,0.622792906415509,0.282947967166335,3.40233151584608,0.755860972445485,5.89259370684843,0,0,0,0,NA,NA,0,0,0
5.53977176975603e-08,70.1028001686456,2.15050543046673,0.085285293809962,3.02136565416157e-06,0.000447562441154339,8.0681987173002,0.837955227129883,64.8060026336635,3.0582952287887,0.907024331223116,0.556561049180147,317.015487293138,4.50802508725245,13066.6821190243,0.62980297680999,0.0941259322097601,0.365149766392603,0.167644575609185,0.0297571274828764,0.55284348085258,0.13770757058106,0.0620436521206583,0.504538706773894,0.788321458611811,5.05481911479041,0.999,0.368194704130805,0.0297083732231128,4.24426630148938,0.935285142250447,4.94067730149856,0,0,0,0,NA,NA,0,0,0
1.25611345575346e-07,68.0790440937918,2.51644738557976,0.0193823459221905,7.54162777172281e-06,0.000648303558059944,5.91152885692313,0.799295742707497,53.4371308928195,1.84700618658651,1.72609055009707,0.815207447775967,207.645057086645,4.24760154695905,6417.00879405718,0.536999841134772,0.0553241403000068,0.325208415432924,0.178453735993035,0.0644846134174784,0.969674966338805,0.287763976409427,0.0423407147627966,0.482700773270111,0.750910846544983,8.56381029711116,0.913436322531432,0.830375250583605,0.0228390704594744,4.61503989917613,1.4381352103277,5.94230020392176,0.10524100404605,0.0283561141790028,0.0671180702186702,0.0124139002556327,0.882043122182674,0.730560208579965,28278628.3252477,369597748.152256,36321248.7651661
1.45001524744356e-07,151.431985597111,3.61185386473977,0.0496074274960954,1.66379113839064e-06,0.000448603261523036,2.5885293381029,0.903158913712301,53.299396453533,3.8719013359216,2.87754457666697,0.59931393799999,126.806135735529,4.16592098646493,11987.6952572183,0.467004928791748,0.0754419971218809,0.462569349893869,0.0760839339894609,0.0320659663099717,0.538944219684139,0.151831805275968,0.0619035094932625,0.918782451324133,0.707147032644712,5.66322762837221,0.96743677128554,0.526868659440801,0.165615863489535,1.89806179473143,1.5056497123613,4.98244666550218,0.0900902091907152,0.0527853740209115,0.0660119365783688,0.049253715675776,0.453284478766066,0.414083122959918,41593381.0751306,393581004.032022,59804965.8421962
9.57392461357853e-08,112.066334861154,2.89598262482931,0.0547339134246487,5.65369477440049e-06,0.00109687615042721,6.99657359934713,0.767273301451106,28.0636031570842,3.88645511400413,1.54002443392267,0.586586433582974,308.721454022051,4.40656812212688,7458.16833375745,0.87350351822341,0.0788879343456842,0.392426931964171,0.120965145780798,0.0330647366585306,0.819819678203098,0.254180625999252,0.0675460022169535,0.574720703794374,0.582957133524242,4.40019611866455,0.87157015127086,0.487894120316527,0.143297286568725,1.31811928972203,1.1940274842434,5.59365267641812,0.111650988831049,0.0464634802060952,0.0676998432734347,0.0276435553922238,0.752411011477433,0.583850705734419,37937081.7694895,364256520.670339,64711415.6218155
1.13528088945202e-07,73.6218249049931,2.55420710863311,0.0692105711917533,4.09749278781946e-06,0.000806858290294205,8.51418104007333,0.621478131350594,26.364940262469,3.32258734921826,2.38345755329859,0.627400259959595,206.756844803491,4.23861587952268,8310.92492732919,0.879860227220535,0.103271395095334,0.52370439274882,0.190473328755455,0.0655911617149844,0.815253646382342,0.335206700558427,0.0402255080207402,0.580843462457549,0.736842471454066,4.8834570539321,0.916549395236703,0.296980519802756,0.17178412327364,1.71350547558838,0.611611220918076,4.91617891363455,0.108037056219637,0.0301777003864503,0.0401334657576755,0.0108867670986069,0.899231176046909,0.720672689145661,27384757.92417,251322101.071639,10533381.474396
7.067213022739e-08,87.5026011444817,2.43388337356052,0.0318733749446576,1.16702528650826e-05,0.000422604366186909,4.91221254684694,0.59893369237174,42.8901053052341,1.36262041526948,1.40598506944831,0.788059346774965,315.836584654788,6.11030726949315,16843.5861200988,0.472259937192424,0.141730994189859,0.371979291852193,0.225128936251571,0.0459227922956853,0.565232027484323,0.129091728403292,0.0817223341522314,0.459459863256659,0.732191982683244,4.24140424833215,0.912086589176536,0.489045700598052,0.275676009764514,1.93762596346938,0.666955384355367,7.05067433992235,0.117618783271611,0.0419577730759095,0.00829940464318912,0.00115037250766329,0.990219483013978,0.64327319235212,36841951.7060548,437729641.78021,933383.8217836
5.4580001075571e-08,87.1970786328384,3.00118765513142,0.0319096230139578,8.11403480522777e-06,0.000849601344142249,2.78362969262686,0.583509083144443,40.2508950903257,1.2141192267299,2.8443049029836,0.481155149985306,234.308818764292,5.99768454086821,9925.78017094078,0.319892940330389,0.174804748752054,0.439381938862469,0.292995533702449,0.060283872127791,0.589844872714997,0.26606326452272,0.0695827239378604,0.950647121343115,0.504679535192015,9.61001089704927,0.917551539419022,0.305634965988942,0.1387576898234,1.45165246885031,1.45415839289944,7.59182359958775,0,0,0,0,NA,NA,0,0,0
1.15132496075024e-07,142.715637779649,2.60470159177553,0.0123698950067901,1.65400529590849e-06,0.00289413390831776,4.48076940646003,0.584558536067455,98.2619483076682,3.09915051369688,2.43876092649456,0.778394561037746,177.083365551091,5.53970359028784,16078.8946455199,0.703164184063345,0.149485062555575,0.787058685274285,0.197861742069175,0.0268124371247616,0.596867215388509,0.274972725470933,0.0590351010425902,0.42827300838821,0.665854052462381,8.49749196886468,0.887137352632714,0.412898314976976,0.0445478314880625,3.24535977878721,0.895649326011186,7.29592936223832,0.118836941712232,0.0906740432276747,0.103037103116263,0.0860586218495486,0.275826013278408,0.236987742016745,56130930.2832706,566173639.915748,97374184.9276947
9.64039420400911e-08,192.458144782827,4.14627370734017,0.0500087841168821,2.8826361267101e-06,0.000399939543458442,4.04609286796435,0.923130796046912,79.854684063938,1.12162791111849,2.64638700010349,0.691585391220002,254.846185866964,6.11477274808094,8625.97409649321,0.734030487246209,0.198155479316397,0.43789480254831,0.10537023138499,0.0758043785166361,1.02046459306159,0.302817062314562,0.0418497881046402,0.534075342604883,0.523786053927273,5.32487490942592,0.917900866567074,0.628539927997835,0.0913334310893755,2.27415666605188,0.620153602381252,4.89350374983342,0.103436274455033,0.0610602824612993,0.0752582630637135,0.0536706189665921,0.481123819961976,0.409682117970671,46357144.2573057,473347279.311169,74537537.2563505
1.69836035642491e-07,137.513447044022,2.71424635220144,0.0435697163216827,3.93475610034648e-06,0.00049923197870339,4.57143463320434,0.941417631757814,31.5458606768323,1.69067921190112,1.91399425664778,0.973170145252296,245.14351758496,7.86679254920979,6134.44970663875,0.770577355238897,0.107089788118129,0.629821476034975,0.100095422047585,0.0425904264693736,0.591397469502403,0.194684837524496,0.0514675888983439,0.93733811490818,0.892644407597897,4.14701658552669,0.984963138986184,0.764993409079621,0.0645195932882202,2.18124562862395,0.855167861987547,6.01876458835964,0.10712745592973,0.0807148631169248,0.0913454409732954,0.0792239411917976,0.260470245426494,0.246552973591857,49551212.4484407,482060875.326074,68700553.0458792
7.21900558398606e-08,69.2095477240209,2.41282538722035,0.0606572294898568,3.2460781655233e-06,0.000732259999570467,6.29160700171043,0.612374924935117,71.9599140819062,1.9467564100511,1.13069940574611,0.960100046859327,138.714648287872,7.13282645883396,10609.1481176359,0.392479992031425,0.0783455920267279,0.386441919594915,0.18469630966442,0.0252419917158542,1.00190047247944,0.143349122658569,0.0424989301623532,0.455169896450591,0.593731265183046,7.2223322291572,0.962844467314901,0.691986109307875,0.0254970617418902,4.09057039320087,0.68760922115943,3.45789994916912,0.085256470338005,0.000120430817065031,0.000217358404067078,9.75134101156248e-05,0.998856234491892,0.998587429005827,27096672.821086,256584906.87795,80550.4499695808
1.32041266597972e-07,70.2173270960031,2.44965352555193,0.0224487981809229,3.40796770977489e-06,0.000876238669343024,3.21609916534103,0.913775102290195,43.3794017077185,1.47149297279703,1.21453982343354,1.26100413310152,153.454421407518,7.36715321396333,7351.66333961297,0.356767511020959,0.0911748760626565,0.625090614102487,0.116138520516812,0.04241497107352,0.607061790760847,0.107944944354935,0.0384722769253784,0.680236103459989,0.530137210692385,4.1805385720096,0.866681938305596,0.444363999219613,0.0593400521384553,1.28561660705478,1.18982264668496,3.10346535854542,0.073433386651088,0.0194087485052514,0.0295441883282993,0.00956782490698697,0.869707426780578,0.735695854564487,29583222.0981905,368230723.371171,62714072.762396
1.28417969898102e-07,91.3837400232814,2.45193291830453,0.0136788737239423,1.01022584132058e-05,0.0019776098859448,9.31427639685809,0.693818153488462,46.078295149701,1.98780992932965,1.55241198199244,1.06721818348932,180.97361266933,5.14044996524588,9810.74637712864,0.332944723556473,0.0668253238797778,0.73066645095708,0.126482600658764,0.0415782027745391,1.08553767421416,0.117731334319354,0.0692762408903852,0.49304261675097,0.584417736961863,11.5827978733036,0.85009149456773,0.289798209103279,0.265345516351812,1.48474564999159,0.888561807327638,4.87531642575309,0.0627534930120497,0.0233570761155394,0.0342410512868911,0.019155158112341,0.694755507734639,0.62779639834464,38513032.8626227,441993726.117707,70014537.8198431
9.34095513202816e-08,140.062147620151,4.19050412844311,0.0148124628175013,3.46528638643978e-06,0.00155953688992643,2.88194576901416,0.742890180409536,69.0467755096293,2.72946176402143,2.98220750267658,0.608107568608073,274.144122540203,3.97666593928487,16838.7418291128,0.605827051451224,0.0508817389218117,0.343625355527599,0.18385073745195,0.0264472752669945,1.13290939541539,0.108962856992924,0.148775311077252,0.456324294532159,0.560589799918693,10.3121545856698,0.966280195467954,0.263624393882171,0.119090603283423,2.29366656210351,1.41083666416179,4.61604634790054,0.107923347505826,0.043376807212083,0.0720728921474371,0.0173986087261069,0.838787351132083,0.598077633667345,35118407.3846212,420288325.626321,44184522.1401919
8.34574839909394e-08,51.6417214862117,3.39918890328574,0.0568200922597118,1.33384402785608e-05,0.000469387131113052,6.00027936466034,0.735778514889705,41.9959664246798,3.16348017735363,0.93714656578648,0.792593623215566,211.492771545628,5.53057602047834,19054.2663149506,0.280983055652527,0.110552152831056,0.568237292876309,0.130323980986877,0.0995045483902734,1.0403601661451,0.149262496290884,0.114539144724887,0.560092621987527,0.652156623800439,13.5201765761121,0.923908225707872,0.854810421963315,0.024238350954254,2.28403372184097,1.61538783333127,6.80756941811434,0,0,0,0,NA,NA,0,0,0
1.47980228330412e-07,81.0304787734545,4.25251490102249,0.0450755889087448,6.78431236771e-06,0.00042514168792415,5.28428543646521,0.637391017090116,26.6162566540171,2.21304708581474,1.2947805375592,0.764747833092236,237.656111173044,3.87297603160845,6164.20421451031,0.397445319372297,0.160657084784352,0.662814121837751,0.159437730981664,0.0634863047240012,0.49476617660088,0.12350556145799,0.116843686974979,0.766710298550627,0.853636822292563,8.84185781245712,0.971475490555516,0.31339549449575,0.0755224035131164,1.8153810337789,1.52475770111125,3.34204921488459,0.0729707312499925,0.00793677927325354,0.0437749196403218,0.00445797976374817,0.93890728943807,0.89123338717735,19238042.5263046,212953085.395181,7176386.24500491
1.07919530581181e-07,54.6360300469413,4.27025507145713,0.0282066148488553,2.17615756767589e-06,0.00217208797355035,5.53017852916749,0.901432290162662,77.3420423557979,2.28150034310838,0.764329410901766,0.794434226606493,182.926835770481,6.13919207525377,12279.5224097774,0.307914918096332,0.122216328466014,0.301686795737532,0.115733694811346,0.0679085919258669,0.791967046675847,0.187627317296147,0.149339359991079,0.488491102459284,0.51166183284403,5.98369422803849,0.868485143183951,0.561086765688348,0.0224261234912478,2.44337556320212,2.3298162472504,6.72853435172235,0,0,0,0,NA,NA,0,0,0
5.2112138010774e-08,125.286041851219,2.16364774426461,0.0423477507689077,2.13858004157657e-06,0.00116380108077868,7.65406211706932,0.932790231126817,32.5785633540866,2.47980477773915,2.11462045270173,1.01192087095944,292.443241685662,5.35379655872816,9775.24918697391,0.545511072226898,0.0845744963294067,0.502935568643304,0.0862506067311651,0.0289341512117963,1.19329217087299,0.288944673966678,0.0751476027998021,0.729166974225473,0.78966252855396,14.3543737740277,0.844439371591694,0.624737219285989,0.139710554200936,3.22976663615755,0.829106868479044,4.36412183339779,0.087677323394861,0.0158035038093652,0.0398946361471355,0.00115547815309719,0.986821242844134,0.819753806372567,57282222.7741262,592571558.754849,4048196.52254355
1.2109553919212e-07,52.2798601084903,4.24210448319744,0.0155648645137056,3.00054345071845e-06,0.00173925051712483,4.40023338531523,0.884726609737207,72.804157704208,1.51908012539033,2.40828533137325,0.801110251423504,165.926455784461,5.05727969834219,5993.36733192421,0.541735254707399,0.138393357651435,0.651855043224205,0.0985448996613756,0.0490839571395216,0.558158834368776,0.123824499759001,0.0435358966623905,0.58378756242741,0.792345121882243,5.63655693471267,0.844777934326784,0.360003108883217,0.209596760865512,4.34863118675842,2.03756366221771,4.09339283285049,0,0,0,0,NA,NA,0,0,0
5.48157784745061e-08,130.734613753679,2.46346242003948,0.0869017125244091,7.68536240074576e-06,0.000673367488544335,7.39819203557977,0.912510240748139,41.697791998629,2.04432071901947,1.00938831214041,0.584208988287501,246.518899594111,4.60398504494951,5434.37276873798,0.527459550458304,0.154941741697201,0.689793080434799,0.0960696342111569,0.0814892125356329,0.489426315230094,0.117810972523034,0.147011564926355,0.911114523872958,0.872200502002145,10.4783756894979,0.985390447530602,0.783131226609757,0.0555979122888724,1.92804781797433,1.29996566275797,7.60214455353786,0.0929794395813445,0.00961560885603022,0.00383076326324247,0.00105796989732061,0.988621464034583,0.896583493089159,48741256.7315407,415611726.34524,2074241.23726076
6.27826130314016e-08,81.8782822101065,2.32121679593171,0.0896184470879619,7.14256026263187e-06,0.000994651664293588,2.81887447747507,0.656952772266002,25.6332755169783,2.36648991911825,0.840378522248075,0.861646079351813,214.065492074076,4.14996950277275,11048.3418191243,0.433540499399449,0.0697706692642229,0.617436752184117,0.0783461030790443,0.0825030646298922,1.12673312166234,0.13126326946415,0.1282733480323,0.364197332247302,0.837718018409141,9.69346870222134,0.996797319722549,0.693205850621195,0.0451700288017695,1.67736414360291,1.04465100570613,3.13702021201231,0.0515777341947547,5.06769467788768e-05,9.98904298425506e-05,4.8148734128914e-05,0.99906648217723,0.999017464656599,31160349.9147456,258919903.640115,115523.699313745
1.14808502858629e-07,143.491309212779,3.62685948291392,0.0139372198724169,3.58673816678699e-06,0.00271124738156663,3.96985947260631,0.821394789398767,54.5618825332261,2.69714112235724,2.77165721972704,1.00700671344374,280.321537816492,4.27837493715653,17520.0316382277,0.813661837588775,0.175028006898086,0.440404247614257,0.25535885798587,0.0665716120508023,1.23262925930913,0.139497383005949,0.0421595929322034,0.406346580701373,0.873848343335689,4.32611041987219,0.914908954452037,0.543213358464527,0.145047381551192,1.2754114968832,1.32478405190958,5.35107653003547,0.11757231861549,0.0757805491350688,0.0960481601820936,0.0726069343453043,0.382448732828356,0.355455858764661,41009608.9519861,423021820.130206,55967744.0831181
1.00484384583005e-07,72.878166520371,3.22836988688387,0.0304003211525782,1.17439061546348e-05,0.000442721263445425,6.76331610288948,0.705830557151137,81.3957882527535,2.88289783949797,2.26454076102647,0.551050664654924,189.95139480742,4.44543966225722,15424.3521389125,0.40076981001618,0.0973698741648049,0.786058666254536,0.108593038013717,0.0275741283829666,0.617559544380443,0.100357538846608,0.0785560925722694,0.45353911610338,0.903192579367805,15.1605817613218,0.928848579094157,0.25476539010189,0.087862315269798,1.65408961485959,1.77966882312544,3.89978784547965,0.0605964064006564,0.000391183775591788,0.000850888048999125,0.000255194201367,0.995788624829009,0.993544439368148,23360002.7116894,278788256.657463,560196.195353249
1.16374498576592e-07,117.228007785882,3.31961023833259,0.0464560064628698,2.35432926084428e-06,0.00234438599347014,3.75240140756089,0.591123916020587,29.5893988732879,1.29556863247888,0.983977206552404,0.694599321192991,219.96818801011,5.43125032363915,8469.30326320122,0.295411665924471,0.105567952254113,0.344822629203142,0.288115430374988,0.044896552735335,0.652343922663762,0.130599701003751,0.0621256556386722,0.363294125638126,0.662314185819071,6.58257746243583,0.95110768296134,0.476731302801534,0.0661676750798024,1.31940299712325,0.927842029057538,4.14483665378585,0.108174090469879,0.0467622880598156,0.0699521710465956,0.0384415065304465,0.644632958192974,0.567712676328566,34923555.2276076,308674437.137995,43784911.2761829
5.42621794387578e-08,156.911805939808,2.5855248762625,0.0139499599257577,9.6425649684079e-06,0.000891329709116198,7.61685246110312,0.713909983745153,30.7487376104529,1.06662233510082,1.20744427847102,0.833304442372175,174.502201601567,4.1353825411537,17168.3470481731,0.251045037072115,0.138855820424965,0.310746185629894,0.106208082963833,0.0474482859392187,0.897042966160414,0.275746923813229,0.116377024677063,0.848756181347547,0.822750620216767,12.0341194705958,0.905022151774277,0.508710553798289,0.0834195589601615,1.63222772895295,0.692507967525131,4.76509032434183,0.0952222733278023,0.0170997844893833,0.0420583076273099,0.00304674157209589,0.968003897978706,0.82042242962928,64125731.3247438,834724032.799137,17950209.2262743
9.74516333329835e-08,94.7136615265259,3.27162505638171,0.0133564456846782,5.95731130480299e-06,0.00095488101402474,4.33326098295475,0.584764407483236,75.6641047846503,3.2234311662762,1.69206389366505,0.88410962945228,233.740561172192,5.48922480633241,15959.6963039432,0.447128244160624,0.101076397018935,0.668267995726999,0.0896785693213658,0.0807089647224367,1.10455978328788,0.259605560086144,0.0634914892274251,0.598647596288024,0.838916058888282,11.5199537886203,0.901724289791856,0.994912031715714,0.0468180393236531,2.80421059303509,1.84442887960836,3.23559858248935,0.0594625330534288,0.00681989450229428,0.0378982406487865,0.00194029596897719,0.967369436360308,0.885307702983887,30785737.767952,396904895.37777,12681400.5664309
1.27079552754942e-07,134.523625156512,3.93709678251953,0.0247510606145012,9.45174178733873e-06,0.000741267331804468,2.82954448599961,0.574233705815021,47.0338902039755,3.06672631056172,1.73181043054717,0.485397723532745,157.01324546061,6.97711514892419,12653.5437556554,0.470820810290892,0.0777492106259535,0.687395029119635,0.206467186092233,0.095955865015325,0.983014531594752,0.201289312932114,0.0747731775555803,0.394382198651528,0.623107426678797,13.052433921875,0.895507628834511,0.509381602299474,0.0446364982785795,1.28399203406219,1.27466569911169,6.53344454524411,0.0920526745872786,0.0493811009597869,0.0640617871707463,0.043682254053583,0.525464585907646,0.463556043524115,35296051.1274129,429252953.765242,69275828.3455857
1.17935470933573e-07,61.0196074300368,4.03330513581093,0.0110633941435366,3.06181692539506e-06,0.00127584950134602,3.16727470390637,0.934475817295181,95.9921038982784,1.54785909350919,1.57337960341997,0.957149611098231,194.867550885733,3.96776221717293,18386.8739814228,0.280328986381174,0.0576465155164201,0.463145946706333,0.277352817710278,0.0377540110669261,0.913134455991496,0.3547365682335,0.0984826475493751,0.388894150538177,0.885262838683327,7.78017582674323,0.936193110269084,0.31075198530879,0.119841938628745,2.52087202219928,0.844298706937833,5.47766130366,0.0712511701711188,0.000102853185975844,0.000236539964949634,9.95121355661567e-05,0.998603361385825,0.998556470220365,15951975.4261584,181059538.439299,59430.0904799613
5.04157109499506e-08,121.902824426234,2.85389946936921,0.0112715362622131,1.1831772589335e-05,0.00226703715407109,4.13104377641965,0.605526917037296,78.9012902096701,1.44215069722702,0.996985813785369,0.69841618289439,201.135902657654,7.33127634425499,15340.9865042539,0.462589366348221,0.16295425157436,0.70422505175027,0.218391947108952,0.0778487112830581,0.568293552606157,0.360605294017004,0.0406358896032226,0.482678649218447,0.806324559463629,8.22337539298015,0.884925944130678,0.543564500446032,0.0584931231573226,4.56028242090641,2.09023421731821,5.8240874914594,0.109372491462088,0.000310574708003113,0.000738501827032856,0.000268920074875476,0.997541245780538,0.997160394685616,44071321.3826941,460735954.293549,201921.676428475
9.80522713208206e-08,176.523118556114,3.53898127512369,0.0562245567857693,7.57398488572015e-06,0.000793666195841062,3.71590858395178,0.871498050377743,47.4241089837702,2.39137766439133,2.18156629902545,0.651184197144414,290.163642182914,8.06763795704248,12220.8175440939,0.373435617280373,0.145662521936676,0.511784054403015,0.0885874509821488,0.0594841744960273,0.667482697105514,0.199252885432643,0.0617155438155463,0.564085730987195,0.65924294119637,12.8014881344254,0.957175391186244,0.668079577928953,0.269103450805787,3.49057371123202,1.06196171955905,3.32833299384077,0.0855481011928635,0.040293148407108,0.0542296216996648,0.0356761614481138,0.582969569743181,0.529000084802943,49021624.1074359,454929367.975863,68621031.0370603
5.46849262918313e-08,172.141951176786,2.30593645645847,0.0631911073419424,1.12261399580355e-05,0.00158654046603726,9.37273220253457,0.95,79.9261253107314,1.30281597326113,1.43777888746617,0.670145351974445,150.889626196397,5.51832050782356,7198.9103173845,0.571734351548818,0.151427954021716,0.312648681003949,0.0841112534747151,0.0403310939269002,0.962473115616355,0.293554200859287,0.140050234502592,0.740090601338734,0.660092720361068,9.07839510702281,0.868922316711103,0.408820965020059,0.212640827024727,1.91222984819679,0.823186617176984,3.54921755356654,0.108534578700994,0.0382118991557659,0.0570931560771028,0.0173144108586815,0.840471017938149,0.647928801925539,71007914.7680637,630960462.189613,67557034.3444212
1.3986463383758e-07,57.5109008615655,2.84093634671614,0.0509149249774995,7.35637235362611e-06,0.00162078657037462,2.60844465467361,0.874492667608457,94.2952294298655,3.36336651907816,0.899374311012553,0.725827121657625,228.565178125606,7.54081846186305,7644.14163049187,0.426343161023157,0.130933583816767,0.439849807640792,0.13425541053763,0.0460129681926191,1.09716488173274,0.300357496269411,0.135270559062971,0.884456228177494,0.538071035283587,11.0871185470848,0.910260757321778,0.575386214665995,0.154550480213483,2.74291841067283,0.836195683906448,4.80405023212057,0.0611933309064342,0.0136046387835165,0.0180139058011938,0.00199957083096175,0.967323713199742,0.777677753735643,19699909.1277234,184782274.024394,8165460.27029491
7.68801161828726e-08,95.129340543607,2.78214052680778,0.0543788998610705,2.7589423991028e-06,0.00295107852850066,2.74745777129984,0.684641744775589,61.8307561447778,1.03982058155402,1.29644180554638,0.985713060761763,301.65628095234,6.22541721798616,6816.85514826152,0.368787910989749,0.161053200481269,0.721661859823386,0.187410401887028,0.0372454030764495,0.837313295943849,0.237384047080468,0.065210405097946,0.429608659921687,0.801251053987369,5.77108678819714,0.878611437404609,0.419125331668287,0.0422509426027084,2.58620055731229,1.92519313518675,5.11629893294981,0.0763130564353134,0.0082244147999374,0.0460834200717446,0.000818064458164661,0.989280150784445,0.89222794651255,32313279.3135173,266745194.888343,1736318.26169894
5.76280111145886e-08,148.031452154843,3.65428237333647,0.0226715559404752,1.00033079540491e-05,0.000845883515003287,2.93478553730043,0.59091395512132,76.1041432306454,2.85224680906719,2.15454645618009,1.0594166003704,191.103002037043,5.87005420753544,9209.43260586026,0.282411257826123,0.0586480486801532,0.402017182672408,0.256288696483703,0.0410548680415018,0.63161419155223,0.12280945353974,0.111888385838558,0.552466985223476,0.594382830719192,6.99527133934823,0.83915373085375,0.274641636102771,0.278098280202613,2.28298368066625,1.10011083354233,4.10884965258047,0.108190084035141,0.040351605798538,0.0606636038585802,0.000762099870859164,0.992955917562541,0.627030460708105,42391280.4600438,504584972.354162,1228934.56211942
7.77541264468492e-08,186.847054118557,3.08742101258524,0.0295585599284674,2.51576296570571e-06,0.00265348935622771,3.42261042817171,0.652585673423653,82.7952803436078,1.53983903341885,2.25612072470291,1.21849867843823,316.449886283207,7.22056732809536,6668.9047418329,0.399633925043166,0.0615405358508496,0.37922450768845,0.0924773331416966,0.0780743086994202,1.11327650853591,0.10601957726025,0.0791232035246815,0.541991994214696,0.566267154402494,4.13160105647002,0.988986744970103,0.357478065192283,0.0548134484542524,4.41064222839781,2.22722646896761,4.98817366815984,0.0900304314846032,0.0397525921279189,0.0505746854424764,0.0320472296653233,0.644040030277941,0.558453830861432,61094935.0907153,581594916.502441,77022828.950048
1.15758065406308e-07,138.088969293959,2.6538455057496,0.0879189917778308,7.61430794903689e-06,0.00126155003983501,5.37339702354047,0.595587273147224,26.2608313631769,2.58835464792301,1.06981259243412,1.21620223197418,133.219002243384,4.94132521219983,7576.06528388247,0.595926108275308,0.0502111965029146,0.495819407674091,0.131359998548382,0.0267341992645562,0.74458474459143,0.137246733236814,0.0467514975391431,0.467424443899109,0.754791815713572,5.72777692034584,0.881624785907737,0.451963510040713,0.0225369261071306,3.01642179843359,0.66892357810771,5.92387941749683,0.104474394451718,0.0670977548491814,0.0851759859395379,0.064135280932492,0.386114834461842,0.35775885372382,48398398.2079329,347783769.7381,74842822.1851886
1.43735001745198e-07,59.1199803236872,3.64904295211814,0.0160802857590789,3.16615309412866e-06,0.000760508773725598,3.96545270770527,0.571268104173632,51.9497418049916,1.91067315332828,1.65198752242042,0.830022422780763,183.994940087159,6.66707897361077,17364.3990184157,0.457647465618158,0.0600284356944509,0.361007210129829,0.153870053405101,0.0625651596794855,0.716189931765284,0.192491221058883,0.0419854136480448,0.639759463436173,0.719116535864956,11.033556677268,0.871751945397151,0.261420338429116,0.217849449373852,1.56415700854666,2.0137378887599,4.43483841282609,0.0850261662011444,0.0172714281400964,0.0600454807893765,0.00112733790055413,0.986741282702466,0.796869259055645,17221121.5848578,219963602.207824,1952718.01850052
1.13178511415298e-07,129.872377279966,2.5495974931165,0.0232239794992344,3.02995082515492e-06,0.000964336735809872,6.1810406566282,0.624026890749458,70.4574900997062,1.24198885057739,1.40823190140398,0.528058899923596,236.967380614592,3.85240623967958,8402.45752264962,0.499730982309267,0.0587931194426685,0.323463400139029,0.100364750954944,0.0677364197080007,1.20236244305867,0.105857669552916,0.0455152303038069,0.456830113536082,0.89611525144926,7.6355143999626,0.871333979280361,0.473720016313796,0.0738150584818122,2.0598972313367,2.21011213253874,6.60357863700261,0.099255968735826,0.0492901014169697,0.0724459992874464,0.0471929513433396,0.524532862412077,0.503404157505556,51975309.7203016,620821059.175826,82823477.6956342
5.18946584377609e-08,125.470064559125,2.31114373076231,0.0261015065850153,3.458123306862e-06,0.000917284580993342,9.21672420881733,0.729509789342543,72.1282106824376,1.71212898539177,1.71850369774207,0.859844352589453,175.106722038507,4.20075206901843,14015.8451194883,0.627787549498036,0.0638238688860857,0.33691764631429,0.236869087477539,0.0327166990691787,0.687492406753942,0.341580380137075,0.0440439748202226,0.920971028822811,0.492725419430807,15.6339492440027,0.923514921499499,0.547214684311901,0.0466191905482573,2.93418204383589,0.701075129226905,5.68695330708107,0.127198857306568,0.0815345300225965,0.0326760208904746,0.00312996009531793,0.975393174423146,0.358999508729187,55808181.6459813,651884195.867298,3127584.11008525
1.06037494389045e-07,92.1274002038999,2.65873214031607,0.0333962659252236,1.9591279120458e-06,0.00244026900508023,8.10622492140454,0.641684487947515,85.3275527933284,1.39649813083397,1.4843271091432,0.605818361137424,281.608110381556,6.71234222087576,6071.69661137311,0.77724162302504,0.0888791209873027,0.367573752870149,0.249231593649143,0.0259693550871704,0.912253862455154,0.356108905737853,0.136961224262889,0.448646742913065,0.696705688828978,6.29166959735567,0.981353607926611,0.554869189815104,0.0305323955649178,1.27972277454855,2.21189539413199,5.02603462552955,0.120437414832252,0.05105410287535,0.0764343034526721,0.0333990959745684,0.722685047490537,0.57609433126359,34666223.0086487,333164262.887899,48747217.955227
1.89460484071264e-07,138.836256418592,3.1249041744695,0.0114624697778517,6.02100846497699e-06,0.000413658887064394,3.08810206963978,0.576504423984526,29.4349999625777,1.24071532176617,1.14794636405942,0.639987305725063,159.538794419627,7.10419644025455,9894.14771142759,0.356453529145535,0.0770169722419597,0.459905094864834,0.128091295476462,0.033522051865384,1.01096601532024,0.138504523059504,0.0744197729919147,0.415323817328363,0.886151997573699,7.47358525253082,0.939733202954827,0.949351458376467,0.0779527666711613,1.36864107956296,0.923407154854176,7.90690342059311,0.0907476014275991,0.058598684223945,0.0715446631515598,0.0569127128249484,0.372846092572982,0.354267404293912,45852256.582793,630029800.11645,72253788.1969675
5.41792926385762e-08,120.274707920316,2.23007127589885,0.0117332911061583,1.04401230069484e-05,0.00104382003435092,2.92553990330532,0.810887404561714,55.579847244811,1.89584212440485,1.8417039654616,0.820147095612043,300.013931960397,4.64091925084962,7622.30754854581,0.999179681626868,0.152595546281571,0.326377364384613,0.119807054495305,0.0316131668134823,0.660307335250548,0.320248623647686,0.142306269026226,0.478245587249682,0.490511398486718,10.4364512068772,0.869852959931466,0.835293045652147,0.0274881578291951,2.86925184145597,0.745071818566003,3.3828655167482,0.128159875677734,0.0833901550200347,0.0985624827184553,0.0180033746830561,0.859524093731748,0.349327123024645,57056498.9657427,722117334.150778,32902808.0591184
1.23384742695283e-07,79.7318423195292,2.13503961195239,0.0241776144266418,3.84443930776138e-06,0.000354687242268958,6.13395744306224,0.769810528191091,40.1707782460416,2.94018753874032,0.889343448176453,0.582059270930978,139.751723239975,5.94523452780289,8918.69869760279,0.360008325148938,0.128487850003211,0.506342736680267,0.118748009761131,0.060514550824388,0.820342415995017,0.127476385403788,0.0390977965366459,0.79486643966483,0.542510164475702,14.0129192419786,0.907290232523869,0.386463994230886,0.041431417711683,3.02192484133522,0.998576396241757,5.27076894793104,0.0817670658543218,0.0248418117710896,0.0384171188271977,0.0169318134308794,0.792926244155006,0.696188049411625,38318535.4937541,509562687.091141,64801801.444766
5.28873271601779e-08,134.671435841278,3.90116586823795,0.0319681665757666,1.39400121817275e-05,0.00105807679626772,2.71260287982156,0.757128996845204,36.2922888610255,1.5167149174636,1.04269439525003,0.761524063767661,287.488776622785,4.4896314210639,7163.24581116396,0.441559681676702,0.168938374068278,0.641984175131565,0.103584758697911,0.026404262989617,0.667042550529285,0.264784109708146,0.0932525410158128,0.898491173307181,0.820136110957379,7.43992615813826,0.967198505290153,0.879240254816874,0.0331981858299702,1.94039461686657,0.712747244335301,7.37299599584351,0,0,0,0,NA,NA,0,0,0
1.37182519441492e-07,60.4547807335265,2.76447892655608,0.0162894218837249,9.82943651208748e-06,0.00198406703623845,3.40129708045298,0.682046885141105,59.3675721094973,3.72705880949536,1.1590673044932,0.573890259927715,218.570086310917,7.8218400096463,5822.981120814,0.569589018175844,0.0942441358913854,0.685392895807447,0.0850768148809072,0.0811457204832363,0.873462908806453,0.104390920472497,0.0471901014820008,0.496595734551709,0.519343957611512,12.5094318868131,0.925866426627526,0.616133691797479,0.114650016634494,2.32290429443994,0.730731291355661,5.42310236126881,0.0586144357566086,0.014702172611655,0.0158991937585959,0.00308860554795891,0.94730640143353,0.749171472490079,22735490.6236487,252254496.103852,18369287.1948956
7.37372877332538e-08,151.945699223123,4.21516252584851,0.0215592815569883,2.45187888369446e-06,0.000767436807200163,8.76189689681527,0.630161779288191,56.0776791463943,1.07724305325017,1.07776387332689,0.659135441483549,188.771667535996,6.48038015609953,12844.1935156738,0.867571831282243,0.0580595077146257,0.591624967002158,0.230638649691202,0.065935357290151,1.10815539989142,0.216366377694129,0.085962786486189,0.846674179469252,0.589557530072572,6.30377559180007,0.997592893844656,0.706593542799717,0.0934371660060699,4.68544744260444,1.56133937983402,6.31184930733197,0.111291225715146,0.0447209888618229,0.0134617246098925,0.00573431565745888,0.948474683241102,0.598162491477198,37885267.7735903,471788893.42682,4474821.1622785
8.47330681522115e-08,134.346330251871,3.15353864961172,0.0700876618716712,3.65911661717081e-06,0.00245760801410219,9.98013446480956,0.783386944243915,39.2318114286949,3.92554788079306,0.91712712523115,1.27887025192187,154.442266968456,4.64666256108073,10216.9313866833,0.270474024713953,0.134402934399705,0.50367411345795,0.0885302714799352,0.0258531154806018,0.612519292302441,0.37728441661863,0.0717721751695522,0.704671759164648,0.793691619060141,8.85465339201897,0.932040662633769,0.418646584650782,0.0369111248749026,1.36246858981856,0.630458062785525,4.33724792672264,0.068973143057859,0.0106592560831443,0.0219438910857267,0.00705810589242189,0.897668779766914,0.845457875187699,40415044.363355,320651096.474088,26947918.2342842
5.59734907938526e-08,196.006315606036,3.8720256208743,0.0893091804284601,1.94702820539029e-06,0.000435699756016097,8.92491654121967,0.69230400113806,62.7556999754627,1.74985133008367,0.799678815627859,0.797809731060224,204.882070898139,6.84145740585345,10470.1898128936,0.30838375714438,0.0764353003998125,0.631819204501025,0.155072494805284,0.0326801433452938,0.842973149321889,0.262588765049309,0.0569130633727379,0.610394864040907,0.723827424200816,9.63979906158744,0.955736841923699,0.805235630886821,0.100986519519132,2.50941036882863,1.20770042178137,4.7877018187762,0.0800496160794617,0.0146788706676389,0.0400360271145805,0.00187457310101352,0.976582359880993,0.81662784424765,47033663.0520568,400205165.769486,5473849.16179554
1.50148733455791e-07,126.701817912197,4.28606209092697,0.0843559700737691,4.65563487672121e-06,0.00113951996143364,3.59418482745848,0.57064602130248,97.5753047247526,1.03898956649365,0.819996298162859,0.830729435953026,149.847886457788,7.40456048874842,15476.0794794424,0.392041421328966,0.164854173410697,0.577283438327717,0.178214222927401,0.0500306946346134,0.564034414259336,0.100274118888543,0.143904426762414,0.942779468717633,0.727251504760327,11.0047369278177,0.904878336314497,0.847584172584124,0.0497440425041296,2.00948567282993,1.79259632335291,3.31844918143305,0.08259910138359,0.0412835651959236,0.0587520736430936,0.038719973431601,0.531230088669057,0.500193531111158,28085520.8242946,208017660.55418,42135633.4371126
1.9550358160575e-07,121.677465139199,3.11817759802506,0.012690756687082,6.79496918993053e-06,0.000731532654172371,5.04004278332983,0.925202036293615,40.020336564214,1.21035875328962,1.75954609974484,0.768897765141586,243.035258783789,6.05965332784597,12319.5787116477,0.46819299342273,0.174190051978705,0.395346908760445,0.200413808975372,0.0314515981409826,0.65906196022612,0.177208156256925,0.0541697930596812,0.472305183361193,0.773178580107055,11.8694002990719,0.979577829066055,0.40129554656319,0.191186272167114,4.09383378696206,2.35802216281727,3.05754257572939,0.116141986157281,0.0871306611754267,0.0982656242820577,0.0832094608160469,0.283554005152246,0.249791879248271,40317715.2288997,519116255.863181,63351996.8157937
6.80482604382617e-08,88.1072078804675,2.82426229724048,0.0277639441656251,7.81260469862997e-06,0.00111531997854085,5.76076981127669,0.86760279486543,74.1359572577401,3.45450453282913,0.877137908876392,0.803810632850777,233.100236018177,4.17659339801284,10071.6538918856,0.274697221407503,0.0955811125204889,0.751618141834133,0.103165112856088,0.0982344075409802,0.773949369193006,0.396649176538713,0.0449457961096072,0.577461309290135,0.493149237645424,4.11296723539258,0.847292895155158,0.678573478226295,0.147434761746476,2.88165648068573,1.04585545640806,5.91410228124596,0.0536095432054319,0.0116060721563084,0.000206043774668472,7.09195747338683e-05,0.998677109139653,0.783507348461562,31777819.6790183,345230334.133711,224743.097826918
5.90977136150231e-08,112.484269420313,2.24158714120326,0.0634564399260695,5.64045626086749e-06,0.000984225561418524,3.53274560536472,0.753854862858166,34.6150895329034,2.25581751839682,1.40184365197073,0.93512440589091,141.067846414445,7.45541914139343,6619.57196596757,0.325798916319718,0.18846255873909,0.415718590700238,0.0908296042827738,0.0606063146465947,0.728279840245495,0.179093120611353,0.0614789881237014,0.486746821474295,0.865279851140327,12.3145300221059,0.880397373379831,0.298281704555437,0.0312547856548145,1.49018533275967,1.08798637665171,7.39448319191796,0.084363071301003,0.0100569421238959,0.0403971615461181,0.000823995324524749,0.990232748620723,0.880789758257932,47699904.1952722,446940779.783763,2657599.75803421
1.37759509252575e-07,109.393413999414,3.61316700596362,0.028658707258445,1.78529422400911e-06,0.00160415563879656,7.35507234953539,0.89930453170554,28.712546503547,1.30102771611402,0.96848525884687,0.554267664909313,179.416572587047,6.71830913178892,17175.694832777,0.946010843557528,0.0569566269863661,0.71291517506085,0.14135366650544,0.0688357782232574,1.21653211965827,0.377609015812706,0.0755410319527371,0.397141312388101,0.672302856690567,8.98354273723452,0.881858980804416,0.912080754317126,0.273735817640249,2.02087739243977,0.988230529683909,3.14460213933488,0.0919790563998108,0.0483481461320272,0.064569301646678,0.0436565705847063,0.52536400900938,0.474357010993139,30929426.8309732,326875247.11115,49148611.9130852
5.64757279470856e-08,121.104832814625,4.45557248047374,0.0321711727891314,1.10252464532845e-05,0.00273054029788574,2.77957615846127,0.697767706849239,25.8135245753785,1.91452892125718,1.95783340356869,0.899557549494053,185.47525981322,4.30804746864649,15062.0635185273,0.387779862253612,0.14703693968619,0.548974176886622,0.239220626353843,0.0550212837584928,0.595202727786765,0.118905916605521,0.123282469418966,0.90644208731086,0.697741784373592,5.7529982734547,0.946844041232388,0.348101399788453,0.0351735013337075,2.85530845285506,0.694538595558505,3.16459793990569,0,0,0,0,NA,NA,0,0,0
1.82964240987539e-07,172.813843318618,2.20083537763056,0.0425408118373891,1.91293873716222e-06,0.000334775282836497,3.95351477382601,0.579386806297773,25.4119081133761,1.11011548540911,1.55904434351657,1.20757604726348,181.500913752255,3.85608307436153,9850.2520751109,0.316244033292927,0.183002907458271,0.684532099685259,0.24820608369592,0.0941089949870235,1.21266786486096,0.146426250842105,0.0379710499287189,0.654025967096763,0.636035604515913,4.71535821222155,0.904160942968474,0.83176569623036,0.145473600711025,4.35988469063809,1.17143471318532,6.45903557194601,0.0990121874486738,0.0814500312898975,0.0879084345416102,0.077992130725474,0.212297670265049,0.177373681072143,74315465.5859651,732259445.356084,130648564.343387
1.71624385630266e-07,183.905421993462,2.64649968113285,0.0178656357182081,2.57710900102477e-06,0.000362118185544482,7.89453663556851,0.636681039574206,29.5498483833988,1.00166584506323,2.25388302281439,0.655297976525558,187.659121063309,3.91768977077681,5665.23684349719,0.322667720801509,0.0954025364427483,0.497691033897298,0.104188417883683,0.0277982619030764,0.950348092857215,0.114931968409734,0.0709065051729279,0.504456821354419,0.59066050883931,4.26230074874894,0.995122223173429,0.990707735406876,0.146081359597748,2.12601479025578,0.776474015933409,7.31292219517141,0.0930585322180485,0.0690041681633222,0.0746951287498598,0.0641824256456723,0.310300473090589,0.258486390032069,69790683.4056512,893947820.660282,114763925.847203
5.14027980485795e-08,78.9289555966897,2.58180645239398,0.0435104329263648,5.32640017462963e-06,0.000883983186511996,2.51865784407246,0.59303870146925,42.7187557165636,3.4362384872603,2.17726580750393,0.929975054344567,212.958602718165,6.50663625240777,15751.1668767168,0.934383559806921,0.0900133288149124,0.365539516977604,0.125819662212415,0.0493702510056717,1.07142289850447,0.153457596399546,0.0886072677719178,0.368715914483076,0.724661690221376,5.56755801335277,0.948887157428125,0.314548265728283,0.187018272412871,4.73115799707011,1.48035739167912,3.68184275105871,0,0,0,0,NA,NA,0,0,0
8.33173331174656e-08,98.9164875597121,3.41237767321074,0.0164401559258968,8.51884961158364e-06,0.00227374091751114,5.86781176479321,0.890683165478673,34.3231437112341,2.08698370538927,1.83797089923432,1.08062570703109,258.264177876099,7.75145461637902,11452.6032052276,0.924851137836467,0.127484416362471,0.482108103031897,0.0779245305590141,0.0990460999965608,0.530238829621649,0.284488240970008,0.104507686636964,0.541381873350541,0.544342656838266,9.96902674879721,0.901459508928118,0.471630252570582,0.032637495078142,4.37865279548364,1.2022076493512,7.21537983391408,0.103692140306113,0.0392269387941732,0.0334748519164039,0.00149025839299024,0.985628048677645,0.621698050803369,30020767.5911082,316136917.870953,2054370.49647038
5.91792596963882e-08,156.409389475809,3.76933263467037,0.041743992323111,4.0907884074565e-06,0.000609430727789416,4.65937464484075,0.848146239245586,27.9766534957151,1.42249273604878,1.03328993725431,0.508163424091435,304.600896106103,4.75900641418105,5198.12649742089,0.782146987995997,0.1400345239154,0.471651818223316,0.110955162883581,0.0853134427468157,1.15829570231864,0.105469542334164,0.0532212019289156,0.547585915843063,0.847476340011213,12.9363275463883,0.885130671761046,0.542592950916272,0.0258910714180051,3.21408174842994,1.16802037815635,3.48749359180294,0.0981531918959355,0.0135234356925864,0.0538960019177028,0.00107068774071984,0.989091666607694,0.862221131769976,41943835.3971325,459960052.458712,1434366.20053918
5.06803298892629e-08,65.2735846840364,4.47281859279144,0.0138679798616104,6.82965497485987e-06,0.000959890885391562,4.60908429527872,0.816475678690524,34.1843336118649,1.3827017890459,1.12880032297789,1.03157791391268,244.307982884846,6.91047137336814,14745.8953147763,0.659905857158314,0.148316708919786,0.632608418892518,0.0807448319585211,0.0420592335901911,1.19015338784385,0.124532225473752,0.0420458030222668,0.857706298261966,0.515942198452692,8.64116916251266,0.931484817464937,0.382671590479088,0.0558050212420054,2.46445754157347,1.83575329538883,3.27390936139244,0,0,0,0,NA,NA,0,0,0
1.09472910146459e-07,109.021449633765,2.71686447226586,0.0287319502865562,1.23712194023051e-05,0.000721176693029635,6.67164438273175,0.575362667882079,46.4487743855077,1.17878345767701,1.46762870420918,0.678883338943788,155.165170118977,5.88242753339791,18989.338643156,0.62910091622469,0.0670670859753516,0.400228927824412,0.0842819172848107,0.0277214620282369,0.703598595146477,0.129496314130665,0.139108753887241,0.362748330294853,0.901196179212195,14.9145480411128,0.998373169482763,0.267216550278502,0.180170876323687,4.16780198201336,0.681978842853992,6.65433651737106,0.102950499215911,0.0346678358953544,0.0537405302551881,0.0306282307182469,0.702495559016063,0.663257233725036,41007900.4574547,494340843.895284,42775055.4758705
8.98118095323677e-08,86.5979618578356,2.14289497387746,0.018128466470014,8.28065985197486e-06,0.00139096633826987,4.85233537891976,0.910757610226359,34.6864651069455,1.40319823220696,0.873406082118157,0.809015056092947,294.600650216256,5.33188439321956,6847.04256403851,0.51466509333502,0.0661134650708778,0.614945101210343,0.135842705139418,0.0566929204452124,1.22880819799909,0.120188482618012,0.0720194231086218,0.782784580338272,0.882600705090293,11.4184790780215,0.949303146620105,0.445029845607672,0.161495136136122,3.06057387333732,0.610345103862969,4.58629549322644,0.0820854229977635,0.00934959530021031,0.0185429900199344,0.00552871268829376,0.93264683927566,0.886099200579559,41812232.9623417,499068240.051328,14333387.3287885
5.09754626769556e-08,52.4390038359405,2.43608320512469,0.0122685363321728,2.7217627842754e-06,0.00218064733749891,6.55564019348574,0.597951383181715,68.0486426539111,1.56999615825466,2.61971081680727,0.535146938549254,241.818111607299,7.06599236263603,6925.72511173345,0.306153219960207,0.0545150436731082,0.619893085000098,0.19282326636533,0.0966359914903235,1.19956058770383,0.103065586088492,0.127634507206006,0.41055626118658,0.796448839515724,6.24962219330641,0.912562080835217,0.776743173254816,0.0697556032856999,3.21708758868724,1.41150276231496,5.11148832609283,0,0,0,0,NA,NA,0,0,0
1.13824053549296e-07,65.0548486859716,2.14478256532342,0.0115407100611882,8.4734516490371e-06,0.00142384753168652,5.42534058270254,0.710390050999225,86.615743431667,1.41153803615686,0.847759670358143,0.6722812935547,141.449790996815,6.99112170569823,8993.12673048118,0.510968486533797,0.127670868137598,0.413132966083765,0.0756146987319209,0.0291663219386473,1.27718488449773,0.175860384088547,0.139228188211148,0.537472795135989,0.904444094686812,11.9298049015403,0.849232770819844,0.327491391403134,0.0702820999168804,2.34698273523424,1.00830792123318,6.34963150928212,0.0689996127301641,0.00700918890893172,0.024748603643283,0.00384123861501986,0.944329562688392,0.898416981898979,31797707.3630139,394610727.670435,14771374.7087877
1.55687160246409e-07,136.240284131503,3.91472319142395,0.00997692348479105,8.20507537933382e-06,0.00120535556234024,5.55846401792301,0.623611352956192,65.9285756263201,1.07388390614405,1.33164052040627,0.992157720844416,162.402139496751,7.99047075535524,9293.28177061745,0.601292822302557,0.118471990863016,0.402647281667865,0.117719614540875,0.0379064105582238,1.08613310359018,0.101742820741556,0.0548750878424253,0.875403493487127,0.520383863830956,5.99336917941585,0.853682659563754,0.337033241177415,0.0968446931641884,1.76698244036591,0.742778713846855,3.65622645725384,0.0946061561367326,0.0591491819624114,0.0710123230479139,0.0530971254247805,0.438756127581802,0.374785062856543,36478542.9152503,457310508.767114,77349389.4880749
1.32348485998689e-07,57.8957213459473,2.64872754606332,0.0654810455004999,2.50558765269071e-06,0.00235290199858751,7.95513355467212,0.873447095307346,87.1206627051466,1.3542612069315,1.76415793771527,1.02553218808413,157.504144383534,4.20900390682727,19015.9402390035,0.293560772575417,0.0936105000524388,0.339206881628542,0.210840863880116,0.0352299551819898,0.552457473510592,0.12438328162459,0.0937727167214878,0.545463883785529,0.63251061741779,9.79323594375733,0.841453772929807,0.559713661285031,0.173040221918498,1.35836941662202,1.34504841543094,7.34917420336673,0.086540354472766,0.0218097397347999,0.0404208313235477,0.00522582983295913,0.939613953920148,0.747981853463942,20484871.7004093,168771816.591889,18247083.4962497
1.73436590548278e-07,163.130978279732,3.38486376133455,0.0149838316744524,1.73108873256074e-06,0.000566055712663275,2.70069201487539,0.703552540546755,35.0672826365637,1.77943469917286,2.98428401674094,0.61312625033474,169.923962884374,7.48784937253085,6098.89880356664,0.655526249732973,0.162229303425543,0.330984786948461,0.251296480068924,0.0657010302009177,0.582049221788387,0.174604607704539,0.0411033254207348,0.403501175803931,0.502106240463964,9.37380245713974,0.964393422012694,0.533338369226212,0.27029677689284,1.22483958373944,0.778344614094167,5.29384448076629,0.130068421619842,0.115828450655252,0.121325779372824,0.111513755122675,0.142653122611096,0.109480616334459,49325964.9628016,632439014.009086,86344071.8911394
1.11875307903341e-07,75.0139702269056,2.21550863486932,0.0742420241160586,1.96956415668805e-06,0.000689185849093113,3.5513064569834,0.796108563349891,37.777965776872,3.65379526627618,0.921112305893368,0.609634408554741,145.490208267326,6.8453891257273,15284.4177314572,0.489430984107614,0.0597516055733121,0.435772354459491,0.137655317580609,0.0508046192011029,0.505338069788311,0.165258813288153,0.0447440256038654,0.378168050499759,0.856949487692713,4.221304504994,0.867199216340052,0.649573912117558,0.287404784038957,2.2256341113087,1.21999348128186,5.37048454975638,0.102965061227943,0.0198970872885345,0.0524984188321464,0.0128295811429043,0.875398693596635,0.806758845658467,31835202.1166098,287145870.369556,19807764.5683208
5.64903636784124e-08,64.6092394491147,4.00971304357614,0.080831577714138,7.41888642921624e-06,0.00140882543748085,4.39182352885507,0.945783540036732,86.8948074698829,3.98059108626249,0.958659975539903,0.689240033198705,201.434429680457,8.15812580714317,10363.763109607,0.322571969993172,0.11098936120349,0.54672267239316,0.140879526889826,0.0621192030583329,0.531706417457229,0.371411287204172,0.134251388273488,0.4245098454638,0.575752966237277,7.92858399008369,0.856596354098033,0.450517487498519,0.0987746836424207,2.78221697236951,0.912432525261562,4.41320881712675,0,0,0,0,NA,NA,0,0,0
1.26830093088066e-07,96.8527232186634,3.70963083482952,0.017405838724604,4.17543580815625e-06,0.000516098421568193,3.50284198044159,0.633795497971463,49.4349982287059,2.08351585552546,0.989557920855141,0.683371716260963,239.303719715791,4.45862503728728,5448.20582448879,0.303212549765993,0.138902298834755,0.421125848581363,0.154344583685522,0.0542111667716169,0.584806734152069,0.11726910920976,0.134358652996432,0.707385115382708,0.74584372868732,6.30255035909411,0.911782538725547,0.415159258388699,0.150087207686325,4.30691941743616,0.992153157697484,5.23631598566805,0.0874026923101753,0.0179082271168966,0.0325527073774737,0.0104440402158138,0.880506653287637,0.795106687865589,27591598.4472868,374295539.1784,29516615.4855314
6.38329142790221e-08,166.111131565722,2.83852436707396,0.0124255943881283,6.37989795826925e-06,0.00174452156755774,3.42519150003621,0.567370027482217,74.4156861288485,2.52898154148762,1.28805229375594,1.17081391966227,146.314498849704,5.63924962941303,10574.2535903702,0.836546495334247,0.154751417155582,0.490096946322298,0.14610744258213,0.0373400860669478,0.593848212233301,0.218342746530013,0.0712503775158595,0.505118440039668,0.602181836644798,8.68030578353319,0.836579380209378,0.253338409823802,0.0504900642884158,4.06758898573591,1.17885431819212,4.72945467393001,0.125321648417748,0.0691582658655769,0.0891406544832,0.0388304752929799,0.690153490771666,0.448153876535009,61293930.452406,732603545.779943,101208768.306803
1.18125124512505e-07,119.800537027684,2.23273833044956,0.0399489270981532,3.71524218620949e-06,0.00161564100248209,6.85002078099711,0.759850887440922,29.1698841766364,3.11958355993086,1.00403688391572,0.61248877947332,167.531934800304,6.36775672419925,6473.25794953921,0.574901776828957,0.155306664986744,0.481584017460436,0.187808215401643,0.0278913065535158,0.787727775923887,0.329883191356268,0.055336324027367,0.667130049643425,0.667845630504748,13.7330455772686,0.892913666857427,0.370440325122153,0.207041894454176,2.83033037375742,1.11429348493011,7.93733959103307,0.115741510138053,0.0792577226542496,0.0967933912500782,0.073903965274774,0.361473984686878,0.315217828420299,52753102.8577661,508517735.025134,90646744.1875194
7.0343709894862e-08,192.792679997359,2.10340574118901,0.017375514575782,2.807597794462e-06,0.00150608677908062,4.85930079793066,0.792049241530998,58.2190581383757,1.88524961070727,0.881014563186327,0.687133443840651,139.556656794571,4.42328216498134,5938.64617386999,0.528444560904133,0.184870560031755,0.321325208984841,0.2579901870907,0.0697267198876628,1.17238232669289,0.361924621824121,0.108777786686002,0.908004103795135,0.604113989442603,10.2355484464678,0.840308036934481,0.515151994885536,0.0235297322240697,3.44720422016345,1.76960471965636,4.95920829261543,0.128017795669978,0.0979215642008468,0.114355536211678,0.0917047014640789,0.283656612081587,0.235094123528866,93419775.3658527,1109260820.18413,207470608.477073
1.45472233450978e-07,149.14791345727,4.28351775301288,0.0247090485638638,4.33347537548852e-06,0.000879560523849191,6.70581601138086,0.708018565210073,25.4276747236981,3.6904470912266,2.20441380357436,0.945109261448202,168.825056824366,6.62932082974275,9960.12245939037,0.302829339872844,0.0963825893914497,0.447472548752418,0.115485448103595,0.0510003728913046,0.573341198245546,0.303565560991824,0.063763047382604,0.705121941807202,0.611834492777741,4.28688139507847,0.934673795125081,0.404427665510678,0.192095019704967,2.00298752031523,0.872134260427075,3.45359958344095,0.0875700868768839,0.0451459040403002,0.0581024734087793,0.0401092375415751,0.541975588102758,0.484459755032886,35844343.9981105,411677678.775732,56032017.3667189
6.45342920834199e-08,112.214146192333,3.08849166435554,0.0168335609487777,4.7387835511925e-06,0.00171827503312038,2.62303427828687,0.948475842096585,32.9930145075887,1.09928370773568,1.4905071951551,1.12693209998274,282.216600302276,3.86159615152719,12103.4591351962,0.754915558840918,0.181875497333934,0.620937011901412,0.188405612771183,0.059946888413871,0.778940125612355,0.282479998134224,0.0535390002690028,0.44022544993935,0.540698405796107,4.43909603832506,0.92517572888506,0.375653514390115,0.0961592107039685,2.19540539241404,0.821267549257722,4.82668731034347,0.111323859765791,0.0460496260297739,0.00288123721466425,0.00095454243516689,0.991425535934748,0.586345405857687,37755014.2798743,418306674.948429,797068.091643517
6.50642902588564e-08,90.9400956282749,3.86005665210623,0.0280274371942855,7.93997259944981e-06,0.00253513488695365,3.75447644967061,0.603143669661407,62.4165456597116,2.29957216178407,2.33363078387823,0.881911238320257,174.016560619542,4.94764709802327,9191.68156113085,0.974438320463831,0.109941150590657,0.667779763214907,0.257457252096298,0.0547848258623511,1.20984129711778,0.195643930606113,0.0552356778469216,0.635977320892981,0.499129226199838,9.04080322142285,0.938058630418572,0.427990828039024,0.0209448347477397,1.41391552833275,2.24266286737895,5.12595745602276,0,0,0,0,NA,NA,0,0,0
1.13680251669314e-07,182.31352594104,2.21209436701469,0.018853447211033,1.07941360330973e-05,0.00101402240362899,6.01329980195029,0.653475594949299,46.0715138805854,2.19687558120887,2.2224918753655,0.595540494913797,298.242722194753,4.57636278780734,8302.16557252245,0.759158664318711,0.146440864646846,0.42642673233278,0.0773573913391524,0.0854213197114956,0.925194484467092,0.387563238405428,0.127076485015235,0.472990203178015,0.567690499550962,6.51828182834532,0.974907977884734,0.438370075312917,0.0387531395076917,2.93515685508933,0.944964225257513,5.60264728545056,0.11629522748353,0.092083172720888,0.100279545647406,0.0864820178506618,0.256357980271291,0.208194740975684,83157482.2307104,985074718.442145,137982011.823626
1.96847108004792e-07,147.824432975364,3.50928454581635,0.0294232087929435,2.39477789903152e-06,0.000374094576408739,7.16531313468729,0.761889791484239,26.9285242793008,1.02076272587313,1.85632831013387,0.588432016823929,295.707489238911,4.39898820872262,12428.064733605,0.279479545376993,0.0913728399969409,0.400517702196177,0.152758987484862,0.0819452582741145,1.17593713779773,0.223396540506102,0.101693439312984,0.796215303199138,0.807270522135155,5.33093974329259,0.839536191427571,0.857326448494119,0.051339581496546,3.39608547884167,1.04224570806758,5.39879481153234,0.0810235443098491,0.0524766129750584,0.0643848397974804,0.0505901694530977,0.375611498064914,0.352328839449702,41921618.9695548,473127316.423472,69055481.6875523
1.86720611749939e-07,111.153761928252,3.1078859069461,0.0249778671415812,1.07701850631283e-05,0.00101715981575392,4.14293027736373,0.95,29.3436090177643,2.05324329639997,1.2374592819201,0.936404998378078,241.047240721267,4.55031414188034,7202.29741578635,0.341107507093714,0.0590812006105177,0.509013462679825,0.0834635885007796,0.0447032354540402,0.642557999404223,0.301692798812007,0.057158141776216,0.609779798358664,0.532791916549111,9.85940906473762,0.872742078141836,0.315167196188966,0.0201742892878213,3.76878455392305,0.681360344725464,3.10507882035163,0.0765421502828896,0.0438235601539862,0.0542439123197885,0.0397414206974294,0.480790380848324,0.427458465799299,36384225.5825416,399701749.957765,69861425.9456881
5.23477860425931e-08,195.257073628361,2.32988364223913,0.0419834781003181,7.99581133707235e-06,0.00272736869447996,4.63834831325108,0.62444587552806,44.1282828205292,2.41922711171241,1.55294495421332,0.493777280817197,256.842026671181,7.76410106252218,6282.51688096376,0.353206393389633,0.0613148794872962,0.342725704106772,0.16075930909914,0.052753041710417,0.933453684998586,0.315045500489195,0.116455838761431,0.823264478823452,0.570284727109996,5.16226114891576,0.994869795133088,0.277787913188468,0.0990055992774067,4.58827495118723,0.752760160812966,3.98317486038895,0.113234406904317,0.0484189941233704,0.0524432735633736,0.0237507125453322,0.790251804247083,0.572400337961903,82093309.2395669,742423709.912617,53440294.3853333
7.07375587034675e-08,69.0678231765043,4.17500537111216,0.0128148455037684,4.89718213951709e-06,0.00223804871840242,2.52312940791554,0.561585977921398,65.4600419221609,1.90915021858444,1.29317113673492,0.600267790647884,193.31946333853,7.12863619214596,9599.13160967629,0.794014681427829,0.190480149474918,0.686208459956353,0.276544323738129,0.0675587022428202,1.11098895790636,0.173082752728527,0.10187294054138,0.733958872949921,0.515371700113789,15.2856583224641,0.981983468106267,0.417532365038111,0.0258212064746735,2.83829912933699,1.42184251549552,3.28121944386538,0,0,0,0,NA,NA,0,0,0
5.40992277898011e-08,137.036625045977,3.35419199650106,0.0140238256583498,1.019291931551e-05,0.000660407930987484,3.21049087819536,0.723058664960473,75.5311056852342,1.15270413891652,0.863166071924173,0.771400807949073,217.319638882076,5.71293557513724,16923.036794324,0.396492374023811,0.0946365695590951,0.433100453159276,0.233825410628122,0.0564806022931576,1.19765840559375,0.332538145197195,0.0846102470738456,0.940603010895159,0.639002296630189,4.22554725743071,0.864197626349913,0.356443380929433,0.205842129571787,3.13060497123791,2.06438825312535,3.14103469562708,0.10163791087973,0.0280943164273696,0.00133434925969028,0.00034147300348817,0.996640298875365,0.723584278895556,43716643.7667802,549789322.581457,441866.916692295
1.14358236631032e-07,127.660434757166,2.13066971857907,0.0142838506902776,1.29502964333092e-05,0.000348493327076059,4.59543305473707,0.747821041428794,26.4250468898552,2.154774080864,0.835002172752465,1.2032978971522,284.452218129822,7.39719904706559,7767.16827332899,0.652062232277027,0.181747580612155,0.583058415863757,0.143632979240059,0.0474187322924766,0.952810344649373,0.246991061463673,0.133861202574208,0.613529821154919,0.515644625756528,15.6834249455106,0.891418134164577,0.94197627824967,0.135399656069152,4.18496073032711,0.708392399758848,4.15081707736922,0.112481665139279,0.0796776937623393,0.0921394572170464,0.0718559515207287,0.361176317653602,0.291638386899061,61744540.577722,881573312.083837,137760114.611024
1.52507429701469e-07,155.127921970839,2.55902083033048,0.0242365878631421,6.81800581201264e-06,0.000979670034322077,8.43236645882729,0.716757964205729,46.7645775603738,1.00063783017751,1.14430755733018,0.540917345232126,297.258700066599,7.14953127961217,14976.3453663155,0.828499789591505,0.144009410051073,0.378530689225859,0.11792484754449,0.0686725920006594,0.547915767586446,0.101590976511309,0.124346268747805,0.522298642852927,0.491166541324911,5.73596198267481,0.917771552408205,0.731178022388613,0.155123711605936,3.55841060298771,1.06544829092358,4.96244770635273,0.125891937509299,0.107798989608406,0.115609878756422,0.103174698445125,0.180450309317827,0.143718082816513,60893353.7948947,669526476.011384,114809682.025793
9.0958176995806e-08,106.619663253647,2.80496668286639,0.0165300956458744,7.38018660132205e-06,0.0019531713108572,5.14822948326081,0.606395183016677,35.7788509880867,2.50658794646619,1.13506140335715,1.02711712930671,192.0847089195,8.09340681296285,19977.5747105069,0.434109133194983,0.115713886409137,0.41144154540702,0.113341936248604,0.0509075726311731,0.807303180279935,0.156189897777715,0.0403852464196005,0.631859904190483,0.596995877931511,12.3900076354796,0.902130929272513,0.580642496872216,0.0619391760874615,2.02968797075805,0.845193635189118,5.58138698065087,0.0928460844392835,0.027897386907934,0.0339574316858217,0.00997028448768647,0.892614916957467,0.699530819458762,39499578.370864,443929510.117844,52571616.9326087
9.58951851320621e-08,63.5105934926574,2.44584743746201,0.021589495557863,1.26758813215225e-05,0.00199393166198018,5.91432845731033,0.775676470028856,41.1163507918004,2.1727714195954,0.761837774117888,0.697455674241664,141.869635898545,4.49270088165973,11767.7824446556,0.743403324815683,0.059453249307515,0.35504539482085,0.139722168503101,0.0255496769506732,0.643259372150793,0.28233958535109,0.053408239345643,0.666420786156784,0.573605021777892,6.49970909073865,0.864968417436306,0.485261058332748,0.0783200025083849,1.53043491329905,0.748746488489092,3.92238257380437,0.109863098747158,0.0424023498475584,0.0540459917135347,0.00139267217485529,0.987323567323907,0.614043747799755,26501169.4487802,277970052.616773,1748261.19819731
1.11270213368712e-07,89.5239027417729,2.74234076050244,0.0108599302336185,2.52187641781647e-06,0.00101038574956872,4.79890207562219,0.636450723609132,57.5374195892275,3.91799716143494,1.56665869209631,0.92079459617875,127.446301397235,3.93449879779938,18799.9572422219,0.436502464760047,0.167080125935155,0.316555283350484,0.0767007862725073,0.0711459677693637,1.15196062659896,0.19656062030054,0.146228834998821,0.795942170285103,0.603313388444814,6.77343441749701,0.98799768505573,0.568148943378354,0.0479030989985171,3.89954618807931,2.1403313395759,3.93753561890947,0.0771278992228569,0.0199633269605556,0.0482848422455842,0.00955667341716689,0.876093171038493,0.741165944337825,34570477.510877,460314189.454683,67255713.5372097
1.052846925005e-07,116.545885636319,2.6341298613214,0.0449780980222215,7.83688856979835e-06,0.000897680950510008,3.35083204648424,0.82598933123007,95.3502572811607,3.98742016915829,0.846285587843561,0.78751460371894,264.923760656798,4.69234021651485,5242.69934321884,0.607295243608318,0.0503664672475845,0.332098178186154,0.269068430275513,0.0396211720526204,0.885171060256984,0.125774725531365,0.0671120980971544,0.483273452542046,0.907220035702342,4.53363376177523,0.923591760028471,0.868102318201928,0.022264771774945,1.62888728636105,0.855932207808386,3.29919943170663,0.122137374962567,0.0658174254768872,0.0965560103874202,0.0623794889385602,0.489267810466055,0.461119698232755,43834280.3514316,454269202.827153,54063412.295206
1.08343442128868e-07,78.7197980239641,2.17724158013189,0.0303183080602077,6.3614868820864e-06,0.00170243460130039,6.2523407893423,0.578106354651298,90.3966888394976,1.2009502902932,1.68006246525359,0.490439370917753,203.999577236215,6.57095224893932,12459.0511263924,0.852329246834632,0.0630871569956315,0.45604951245561,0.0794997436658901,0.085778211911361,1.25187454016613,0.109781340319118,0.0721082244981397,0.544071469634914,0.494443585954815,13.9581231020876,0.935475414252504,0.25589019529997,0.0510060318692163,2.75741053195342,1.08332764496279,5.71050895597637,0.0863581197123347,0.0298935951146443,0.0308377517837298,0.0130259483112232,0.849163595101264,0.653841523944453,36359253.2306876,386238093.425872,44047321.606727
5.80853190619681e-08,83.4074142942063,4.01986822551041,0.0793545816035985,1.15560896370007e-05,0.000575364294979353,9.95629608600869,0.675243613123339,51.606416293906,1.63732458410005,2.50442808952178,1.04848580800593,204.219795803184,7.58426384079493,11837.4236039271,0.987588146460236,0.110055328006542,0.33946881078823,0.152567769798869,0.0398469187912274,0.930116045607314,0.168156627568779,0.101051207758139,0.381868365255025,0.701636975590833,10.2403971757459,0.886443997542552,0.294557406646993,0.126912177819053,3.29112495273399,1.029548553656,7.10791573871485,0,0,0,0,NA,NA,0,0,0
9.14762125476197e-08,167.959327713971,2.33199382250432,0.0459532620525702,2.26613822724874e-06,0.000801085995259355,3.07885111475158,0.768304561694264,56.3217552352333,2.24763046579636,1.96346839025712,0.799352100375443,151.250207958929,4.42204771504968,12181.2014601648,0.295814011849364,0.142972921603292,0.388406630114934,0.0838892797568232,0.0437962358795595,0.495254358362055,0.133414543860686,0.106553877620547,0.659379010601222,0.528535676064269,9.59481664892452,0.854846702986408,0.344321542984095,0.275080450046302,2.83904655978456,0.93632453278787,4.02835357339189,0.102366072221256,0.0555723666205866,0.0766923392490328,0.0490427654444318,0.520908008090513,0.457121237391316,70430936.1104447,707379654.468987,138924149.734821
5.55079683757344e-08,114.947988298713,3.95941706156473,0.0833204022788482,2.67793922064187e-06,0.00138391557462952,7.93461023747786,0.926437827624335,38.1533182163279,1.05422091508587,1.14048094421801,0.930915021203514,217.071335385194,4.33828598374413,5061.05070177058,0.523330963293821,0.12101762754225,0.778961476148887,0.099132710031164,0.0936402775016165,1.06016900822245,0.159490379692516,0.0482888010420035,0.382367990250639,0.703829896388993,10.6865535450004,0.872557310305693,0.46844509562161,0.12095620754316,2.24372302647665,1.62586817370489,6.13213085226619,0,0,0,0,NA,NA,0,0,0
1.61594036398787e-07,102.272992285431,2.66138791271729,0.0299869642865052,1.21674466516551e-05,0.00242232977807795,9.45105129772938,0.737925686899557,25.5300596390524,1.92754833946566,0.868150287047426,1.25567401997981,174.159456104459,4.13855851912635,5165.13258510584,0.567915585462312,0.12391985473676,0.657789892472693,0.114250127232833,0.0947665409159472,0.908983658850727,0.316130411821027,0.119145816268026,0.383003506346465,0.863522666922109,15.2345664480703,0.928163188821756,0.784339581575176,0.0331596139602661,2.66083314337214,0.982964985133018,4.0536576502751,0.0861908045154386,0.0515820380880865,0.0649335501633349,0.0499365082695115,0.420628354146911,0.401536644447412,38489537.1816812,353795433.041443,57405138.066052
1.08418982095402e-07,71.0691106476389,2.95236197630736,0.0694391690040193,1.7035605948744e-06,0.00136899402503756,9.66366593386824,0.931579935439422,99.1750934635396,2.77714666261621,2.46542574765337,0.740245163624777,150.404364544437,7.44504468232729,13489.236639958,0.734334204757027,0.0778865236989474,0.796116243440124,0.134549745459113,0.0499279277394145,0.790192699499539,0.194892897775929,0.0530329025419609,0.684992817010879,0.6583667151699,6.66927474765756,0.888635177162934,0.325635248671042,0.0343938891786314,2.06582746182587,2.1140172983516,6.35417598696647,0.0747665581461288,0.0147903107389565,0.0516646897258861,0.00133580663923777,0.98213363471103,0.80218013098785,22747354.5067954,197803311.091798,2653483.32504939
1.73224431480961e-07,56.939254619538,2.51070583300392,0.0530276683548054,7.20704031828178e-06,0.000472119847677134,6.10832833691451,0.865801556261927,74.7708656705419,2.57572691215061,2.99260115259953,0.496453782201087,309.046253681729,5.58168510481332,12058.6885487631,0.711500221459601,0.0565721707019494,0.507814013368086,0.17900808242773,0.0289099209096816,1.02059468400214,0.165703501474321,0.129057537813109,0.561660698453291,0.817666862809176,4.77014339104144,0.837079288747514,0.671669800940543,0.113926190601529,1.42069671959461,0.632364651896464,4.59685608188269,0.0903151203543238,0.0251061003611052,0.0514425397103838,0.0214942506100559,0.762008282492125,0.722016642810096,22245248.9016342,231307212.448228,26731266.8415704
7.41795108286547e-08,139.348949812944,4.25466454124479,0.0216361705137841,2.05303903352258e-06,0.00138006959806333,6.0260592320906,0.896212018017427,52.1640228737551,3.13839572686093,2.70493178996342,1.19234945349274,200.013648703443,6.25681740771462,15228.1849238383,0.86364824414639,0.156211604802869,0.583733289234898,0.107694426908918,0.043004910146161,0.900264317048721,0.378624549136619,0.114793101712021,0.946026574288939,0.529968860588465,7.72454234496691,0.835086433476082,0.712641946759511,0.0284179909355606,2.60822004410482,2.03797307330959,3.49694510867062,0.0962989906194091,0.0322366285473078,0.0727599378307076,0.0157282437478093,0.836672807818203,0.665244377537531,34115498.0704209,388928134.062023,54162767.6909922
6.72203703456797e-08,160.14485150068,2.24912547455307,0.0145516571176214,1.04151443071179e-05,0.00212652694787515,6.93806467545349,0.893084466943487,67.4702638434659,1.87750226919209,1.84509025758267,0.598636379907298,310.339095319875,4.17249250998462,9253.22682250164,0.53514034715671,0.0642277755543497,0.651681722878771,0.168925674524473,0.0340845798823837,0.851359533915598,0.140030388660431,0.0517726207866551,0.39153578573163,0.578062229205249,13.7443618844225,0.92169318040864,0.270189295737134,0.1411844118237,4.28552922230048,1.01358950883735,4.40777872611913,0.113425919635123,0.0549113719852722,0.0740393944000244,0.0426260432631786,0.624194863040995,0.515883387483963,73199001.1953196,831659636.149004,95114889.0819062
1.95075054947116e-07,70.3025680360796,2.26867694245086,0.0300909721451506,1.13671471018381e-05,0.000410863298155789,5.40701621589317,0.62512166660652,26.1590594877444,1.45119833928366,2.01660212570033,0.494698016784811,152.501703949323,7.7326767316425,18630.5498727851,0.934316378322224,0.155417803372467,0.734012429622957,0.226644305822112,0.0270993510105384,1.03454341052872,0.270856178263527,0.0487468401588771,0.422150802696962,0.664403350506349,5.18093063837018,0.973007720905645,0.621479919931481,0.12731321274081,4.50933570240597,0.842312894388918,5.89033255333112,0.107512452481793,0.0748166155336023,0.0845093733581891,0.0688760680505552,0.359366599304212,0.304112093003622,31241326.0175316,377922373.286234,48929147.3299722
1.23496429903113e-07,102.477596095875,2.56923504090317,0.0269002952916454,3.1390956003996e-06,0.000691077998443852,3.3911522697022,0.70896413805637,27.4377625545323,3.90836309503625,1.30771240821383,1.22159703112064,216.26397837944,5.52491603321438,8366.87281616947,0.969619503044613,0.0923572590579806,0.353348472616674,0.166289792750684,0.0266120450455357,1.26260350627219,0.294279726228174,0.0827580270631741,0.425258651036889,0.598829493158077,5.58270205147136,0.900452575796412,0.358765506481437,0.103292235999648,2.77162449439452,0.81380994285214,4.28968222894257,0.11795195274433,0.0738693147068221,0.0918806261782756,0.0647757771452254,0.450829124587431,0.373733855284789,40735654.5753646,497203933.736207,69494585.4449738
8.36424024584632e-08,159.769507931936,2.63665726042607,0.0211597953005143,6.53442373784688e-06,0.000613175556334922,2.57319017627371,0.834617385033202,81.281737936037,1.60820410259416,1.16360198002073,0.487115168755913,223.724264090571,5.92848701241467,6298.95230957403,0.539000720396112,0.0624645501684004,0.665483755062971,0.201299537071043,0.034174332538891,0.673895639044167,0.245647403084859,0.0459150410216365,0.443523116293771,0.743957386233084,6.53023896297431,0.982239688434826,0.451692646574529,0.0860578848740683,1.29651714013203,1.56364676164658,3.52999942702198,0.117931102352641,0.0705932576588899,0.0905320999344101,0.0635572749625535,0.461064352875271,0.401402545633808,62473937.6820534,813188422.269412,98289420.0478222
8.20685438794113e-08,149.803335804706,2.28425593526945,0.022752396564534,2.09276304285148e-06,0.00133816495150373,8.37270725782291,0.634331189369232,80.0215808893512,1.13228331992194,0.967810456270238,1.14236447920646,302.191681549199,4.31130544562338,5577.01309615682,0.687850183223767,0.120817586675066,0.638952531252836,0.0784926829905294,0.0393102508114971,0.502221609762827,0.190548325654856,0.0717390211344986,0.810701476583202,0.551573313930609,11.7248452156176,0.837441720209197,0.544824319758011,0.0287256616881852,1.53787972324202,0.911051407443996,3.75407746767382,0.110552666642807,0.0576754851710634,0.0830312855813945,0.0498357309818468,0.549212764420556,0.478298561920614,66622662.8782167,779536624.176134,144209361.56838
1.63332833295918e-07,55.288634875802,2.9928324178063,0.0281424314095337,3.28811615876006e-06,0.000431712081111357,4.62096448401765,0.854555888210629,34.4552495194374,2.50130976028814,0.872214698189459,0.654953598320081,306.587253933715,4.0154893419564,7716.25639827879,0.254583385092874,0.059262339831571,0.300125458363213,0.144976190597511,0.0607385990091263,0.521814474340063,0.120727934927814,0.0672607989549698,0.42579871787195,0.628007604209211,12.158837371132,0.94558864346713,0.496880346054714,0.25142480323235,2.63114826656164,1.86895640646046,4.62380659999829,0.0813902278834819,0.0201116218947977,0.0492664845514667,0.0072183113227932,0.911312309714541,0.752898813312214,19127275.9864491,240287875.248895,31584535.9596295
7.91878531711861e-08,101.237991417268,2.91687023148336,0.010421234596223,9.37687705140987e-06,0.00238052847495749,6.82387680308737,0.606611036603582,41.1522549794248,2.40938339399163,2.18846467262926,0.751473642342758,227.763648913072,3.99146070423527,11087.8647103437,0.654695080997524,0.110774063161823,0.50487604234333,0.205837221980212,0.0369503414388545,1.02792558324043,0.155434074911757,0.04722302548942,0.737160309575326,0.646569361274753,15.442787455304,0.853401878789166,0.44794253650321,0.0266848291392658,1.38037938846356,1.83890075556875,3.21888658792906,0.105143570273715,0.0337300312785036,0.0733265806483117,0.0134295293131146,0.872274364679132,0.679200247902027,36318025.699605,396010774.647938,40064977.2509461
9.13724048789207e-08,62.0536541864178,2.58087798083474,0.0135773754184382,7.06315684169106e-06,0.000943024179027878,3.44418480427881,0.851995712628243,92.8298891200366,3.00131828977007,2.69101258779266,1.18705659973869,180.175835891638,5.10228502429499,7840.64898174663,0.513459360359281,0.193000042548401,0.352215607518237,0.0822138153694939,0.0507517724349367,0.605137571937104,0.172014420591703,0.0559510402829099,0.861877349005905,0.731188873269772,14.7354894571411,0.885959161375774,0.601105407333745,0.16502511509106,2.99103600334892,0.861423469534891,7.64038175384166,0.0868462413633386,0.0163310733273188,0.000930253156140149,0.000206101481797267,0.997626823238843,0.811954172443751,25450577.4769667,308819142.36208,316184.005721637
1.73808511235145e-07,184.430523880436,4.20531128563388,0.0346309202537076,5.68139596472098e-06,0.000362856625287825,5.22188968000952,0.5905908822416,35.9375407800672,3.90601183026052,1.10389213130499,0.782615245727604,266.976981291571,5.34744246213758,11163.5141090146,0.480550547423579,0.161265010829779,0.621233852043244,0.156980062693899,0.0465033431440584,0.682304519615527,0.321450440737846,0.0498965952096833,0.55071341053032,0.517313018711378,6.91843672890665,0.983240222470237,0.318326026244651,0.115227441011887,1.37088526257212,1.00488236625084,5.56509144682495,0.10280827507654,0.081077436142057,0.0859596815949589,0.0758092646625304,0.2626151483809,0.211372468979806,43247871.1246502,462056706.958507,62266149.7538501
1.23200656228966e-07,188.631841178884,3.60632044690911,0.0717199808177079,2.03584908603925e-06,0.000345156220150569,5.09337468561022,0.794719261779819,28.0290927516809,1.04614469799672,1.17215431552247,0.603776904187578,132.048708946274,5.04672006921682,8870.20390940325,0.512444124044414,0.173324078670852,0.612033975518146,0.09698590535204,0.0373845730946592,0.50047055888456,0.288089287266029,0.113400155231055,0.697960666434743,0.77740180802948,8.46752699774679,0.926610218726812,0.584595019632772,0.122302920692299,4.03557974342538,1.50207512925108,5.33287899085801,0.0991945288417701,0.067880291524984,0.0807357315088503,0.0654571175813508,0.34011362979742,0.315685125807059,50338098.5982006,397868790.95067,69180500.8915875
9.47336750987951e-08,191.770294184287,3.5800499767213,0.072605856250457,1.14087837503937e-05,0.000592257549610122,9.76639190976565,0.62312472729757,55.4040760672085,1.55082496845638,1.17176971840338,1.14395700689252,291.682691122906,5.75294933230725,6782.65549790759,0.456107992970933,0.140938901106923,0.599224711412202,0.138524018373647,0.0549961126850792,0.654966380516758,0.290179896473555,0.0778973771459241,0.807770435050786,0.861099397816786,11.6333629571336,0.880772984870572,0.463556834299808,0.102965199373551,1.45992613631628,1.12547601619555,5.27411126747307,0.0993543651151723,0.05635931213883,0.0765703523016872,0.0543079756792498,0.453391145760977,0.432744479082545,51485477.134094,430904619.29412,73072916.4050073
1.02474377379957e-07,155.850491462698,3.20473751721246,0.0275250133581196,2.87661170794487e-06,0.000749286530625511,6.35811651303042,0.791957110277753,48.642847943762,3.32875321090729,1.50167309134357,1.05482560881735,149.087564298097,6.13679856231169,10090.5299439306,0.656117263780262,0.100775347877316,0.345924280555165,0.113896041119675,0.0284348128715107,0.623305724209615,0.307749918898339,0.143107377661288,0.770335188998085,0.618938505547264,5.05713209644416,0.917266359927906,0.719721387030176,0.125412093690736,2.1606665609314,1.02518706396128,4.82929991961847,0.118601812218429,0.072432852172253,0.0937701354247922,0.0648834470355354,0.452930391012579,0.38927702016177,49765380.7270704,590225347.540926,87865391.7716863
1.32874374332302e-07,171.689193936366,4.29221943361905,0.0478598795466967,4.72242759379434e-06,0.00287673798042005,4.4340528214195,0.70608692838402,80.4206615966897,1.46953929134303,1.5155035758893,0.967666127112741,125.186931792989,4.10391476183891,10951.9859598469,0.250675363067076,0.0870017593896399,0.363308601688556,0.148619981958287,0.0280988088226157,1.23851211305845,0.221198080313278,0.0949439925308404,0.455983284936901,0.536423556805175,6.22225556922248,0.929788590292645,0.355961540354623,0.0213492357885303,3.59617207285477,1.91670590634547,3.66672202443887,0.0720256967932128,0.0406597837311044,0.0498735154546475,0.0370428554275587,0.485699450657042,0.4354822578414,39588848.7923059,301938272.243491,58655812.6597594
9.53172196219976e-08,125.92577171443,2.54399246932409,0.0189434271423435,2.28745562741096e-06,0.00270468643710569,4.61379088354472,0.945577810997005,45.8590263467945,1.98387926681719,1.73613200775743,0.651936815595341,224.722206271431,7.69344183177257,12932.3311756375,0.437340715596372,0.0865485328575678,0.501522933375934,0.082304334608356,0.0396772165069178,1.04200264394617,0.381120649462645,0.0458294531850965,0.892508525108369,0.73847680447495,7.2824916686153,0.922627820480106,0.312055008737628,0.113365850226546,3.87000808712336,1.12364507676399,3.62003953049689,0.0795074672729374,0.0266676990861344,0.0425472534063091,0.0229053574408225,0.711909356108757,0.664588748694658,50454168.7685257,516566895.443449,65472273.9133754
9.697024677381e-08,99.4587988522497,2.72863543691928,0.0180703962647758,6.90860488706514e-06,0.00238533864463751,2.62832772799489,0.811512754457999,79.6200915404236,2.70787133800212,1.87911905207397,0.635353749516034,243.372226374474,6.24012952806701,15761.8298312746,0.671365740731705,0.0537783745069684,0.540328120284107,0.234184608095044,0.0806478323817151,0.704676505313377,0.184562115867046,0.0432767810442753,0.427781325298933,0.6496523305592,7.80635417736434,0.958478461335606,0.254038503231118,0.17685900736342,4.65200995637434,2.36610256203735,4.50154351729577,0.116164617543634,0.0475701640463921,0.089101527825292,0.0228863640250018,0.802983348037064,0.590493516422731,37550247.9836597,397829822.913691,39252560.4478001
1.87037277112437e-07,50.4309210784263,3.68701726124473,0.0290523354355155,2.83155464849025e-06,0.000382540209624656,5.38654732301294,0.575986776028437,72.3246522395474,1.0496752737307,2.41944678610225,0.757909497859608,150.978664025236,8.10767891421587,11899.1031764742,0.272744830774866,0.0825427338320558,0.639205848263307,0.143736267360507,0.0431072305042837,0.777731737110353,0.154470602493377,0.0770860010255526,0.532265395211146,0.607905274668122,5.14290417505422,0.950564675982945,0.252316313559007,0.0383280324546628,2.80311876235431,1.40197016032832,7.27016232715329,0.0415350360778008,0.00710664493627374,0.0168290028111272,0.00104479052490633,0.974845561155905,0.82889999365928,14212582.4535317,177423534.847099,5010129.99602282
8.96037734943524e-08,109.587740164472,2.18067769885761,0.0135629760408595,3.14859610228231e-06,0.00108391374144553,5.71827156921963,0.885785706538551,37.712883263945,3.8242473700523,1.52545516777884,0.675282133181518,131.77007702549,5.86185088113633,18209.7932500312,0.637496454854016,0.103875809069591,0.384889123606424,0.146361938459742,0.0309028153853328,0.810591396969948,0.140095531808392,0.106128146262666,0.471527231645322,0.813127983147847,5.53974295850542,0.899600015806723,0.348377669092243,0.0268671079511541,1.24498711649918,1.99096806453668,7.58150090410717,0.11825489654184,0.0448925342215714,0.0804423733716451,0.0374072325468065,0.683672865642638,0.620374838299503,52377254.3478596,682806550.458411,75683896.13578
9.96831745740565e-08,89.1380424866014,2.77128544919673,0.0264925967316122,4.16177325509427e-06,0.00067751220953712,4.74601303411959,0.64302113415099,34.9092565381846,1.3942602549435,1.49566754016894,1.18556029460314,204.712855904698,6.54383848583834,13269.5548389764,0.692281034059939,0.150696753726602,0.530134818796383,0.115112368173578,0.0658287105034108,0.88591490116032,0.363079936303438,0.0615613187262599,0.401767481623202,0.746657389034131,10.8105028592773,0.870874332715775,0.970215454257743,0.0977143036930888,4.70866043991044,0.647198558534665,3.72598855248324,0.0965982297094295,0.0239291244473927,0.0416597492257645,0.00868027333077543,0.910140451259967,0.752281956725581,33289148.4566836,408624598.821602,23164465.0707339
1.05239935301147e-07,189.141726640971,3.77610254585376,0.0122019462982202,7.84876072298096e-06,0.000845016642091495,7.82060852769401,0.904777187555734,82.8725309252896,3.63120806428704,2.0500664321585,0.803012968548754,199.687915525322,5.79399545519015,7334.03404290477,0.787473992166794,0.103030312727905,0.441146985132962,0.220025204599705,0.0939584087905744,0.84203996494844,0.340581571487788,0.135468113651532,0.52275893100702,0.554633902173237,13.4019041189283,0.881577777910137,0.296607530567104,0.218234058626382,2.79336857828863,0.958601208656342,6.50604128836607,0.125725075765989,0.100677456536422,0.11116073504475,0.0938483317815231,0.253543247361393,0.199225326188614,52363317.2204738,692279697.886176,102396092.289904
5.73685871052242e-08,78.2243581944374,2.11942924324179,0.054636138366048,1.13304524648061e-05,0.000709549424657303,5.50807669925725,0.565264669377058,35.0085691979647,3.1325414585769,2.03037539100832,0.614447438053607,125.526654314315,5.50889631868171,6000.65058466069,0.45258323615593,0.0543128796372184,0.34212395048336,0.148086641321216,0.0485851211352015,1.05576968413619,0.368495689042576,0.0688996927626748,0.492308888395347,0.722044691833426,11.6282758680551,0.834315838451751,0.67548029757158,0.0291981157260741,2.96337115066841,1.01982231553405,6.32476346894837,0.0951543311140192,0.000101438848067647,0.000236055575362489,9.53493664656853e-05,0.998997950326072,0.998933954483416,35118512.7457129,337464444.3093,76000.3557259079
1.39671596767136e-07,103.842553092071,2.9274815436227,0.0659340230756142,9.49962605338544e-06,0.00146378392602363,5.15674034379923,0.86979349061076,44.0592127966989,2.59806372371535,1.52156892096748,0.961191852135431,152.016065992619,4.35352737850532,8948.86673559079,0.347460350953598,0.0907257303151758,0.769472841878308,0.207232248379086,0.0293006367635722,0.690353618625844,0.142843033834211,0.0631409758848061,0.8079322629745,0.614239069465962,4.14326397856758,0.905390415862137,0.989487287283616,0.034295054939603,1.84457762507723,0.784089756083345,6.78614595927429,0.0786492211626745,0.0391913857471659,0.0536728089101543,0.035701848049163,0.546062281083256,0.501693911677724,34140302.6427421,281833924.224283,56125352.5857467
1.79546692555815e-07,167.833226839983,2.56650979632559,0.0320821518754528,2.2737111632702e-06,0.000382596384255154,4.00771396329076,0.754840530997988,93.4954648663423,1.30588363429675,2.56642019636183,1.19996357535058,178.746756872194,3.96085072261054,10396.1612778242,0.91131209074104,0.0501242788541699,0.34560921709782,0.122080494327116,0.0315841929155748,1.24739361378277,0.214838145976059,0.118036761813308,0.828760315943853,0.70422693586437,5.83790802091277,0.857050129109462,0.705684303863733,0.0435854531854985,1.27860032160198,1.50980314306258,3.60703545785192,0.1192449248918,0.101417789734067,0.111142530560517,0.0986275970731891,0.172898996224102,0.149500158383332,63826026.1574801,697252455.795064,130446458.913972
1.12848256286976e-07,50.7249002273221,3.81278443790037,0.018407533598968,5.87746791456248e-06,0.00148177006155895,6.95642071097971,0.763283412183609,37.2146533509565,1.18649241396864,1.06937347879973,0.693158183096518,243.430968545275,4.00866843841555,7510.33174373686,0.568472644876105,0.125675369149147,0.687884023017259,0.212378174555435,0.072869553665604,1.04474356841861,0.11597249813245,0.0565912403138021,0.869580302003996,0.699687975181019,9.57625558882788,0.886595334828565,0.341665223316105,0.272923023399693,4.02725355001541,0.953667479316979,3.24388088961886,0,0,0,0,NA,NA,0,0,0
5.05044592402247e-08,57.7662395867649,4.46817349774165,0.0344192873772108,3.94446765179116e-06,0.000405638739620086,5.29173056322653,0.678215199226664,88.159547213205,3.5433674529844,2.73616946741088,0.551834187343399,140.098046290701,3.96592295080528,5307.4872880962,0.253524485865535,0.158669077649557,0.762463721112294,0.105859441748975,0.0562983260960922,0.61500840670952,0.138144448323474,0.10502895344023,0.499796472171824,0.497476716296008,4.00747037196025,0.947142013806844,0.388120149507721,0.126728497710378,2.34325520008341,0.817911051540986,3.45983345466632,0,0,0,0,NA,NA,0,0,0
1.85442396180393e-07,66.4038791542866,4.29338125229158,0.0482875941577698,3.3303482701522e-06,0.00112889925515456,5.40017960331297,0.943115235060974,43.56553721458,1.58923802366905,0.819172434332869,0.542174539183427,128.156054413687,6.70947778180656,5954.97873001609,0.860667667203079,0.0729106167339283,0.590427066904849,0.204220564193082,0.0691936615261591,0.559374307265409,0.1468229412312,0.0442666463815838,0.728342178954515,0.70027402602272,11.6816260270686,0.879381173343147,0.326264223285334,0.0285465528126953,2.01008590048423,1.15338903954707,6.01151772743341,0.0966993978188677,0.0254225685823233,0.0473375092402665,0.0139669521751716,0.855563193874963,0.737096929704324,15387385.7552446,153002172.184691,16973150.9456101
8.53238698177165e-08,138.390290858388,3.62063540607177,0.0106854796258713,4.63684045015813e-06,0.00057856809090152,9.17455747116694,0.85513139682944,42.235701620718,1.47663018980642,1.5839321095436,0.600755866444844,171.042189243885,5.63385361130499,6629.19432551249,0.493602647490291,0.112924800229417,0.356585371491942,0.217172237842394,0.0682667370269404,1.00816187225201,0.12153350705645,0.0433583635174163,0.52323773220291,0.766572166311322,10.2213477199776,0.952013542500665,0.527540832750316,0.0843587614414387,1.47288743506194,1.23135244270366,3.20978027539815,0.11265668217422,0.0341395207735637,0.0842593703024374,0.0180605906448235,0.839684692498814,0.696959646647787,40909162.5343423,578969831.558721,50116155.5726699
1.07405635936059e-07,156.627970134541,2.69758004939352,0.0564520421739311,1.86369192878503e-06,0.000871793137392943,8.3541949354362,0.685313940183398,79.7046417712192,3.87488724565175,1.7998709833056,1.13397076972789,295.396064076658,7.8140598228701,13557.0977530373,0.594428030404911,0.0892124335345692,0.734566192851857,0.263558135691037,0.0502728053575997,1.13182882427968,0.316549855079905,0.046271483639053,0.672698015802714,0.595924497056244,4.30095279953048,0.96395474761501,0.697692285085809,0.107665154928259,2.07795251932396,1.40766392222371,7.05876912726122,0.108866576730905,0.0823925360083784,0.0916554234999859,0.077268842430604,0.290242747123425,0.243178774583541,56403244.9525209,507350850.859914,90551721.5069827
1.73917415272347e-07,85.345185885707,3.99411778962438,0.0121576879690832,5.21353955884266e-06,0.000370018186802982,2.55068974020935,0.801072671767334,26.0294527002136,1.66142457422364,2.22960091098515,0.67796115147231,180.474964589329,5.073724701994,16654.3722995177,0.277798240962581,0.0995471149398259,0.402323043389266,0.216360039699069,0.0619450950657139,0.546713837478965,0.286380427792199,0.0860704537769391,0.519841497481428,0.657843948761729,8.41599895515466,0.908427384943481,0.306756379851385,0.0792338351612497,3.45692853777535,0.606038695794863,3.75048268719958,0.0948277017930919,0.0314574680554629,0.04983422760386,0.0239686084597967,0.747240437060315,0.668267104858228,22704385.2432747,330388493.290311,33915118.3402852
6.68883553901867e-08,187.907525202682,2.57520782819845,0.0876964291309427,3.41744092879714e-06,0.0012267181818182,4.22185105293789,0.658703552490714,49.597556531404,2.70357018188507,2.12512195961643,1.0380115212278,177.68644864028,4.72566384425756,6450.39049783349,0.696364493626629,0.0835373351780161,0.407755197427948,0.0797221200486675,0.0250290228339049,0.78580366544878,0.195944519979538,0.057020382088301,0.614796232112757,0.557196234656041,5.86838497732859,0.909513425840951,0.646071105553435,0.0522500461900096,4.47542303813725,0.662934893302261,3.66063962329572,0.108636180250875,0.0521421550638019,0.075374706738062,0.0435826022737405,0.598820557082415,0.520029561575258,67731978.3843629,530176791.089775,92827687.7818117
1.28154239719425e-07,100.490020340729,4.49804671914928,0.0645534994076218,1.98889364813987e-06,0.00040930503197851,6.91469200821403,0.56814077372593,37.471902362969,1.04356136916477,1.75812807311365,0.9622175066624,134.110187730656,3.97395107915691,5722.32420793666,0.778734654049029,0.171279301819132,0.337152072473143,0.1243519587378,0.0333720765602163,1.05281352780025,0.102248285734157,0.101977871373317,0.445666842290268,0.787052291469542,4.04379634170748,0.955107031956632,0.736665058145662,0.0486808799784502,1.88399322832508,0.802605308532389,3.80054345758094,0.0911609039666504,0.01865183944123,0.0422977477264,0.00832457184060104,0.908682653655492,0.79539650629119,21786438.0697005,211644962.065004,9141857.03160956
1.88344277365713e-07,158.358735403547,2.83369881990062,0.0500786833752118,2.80216302513167e-06,0.000677677847871108,6.5322050096522,0.828195658563226,75.457080143608,1.88054480024806,1.10981961945459,0.807104416880864,210.505691083762,4.39162135258188,6535.52696169066,0.762076626708705,0.0540118054214164,0.315728571289903,0.260066691328747,0.0817642157862773,0.525894403467784,0.171079585655801,0.0693914886643458,0.77969219486586,0.633325559684814,11.9178723177895,0.897264802840596,0.264121501701454,0.160046857580233,4.27099825811832,0.633365615674835,7.92438397077006,0.130776593198334,0.12033058007787,0.125475200295064,0.118218582270362,0.0960264418948947,0.0798767796666953,52676687.7857531,461874589.503138,83799559.0473195
6.80103777693421e-08,117.590972300177,4.30363389082744,0.0104630693310816,4.57479886490201e-06,0.0019128914187855,4.81272625291107,0.587635276542205,57.7381733978202,2.75649950871207,1.62664142136691,0.625929696144084,123.277181959214,8.03049576335554,5904.65178445179,0.389650436106854,0.0726044825151205,0.420001115964136,0.1723817077426,0.0690833343043192,0.649975756240593,0.169257515379496,0.0490315738991028,0.427034551684531,0.880770653359473,6.38893208535025,0.962134085797874,0.381244938247445,0.0323185360258961,2.62953376547773,1.66910632895857,7.33597084637532,0.095995550510992,0.000116020017350473,0.000259568342654404,0.000112431389016345,0.998828785413304,0.998791402135486,28451809.9076879,303244800.971608,73144.1360764729
1.23637296700083e-07,190.569633647266,3.96505776031435,0.0308758204358383,1.71490478356285e-06,0.0017995448323028,7.5626956922789,0.704866410879546,48.0209922449943,3.07364489750132,1.97215866940261,0.738427048919885,144.901310903425,5.81905118654186,8552.8610500555,0.354272262730078,0.0834802504087055,0.315450993546626,0.229034247282024,0.0463284876462193,1.05445222182948,0.182987474433439,0.114640253319492,0.585214177411947,0.664525473384685,5.20882977800002,0.939969193876011,0.391019233337664,0.0357801082857303,2.8188873473873,1.31429515037813,5.36604105946233,0.109096926315277,0.0764863112674638,0.0888135548227779,0.0716722846657913,0.343040293741485,0.298914150464446,48715872.6954998,458644494.602105,70954859.5221748
1.30698259386405e-07,50.9923537126894,4.00123419139442,0.0350954774905,3.00138197940087e-06,0.000553107903667992,4.98058042573621,0.707389266323983,61.990565680579,1.22677875695372,1.68266818037438,1.12025581796531,191.242579482019,8.13892608563095,11652.0633436015,0.343795329720047,0.156500554069203,0.724221927251171,0.119118549885769,0.0454418950652621,0.818186967424143,0.161122716011203,0.0637976021714911,0.373280313977502,0.510169639486357,10.6449304990325,0.944718681568785,0.594676607529201,0.0310091569185742,3.22122931139189,1.07593520892416,7.50920292850005,0,0,0,0,NA,NA,0,0,0
1.71142769609936e-07,97.0238191286408,3.49517759403993,0.0472095502725672,6.51690546972405e-06,0.000594670217926596,3.26143454539876,0.718638025788627,43.7388169716418,3.8499927178982,1.31509162775149,0.966856232514353,233.809716916019,4.06521767811946,18103.3829525779,0.736730856672635,0.183813272933207,0.468367082299481,0.0861009560871676,0.0737240549743222,0.583616918090111,0.270186245344262,0.0609236359440351,0.548881394705924,0.546621345515048,4.23021081817105,0.920181259381408,0.677714703557639,0.229304615744589,1.89107280445176,1.26634156738691,7.52695854970724,0.0958541132397989,0.0506412607276113,0.0675988737895224,0.044648448740578,0.53420414386516,0.471684010044287,27615193.5110876,278298613.476106,47991268.2699172
1.60585879298215e-07,153.518310500232,2.61189795086021,0.0222846196311082,4.25681696837145e-06,0.00166293815663233,8.45315457983247,0.73193459924436,45.2110842314079,1.82579209880122,1.1023166680593,1.09940512948894,209.234970394803,7.71817633797798,13990.1047153509,0.985343769369623,0.0522359384159161,0.77201098957465,0.103278589137846,0.0321837234248261,0.577243148473773,0.219748126464994,0.0731489207870657,0.576256829928963,0.508588195354479,7.23455325300519,0.950538957752875,0.499228587607238,0.0710868852254669,2.5311821434453,2.33251801031934,4.26928457922872,0.115620423090284,0.0978388268575782,0.103911709841333,0.0933554047182509,0.19256994376026,0.15379286597854,58974947.5624543,595540155.662773,106545354.864688
1.34565247050063e-07,188.745361163482,2.5604240585952,0.0210627313381138,2.78261488484809e-06,0.00221607848880591,3.45856116011337,0.697230645681221,27.3014897245391,2.10016729279708,1.09850269783248,0.766354094175608,255.819835615168,5.37339301256717,7681.56747406101,0.274972986191701,0.199837372492149,0.797124907245144,0.183383849802874,0.0268472794206157,0.503296346429007,0.162749266265847,0.0803949457218903,0.888443751479292,0.531501845137985,4.5081566549034,0.882010936915337,0.256176179669706,0.225041243807902,1.34769035256387,0.671337946757459,5.14440237738775,0.101627993707938,0.0794729828260262,0.0874480479693118,0.07523032762397,0.25974798006768,0.218001065194511,73813273.2856942,704123816.474787,134393976.962318
9.47878457203959e-08,64.8653993147248,3.84402523858913,0.0771804798446474,2.08747628705808e-06,0.00143174642025641,4.24140756010942,0.766962331561315,33.6520459853446,2.5200094803392,1.97641727811574,0.530042847945512,120.49694189213,4.95451284324285,9028.21451849279,0.677408401710475,0.164306124990713,0.303523157772688,0.145261554886296,0.0338995489641599,0.911044810476687,0.155162862612394,0.0647033710719591,0.622579663187316,0.499423780976674,12.7644485961628,0.977886570530864,0.538723656049681,0.0292585903669144,1.71017769859868,0.985115340293792,3.30016060998401,0,0,0,0,NA,NA,0,0,0
5.31606153549092e-08,74.0692318331654,2.86231930572694,0.0281061547268517,1.74041408399651e-06,0.00161782708890057,2.64934973281773,0.697612876323536,33.7312520981959,1.99285684098677,1.06726961714666,1.18198707108466,156.823570940857,3.92857806400605,5537.71789616585,0.431766107256339,0.191554576301177,0.412990379948141,0.247651141304962,0.0342107825119866,0.756308700973018,0.267245197696745,0.0603466143452948,0.528300862376488,0.717961604102914,6.14302452552579,0.877272399602855,0.718531782956719,0.0839458065540459,4.53833090958544,0.617384891689372,7.29355416046623,0,0,0,0,NA,NA,0,0,0
1.41820640657682e-07,61.7342990354782,2.35171586214639,0.0144388213156244,1.72046221476425e-06,0.000403763120150187,6.73438973441598,0.843340429685228,26.1181164960753,1.70481819874763,2.03777166104567,0.561302524589251,276.000997975466,8.19411655655328,11826.2055602866,0.662695396756828,0.07025849100412,0.311134524650521,0.121536284508634,0.0751462496937281,0.874014257382928,0.271583528368302,0.0432153481407204,0.593016497355439,0.895758497248588,9.89572278422949,0.963006033562643,0.420778423550645,0.0425971067365285,2.2878146122763,0.683535996309448,5.65884506565081,0.104834857394883,0.0202327611434323,0.0411395841726074,0.0147654220117272,0.859155414728995,0.807003494389072,27744626.4393198,392737570.743437,18408359.3566869
9.41946364349467e-08,63.6810870764814,4.29653229236479,0.0827010131924433,6.41562709594557e-06,0.00189177251440697,5.62756484791488,0.848618737534913,79.0235684315677,3.700210053738,2.01913755483276,1.24253986046617,302.641880284785,5.18853657463794,15012.3377520651,0.301036789719601,0.0758326857800893,0.426628552693034,0.142011227897303,0.0945830606410845,0.724901033610261,0.180793727668089,0.120894017508912,0.633334813126799,0.612855003775655,4.19959793034308,0.977130183649458,0.729318598954264,0.0963491620224266,2.64863286850894,0.891662567762817,4.45731040082505,0,0,0,0,NA,NA,0,0,0
7.89668540244889e-08,144.21215813215,3.87699800220568,0.0609047452261645,1.99627407511371e-06,0.00200835373372327,2.72345865162291,0.797707091955745,41.8439250688833,2.6512485502179,1.88427107011671,1.04897406322762,263.279108564842,4.91799370972383,14583.9545255033,0.383174240481421,0.0709105922599129,0.767070496712977,0.129936163564418,0.0313574403758215,0.770231939093958,0.313332963745143,0.0833252509676971,0.945053079290488,0.891896132949284,10.1496951396316,0.878338727353588,0.315613950186735,0.0393678124547936,1.32404777273791,1.21826751462563,6.27911787900097,0.0684843299672237,0.00510836534074183,0.0294171142285702,0.00307203235523489,0.955142550760077,0.925408259916003,35796128.5892159,307874055.162201,9067007.13794561
1.00159926398965e-07,197.046479765987,3.94352326407473,0.0328437403788822,3.62693777777382e-06,0.000894925769738848,3.89017177621157,0.668573371605683,49.9078890418019,2.53938922981,1.15415715153591,0.872181128471506,236.243850820931,7.79304639105927,17407.1577132411,0.384421234358121,0.104152629303699,0.705959681721476,0.276947607558367,0.0327677940944848,1.10576600293433,0.130755446682311,0.0519818231199781,0.648647927594466,0.889881879107954,4.95412522366561,0.875424592605481,0.254436203453811,0.0734967957403953,2.88296782166897,0.929398161141534,3.90827095802981,0.097014202246316,0.0596732064525618,0.0746509275832697,0.0578105283992829,0.404102419432324,0.384902364078061,50756071.8410478,551873052.111686,70683376.1644446
1.70965277313455e-07,120.736519677673,4.05236354305949,0.0160008166488485,3.34493242389621e-06,0.0014002877238722,4.50929608787335,0.600927387334962,72.2516872008697,3.49135517593187,0.941850151418756,0.667498162880786,296.017071304049,8.18710121037984,11140.8179330978,0.464076162190559,0.130787173260848,0.603668571246146,0.299154697557098,0.0500920263116818,0.529303671468129,0.140899229365981,0.0483860773669155,0.555191492520866,0.797085970530032,9.43684560319712,0.975649313540285,0.340510239512892,0.204576233498648,3.07088773253927,1.0236928530322,3.48361773448297,0.110789633380235,0.074937823816724,0.0869705285372391,0.070889655007623,0.360141803481502,0.323602565237004,30987073.6122747,356852350.759842,41371025.3372913
5.01478018125291e-08,179.500294004751,2.38693536506909,0.049450783164307,3.21303642937625e-06,0.0016478068053071,6.64108817251853,0.629342201818093,47.8322934528222,3.78662308789882,1.86202731124398,0.965679631746325,203.348302174722,5.86799037804,12507.5623064946,0.84543451006244,0.0851039016667991,0.444510163293647,0.0802007712692742,0.060878768986349,0.631859618038405,0.231875288738441,0.100238738274554,0.461383984457231,0.517780827445119,9.62720864494567,0.856792013653314,0.619447421762765,0.0252846902930305,4.21276452525014,1.53807806599859,5.1985187356078,0.119245977284516,0.0619267879522979,0.0747527981231128,0.0332559721391565,0.721114515588151,0.480680276496511,73244944.2020526,697470019.75042,142233976.574366
5.95427170009176e-08,58.3208414014953,3.01240649710702,0.0446208021543476,2.70263001712268e-06,0.000413064089555614,7.30222146215964,0.600212141660065,61.6688168337286,2.21146955165789,1.75285802654979,0.717954594058269,243.933275286241,4.63363882815859,5861.78714905603,0.298035106901875,0.187474596407308,0.754350444632504,0.278213070054194,0.0765251995912842,0.706899323481929,0.33480816245718,0.051246853551191,0.430834279242832,0.752510285450093,5.21785712652561,0.984887168002149,0.642897601592218,0.0906033068982137,2.31264721272992,1.95780026465832,3.22780074099486,0,0,0,0,NA,NA,0,0,0
6.93804544420537e-08,50.200648178409,2.23036803834929,0.0152348887935484,4.88320655484499e-06,0.000727637204406979,4.24961799526664,0.761292691916222,37.8449721065753,2.03836373134455,1.24163640090798,1.058028775572,274.046375766625,6.5173963911668,10297.4204530098,0.779529966784235,0.0643662134233203,0.624447237551042,0.143389064778182,0.0307948853432025,0.709961925940942,0.242830220324143,0.147358979798741,0.70164359478272,0.56814807935049,5.31523908889897,0.911173722686455,0.699577617577191,0.040551264090009,2.86196376202842,0.766945045902799,5.54863936813776,0,0,0,0,NA,NA,0,0,0
1.50019265933736e-07,116.248243464588,3.77231073040526,0.0625695981636728,1.44553242973797e-05,0.000773125348118446,4.54727479518155,0.678971566635678,46.559627942289,1.4248580985033,1.74127810854409,1.03001891796574,155.013605967461,6.33467036497971,6829.42151103376,0.407518466876918,0.0706925250632973,0.606467696698425,0.298161303800377,0.0809553958382453,0.826715302418501,0.128259390697557,0.121303035374477,0.490294715775309,0.755427873079257,6.00239141903457,0.907186283682556,0.646900543709245,0.0207360337300493,4.1356345166792,1.87643002498478,5.8493695526509,0.0945841031078281,0.0539848354909857,0.0696685145776084,0.0505981093861348,0.465046369066356,0.429239864658423,29984412.3328672,264806167.353534,44202719.372792
6.44217257895346e-08,160.985321594401,4.16510718338103,0.027751081122126,2.64179173501959e-06,0.00234132700350817,5.83569914008614,0.597015049998861,93.6996817425207,2.87837872373621,2.63240890086086,0.511289557905548,307.887986889017,7.70367372181618,17085.180965746,0.266868689948261,0.0614526455689653,0.305380943769319,0.0758578335819863,0.0725725350687744,0.889996493270584,0.142199147825944,0.0543749488562547,0.514531609051251,0.633588411491432,11.9715010065442,0.913641851097286,0.321342024007107,0.196024013357842,4.78313921252263,0.710803508785578,5.28424740847203,0.0691422384771219,0.0156617428946143,0.0041841939360239,0.000623568667541338,0.99098136419538,0.773485162766368,39278928.0641757,387865597.699642,2645516.48702947
1.31690086673903e-07,122.787843647546,4.42214081047146,0.0576830820760214,6.26070232839404e-06,0.00151742401764042,2.66287562737066,0.800096653629263,48.5238672240141,1.34919502843738,2.16227901643034,1.10557564146352,181.09036368169,6.07083958203195,7822.25838676087,0.421904182854144,0.174100966374993,0.48399703539074,0.159310532927303,0.0698509220646003,0.709198104400246,0.295122258096953,0.0944316489728722,0.832477849067432,0.640830700263982,10.7520879416544,0.83581578496652,0.723864583837206,0.155594581111471,1.55888275521142,0.885395637250148,7.37831644120535,0.085298272001933,0.0291727648658785,0.0512406521633623,0.0245775244870404,0.711863746941047,0.657991138844906,27311768.8402776,241439150.846615,41944251.0476269
1.26212362818379e-07,114.768776498729,2.5877632486736,0.082789830040077,3.99140945302665e-06,0.000556176552810865,6.14340569579682,0.659211774661293,27.1979558515672,1.03110948040409,1.05511463749174,0.645518512619564,166.164660806049,4.49695433515665,8029.72538822835,0.516312121308406,0.114603116784819,0.618213491530604,0.0943653545164653,0.0353917910735369,0.991126202917982,0.337823060457202,0.0575911956220136,0.540267311254143,0.769771068301513,7.15549757553579,0.99139649613252,0.491266917545429,0.201282930463381,1.36021568380529,1.98648545517289,5.71697394708232,0.0756596679287732,0.0389513101523216,0.05212751590441,0.0367711217620459,0.513993085501478,0.4851773577834,41499621.8858496,332662975.365842,60797748.1149711
6.5625981165566e-08,53.7343540953024,2.11435345325747,0.0413385777866832,4.07180164195395e-06,0.00101876150626211,2.98555968605163,0.591541753060669,87.7216822823218,2.14300092672529,2.9901889655402,0.578701704089872,244.748876103753,4.74764436259386,6985.14631571127,0.57256169966337,0.0515813165522277,0.368475646028976,0.280737503542934,0.0337372931810078,0.878112466846967,0.238245784623866,0.0953313520281676,0.54496106997612,0.648863388834014,4.78621571192658,0.965725124604179,0.703797796886181,0.138254638528798,1.65837674831747,1.4404756282553,6.45160976265676,0,0,0,0,NA,NA,0,0,0
9.32783012447464e-08,181.452290555318,2.50641282543743,0.030167843148795,8.65573171156891e-06,0.00136023517156287,8.34029095547103,0.918310940047155,77.7884142123668,1.09519432155845,0.897274502755702,1.05034961448697,297.545066250474,6.90739385660484,16872.2847322149,0.402825277533002,0.0926525683026212,0.691035084552169,0.263818107860005,0.0603780518428114,0.574927905325028,0.150589495782191,0.0946353522800217,0.532931105617914,0.511062755047366,9.79994969239314,0.887654437811001,0.455897849683748,0.039238442189506,4.29458620527249,0.977209036462244,6.42111220576828,0.118679129271122,0.0924190233633116,0.103078191049392,0.0861610271060697,0.274000174797076,0.221269789128797,72426917.8340942,760785523.719556,140411897.950708
5.25369465496852e-08,53.0342396699251,2.79312257077216,0.0728362116699286,9.18957801959353e-06,0.000345721259294071,2.80296708304604,0.632254253689311,50.0712552834848,2.89301939066479,2.00827587870226,0.537657068656447,171.368341889271,4.34456481478635,16359.2901456571,0.703347735245281,0.166951515865841,0.710250721353376,0.264476103076028,0.0668383056110963,0.68486601987121,0.104191310331291,0.0531151545779418,0.49462021421601,0.638637413782618,4.09714729670323,0.841370859997062,0.42273277334511,0.122634549378416,4.48968243649207,1.76820515721887,7.46587033616051,0,0,0,0,NA,NA,0,0,0
1.63075731797404e-07,132.895200975094,4.39500417510309,0.0234675060866569,2.3747177648004e-06,0.00193020968314599,4.23308360464431,0.788454146733712,54.3508473557822,1.39954599537141,1.50384056277485,1.03968396912518,319.690901111468,4.79465549101293,12077.5022780337,0.298758327114894,0.0875911353299576,0.422208287353299,0.139774873839081,0.097052778808519,1.09071991414992,0.397574449945404,0.119822404996541,0.541495484664466,0.682827620903572,12.7979815559701,0.906207452452109,0.61731651229735,0.0931874207464739,2.56505774587815,1.65438201616648,3.21361131690308,0.072217588222631,0.0369526436699354,0.04836718483033,0.0340573296432677,0.528406715296605,0.488315179454366,31058561.1406089,311742496.340532,49919735.0019372
9.28668643956032e-08,185.947593258803,2.45941461478622,0.0727344268154066,3.52855409256311e-06,0.0016123170445637,8.06091141167195,0.695418760222781,31.8620664778609,3.85722148567826,1.11174667182124,0.543959627170326,170.1710486799,5.17018892515464,10253.386028279,0.370631943399499,0.108416493636274,0.601073716003121,0.0978478465936351,0.0307547270270713,0.774986171529357,0.111271907657653,0.122664490329304,0.462786543577116,0.69563073597672,7.21315037719243,0.873934569596355,0.283458191870182,0.0272831226474677,2.43527461186133,0.61811999747951,4.30609052525249,0.0893501665578027,0.0559723227162673,0.0700774802111406,0.0531262993730872,0.405414657635601,0.373562189388225,71127732.0213684,535593543.070187,117037434.074118
1.7889289227649e-07,199.983290833141,2.10750495657159,0.0103526334900344,3.84252730984404e-06,0.00128807730846018,2.96517030093383,0.825171864190951,57.125547425714,1.66983262689198,1.54575118331752,0.896350286903031,152.90652042584,6.7593352952325,9156.41163739493,0.984157773521919,0.198512326930569,0.547353311545755,0.0941629748508886,0.0509279195834407,0.576241680287532,0.230258438971315,0.0390478091870923,0.958591242206086,0.52932723845609,7.84648040496713,0.996555667824936,0.374951786605654,0.0350220129715299,2.33893039318627,1.77299697775312,3.43534267266887,0.126982666046082,0.116239970823579,0.119612615191838,0.112551150294484,0.113649494068433,0.0845996981871875,95364055.8745347,1125688519.76743,166775818.117627
1.02605461157895e-07,136.158251928101,2.94278202843151,0.0730807208620398,9.62215623481131e-06,0.000915076184469466,4.84827046532976,0.577699311802736,95.667067573261,1.78945137301991,2.06205130876643,0.486414184356937,248.710333519918,4.62889914897443,11732.5864636326,0.683905920739375,0.089709032685903,0.629143356101841,0.132436934819447,0.0876774763931167,0.680341201362782,0.229442416780498,0.112143455110273,0.763312487348242,0.720936170654437,5.60594983254345,0.984150913698017,0.82390832386081,0.0262827396111656,2.0128804777989,1.89138305716469,7.50040073624138,0.102853307009572,0.052859894088301,0.0731972300255487,0.048140126666322,0.53195353590486,0.486065196879068,43971163.8491954,373835670.377549,61457500.4980436
1.76362921180494e-07,71.1334021901231,4.05518813465295,0.0131345262585489,4.23614325827452e-06,0.000523993077525525,8.5758288998247,0.900808036938134,25.7026992355115,3.46418245292253,1.96988014773054,0.887157743243669,172.134592701213,7.94146568287648,10246.1926775348,0.300280636234719,0.0754884107446037,0.639981771528177,0.092649241937838,0.0428677152402067,0.529652762039709,0.368976383286146,0.134804594227406,0.947931758450375,0.60877653302095,5.37271882867243,0.837931740356483,0.925569016766277,0.152305475097251,3.2523139726112,0.90081397794199,3.78669125796054,0.0521632560168724,0.00951174994879013,0.0179138137826313,0.0052136680954776,0.900050945941886,0.817654213423458,18724557.1102971,262460531.784268,39758275.2135215
6.49198727854917e-08,80.923811113734,3.28436656132034,0.0124856524203492,1.86737765540627e-06,0.00242965805474008,2.59463690166698,0.672362686724954,56.8896368372817,3.57356587770838,2.46126731824732,0.523769681749723,134.696752279826,5.50296853634101,7654.90788859404,0.620055241818669,0.0774228014596084,0.465983422834057,0.147092983318249,0.0999246458944817,1.05016001196532,0.10114766543891,0.0564619567463775,0.569283293416419,0.701123700789229,13.5432710470467,0.906007449257897,0.274822471382041,0.161151556543142,1.48711908380036,2.32625913498031,6.84476634355081,0,0,0,0,NA,NA,0,0,0
6.17403728177259e-08,103.327876164168,4.40153089058386,0.0231587738914798,3.50497076060615e-06,0.000473085042081588,2.75903378075758,0.603866242566225,83.0038871086872,1.48231975062578,1.30102902715233,1.08143243738566,187.976784112422,4.25593686493884,11312.5639770812,0.410368873435767,0.0539111816945903,0.317246213468211,0.182489322148898,0.0469543644364462,0.640133137057452,0.188226456968269,0.11792912291429,0.81402836867546,0.599434098028313,8.259044651265,0.97093513921181,0.404893661176233,0.0411955695653491,4.42008168488985,1.07784025604604,4.2610842967476,0,0,0,0,NA,NA,0,0,0
1.57409907833223e-07,133.573959066525,3.69812238565858,0.014745949671821,3.69051140717579e-06,0.00166965643206436,3.74054480883817,0.95,42.3513127737498,2.55554744432251,1.32859242458123,1.03434187766668,215.88832484114,7.2677211356034,12470.1083652025,0.348998057454258,0.0880410335728479,0.523678078983905,0.144262856310624,0.0538044517193458,1.0790312910719,0.148059773772798,0.0552042694445362,0.780069853986992,0.507099912287796,9.51198954728262,0.907622222241104,0.522593441680317,0.0531486533187451,2.99589673356822,1.51317853266776,3.36428373246831,0.0763436231271425,0.0453996440129207,0.0535707253424226,0.0407239673771712,0.466570150733486,0.405325000919693,37396416.0135622,416704371.026409,71193006.0966418
1.20534837539663e-07,105.21294627881,3.20171916838648,0.059548877680733,8.41122837306109e-06,0.000583987698590354,2.65001638967903,0.831800063438402,36.5811322601496,1.60205491588429,1.11437131190493,0.539329427466694,162.575151862656,4.46701601010045,8951.85080096527,0.74535639787517,0.0737071800810545,0.755698187805735,0.221602284900429,0.0465378956589339,0.734540392102881,0.295586322257895,0.0377412760249312,0.947206273747444,0.497701391958678,6.22531109158828,0.991539335288409,0.42459857918126,0.190042401725503,1.50718345441282,0.635905803797154,7.38410421533358,0.103278016393537,0.0484146011117628,0.0611793984141643,0.0380659641717596,0.631422392673475,0.531220652735229,32086366.2462986,311491312.270691,33911143.8197975
8.32491869948163e-08,60.6780872152721,2.48591891865591,0.0156168976175594,1.17307892427257e-05,0.00213830259036012,5.29441610196022,0.64957919892101,60.8620869557393,2.00454123281787,2.56372298567202,0.585781596330109,164.411794636559,6.63428940334681,15192.5260659489,0.562987988104225,0.142200358787169,0.436387796704025,0.0882565088524893,0.0908845728600786,0.795051247009676,0.33874463297998,0.0450684308326381,0.61749448635457,0.628336860950156,5.57483616104082,0.910810494107591,0.794434444847729,0.0333423074646114,3.2744532176445,2.07432453213255,3.42852288764851,0.0780611151970166,0.00037560303450392,0.000254314039460615,9.8420403089812e-05,0.998739187842226,0.995188346546729,24762458.5989249,251838272.774035,112392.149436162
5.83414597211016e-08,146.295609794164,2.19130241800473,0.0133112056424975,6.73894401554545e-06,0.00239914223977972,9.70927712518176,0.629672031042917,55.7935186260244,2.45811857104771,0.990099713271305,1.13586256933825,120.884210026002,5.91289562605227,15110.979374766,0.33441828287548,0.0662474431559119,0.359839161773368,0.198324960379585,0.0874245734904688,0.533194530131647,0.279017315144261,0.100864911604889,0.724244354037541,0.550517131365669,10.6107379839689,0.906599592007924,0.500939630438912,0.0502920609388801,4.73600516925652,1.2796417059393,7.6263179371567,0.121530354952559,0.0643406958786246,0.0716924828350608,0.0249271718327928,0.794889335734078,0.470579215343025,68810896.7171969,757473736.891095,101955295.748229
1.09792271554825e-07,69.4334153321419,2.71115040388075,0.0533670632824234,2.09730409669183e-06,0.00108091872336736,2.92215034623596,0.919119881240316,28.9290779111326,2.32361430537659,2.64325758628082,1.27287577254222,196.790608100181,5.29444694571468,16214.4238645016,0.456988328470708,0.0654149492918143,0.359073612589809,0.084443870178272,0.038832063951324,0.520894826659552,0.119487579551238,0.076599494786808,0.426233395162499,0.763260437433942,9.41242759709549,0.987007039381941,0.272123123552395,0.0713853945628787,1.9918248821166,1.30471121366131,5.16630972474365,0.0853473035459749,0.016627865122436,0.0052120655271053,0.001665139423492,0.980489841455916,0.805174101212478,25024152.7719202,243856638.842285,2727657.23806224
1.04263710867387e-07,52.2647759847169,4.38141768947057,0.0585214498629012,2.99425068000551e-06,0.000454789735851207,4.89307772367209,0.691814969165399,68.3747176113755,1.52583806103004,1.48115453775171,0.977225198105381,160.479988897284,6.67805557086195,7234.01978021014,0.948219743493873,0.0521323175786845,0.340813380853142,0.132283175141574,0.0340222455362146,0.99190630334571,0.130273232046256,0.0393173463859648,0.542564969261442,0.884009860042123,4.86355326376674,0.919776223220045,0.301258114013425,0.153936159812828,2.46126097943549,1.94063585389688,3.84480134426995,0,0,0,0,NA,NA,0,0,0
1.13031483976884e-07,194.110498947225,3.32152807177262,0.0357887399268855,4.70385634742656e-06,0.000428404717446195,3.46362493203385,0.862689291638719,36.7104139228512,3.8113230867853,1.28144640111141,0.701191703465906,253.803625227958,7.07663462793218,19929.8348885439,0.883420760835725,0.0562756087741626,0.650397636875091,0.0892485117159104,0.0881913215861827,0.630558065989056,0.118245093491675,0.0429767907950671,0.513488849107983,0.663139451365504,14.6972917521414,0.907416363160283,0.322695713618268,0.18857117581277,3.87385276562386,1.23323784387292,5.31961362860007,0.111771841863562,0.0847233371060345,0.0949754302467913,0.0800789109459545,0.283550225076318,0.241997486187489,58777075.4293686,639535058.898885,95725699.9263101
9.84644224819402e-08,125.709003214631,2.44455038848992,0.0153229040790794,9.29360471047471e-06,0.000392946247126137,3.97814813489556,0.741903209274948,50.2592373913766,1.21514891946774,1.29083491444666,0.968066397482006,137.303357170629,4.41247470454113,16668.213550579,0.321666412594591,0.0599436782486128,0.529578876598803,0.270905545781421,0.0583728896594665,0.580747305366221,0.220729914237622,0.0444719572270529,0.700485868745072,0.908779373657725,12.575494095961,0.907862986136606,0.455100617580445,0.0337230243834556,2.5991464790611,1.31527419907272,3.55140076588182,0.115048185873848,0.0551097431996456,0.0848890193647375,0.0516128586374314,0.551380508563381,0.520985552435619,53602867.5148492,761136511.09167,75057715.7161432
1.19494363395217e-07,120.510202364366,2.2222640354756,0.0668671724214728,3.54939535046888e-06,0.00201715368157037,4.16283625494288,0.582372796572472,89.4093267684381,2.00244908523345,1.22694065176072,1.21512148736686,140.253862899329,6.41588170748242,13492.2466842937,0.365772947997896,0.090442111727276,0.363034886346857,0.173137392730402,0.0515057362429427,1.1453080208285,0.221551507496521,0.0623576103068663,0.82587293252266,0.629650535366816,6.72759054225695,0.84319645189225,0.650023622896936,0.0333800458305491,4.54936436698246,1.09050143035603,6.75274602022692,0.0964287470624741,0.0564356369962725,0.0753280022449457,0.052539721841018,0.455144617745799,0.414742608242031,50879573.6632249,399325995.598787,93388015.2134073
1.83470335877182e-07,79.3939026349185,4.30039321493596,0.0100422946088893,4.30752393140565e-06,0.000535035038342598,2.74315030525551,0.75295770329437,87.04387611268,3.17181040514879,2.19029737578478,0.515248667204701,307.376885015502,7.09164154360035,5549.75492278511,0.700494912426025,0.0570237618499903,0.519931328638911,0.275445696512779,0.0914113573078904,0.914027502854989,0.107092852861596,0.142715094060672,0.401185713422009,0.698628196434222,6.86601706189195,0.872114616384212,0.701475503314731,0.0298912613078148,4.59869560440908,1.62314503717605,5.02310585325461,0.103479029646226,0.0423125665978047,0.0639296874296515,0.0345976869036984,0.665655089519287,0.591100083345748,19760112.9873495,284834273.851365,39897337.5148838
1.74854919548864e-07,159.886900733531,2.80950983786797,0.0763283010706219,9.12171265501824e-06,0.000529797092641227,3.07613633040469,0.760736966604253,25.0945168244681,2.10772496775791,2.09065757041747,0.524899046247716,268.075400022218,5.71466646733045,9124.68624169858,0.295038903435775,0.0561894102569361,0.744240786962444,0.246501510385779,0.0769744259777029,1.1178000795722,0.169397852221205,0.129426159006699,0.410924021257027,0.559623164939735,7.3903704379297,0.952549544745202,0.321193064866865,0.261438810493758,1.2189818102423,2.15723370662067,4.88818564116915,0.0839104373381674,0.0664659241138804,0.0721903597697879,0.0635800802871594,0.242286391251599,0.207894438137462,51447561.6747054,373374109.325559,78818718.8996084
9.66247934215463e-08,64.1705695856807,3.81596640217817,0.0152105022019522,2.95158899117199e-06,0.000389268281641445,4.52443313309577,0.596179724058483,99.7651206419532,1.02214351897457,1.70258143880312,0.984519750331916,254.184415670694,5.44670186121416,17945.0455795634,0.919125834243893,0.156722521722653,0.311060138931063,0.152128969136264,0.0835043159221122,0.777383183643445,0.152030940514939,0.0716103552628625,0.579689395149708,0.611419083145076,5.92540602612417,0.952884318791104,0.339203634943706,0.0242607851609129,1.84857695218609,1.68841536407513,3.5780904033702,0,0,0,0,NA,NA,0,0,0
8.7171264491856e-08,62.1782228869403,2.44362269209614,0.0839070514994583,1.0342196652288e-05,0.00136552609983745,3.13190151045985,0.89262614664694,60.0367958954778,1.95876109530709,2.37643044945585,0.589725490620169,220.961882312686,4.13003902321012,11760.6959321005,0.358601668817177,0.0790571491436356,0.765954191374156,0.240032935772481,0.0290088257101062,0.895454246694305,0.198610213869055,0.083786273218608,0.467835745355476,0.866756844663987,6.83097028171541,0.929468790247043,0.318764924682524,0.0287805046593113,1.83799704840212,1.25943413173058,3.50804978835314,0.066061795943221,0.000158476082070449,0.000345506743068707,0.000149122972391682,0.997742674563073,0.997601093342866,22780610.1585843,187343471.305715,167406.01326001
9.03376214809682e-08,185.047777682013,4.42627563544829,0.0233450635079649,5.11671438105973e-06,0.000336849436430225,8.90362472995704,0.786340202087708,26.0933932940786,2.75293143533965,2.07627233358969,1.24585413222464,139.650655496846,4.74389602086897,6519.93099773297,0.345028704434387,0.0674840438673274,0.661209044611172,0.106812355010591,0.0263358650713716,0.531127552060638,0.114636671295748,0.0485667406238898,0.847252831444942,0.720509301590529,5.3008008860956,0.995717669317835,0.250503083582609,0.235375528685561,1.61260154616846,1.16425950381044,3.99206298677987,0.0843729853713362,0.0257680676332826,0.0372579247125278,0.0202151859836214,0.760406889780516,0.69459338768358,43498385.7147929,578822202.613895,53340691.0492081
1.68943154588032e-07,66.0384604393885,2.96529259212626,0.0171625370429917,2.63660417771471e-06,0.00102118489739242,3.01235804350746,0.72599577478285,48.5727791135304,1.58646308448089,1.74795096901505,0.512436038991973,200.245529003703,7.31992558457557,8747.996890775,0.413494193066363,0.0598095309634768,0.409072502039817,0.201825437631262,0.029628730380194,0.750194079170545,0.115360809272107,0.129907218397334,0.570495704796593,0.740734815910733,7.90328936666677,0.862919219856226,0.302159050331547,0.123271873078334,3.58766602288474,1.60833069266206,4.35105661903387,0.0935768122992421,0.0262875415927347,0.0495649536966377,0.0204435297748432,0.781532098897872,0.719080603978347,23271970.009231,294593353.278489,36109459.080831
6.16551527608935e-08,55.3432735067047,3.14069316598962,0.0821350728792751,5.19065272963108e-06,0.00116154523875989,4.30469975664356,0.635234511484242,31.1519888711919,1.39224014132246,1.05174013022796,1.21211818602512,234.834174133662,7.80621335289178,13258.9292359775,0.800446068390768,0.162546348157298,0.617564302757955,0.289397341655176,0.0415956274666157,1.15773104044355,0.209619477638559,0.0495582438991774,0.668848001788685,0.63175797232148,9.11511373029666,0.955277934453605,0.389494383616426,0.0873574758945563,2.54308058077987,1.64193736761943,7.11845326684315,0,0,0,0,NA,NA,0,0,0
1.06600860657581e-07,117.71060365905,2.62462920329505,0.0105296846073865,2.6915487256868e-06,0.00246772159085656,6.38378275647429,0.887281540390819,96.947325723007,3.9338539391714,0.893684414205263,0.661382391836249,199.432903651204,6.68098727538372,19313.403145827,0.943622080905897,0.0837895410459617,0.369472844541498,0.164217695656953,0.0783550310770478,0.952148943764433,0.327712063803235,0.0986574284680721,0.944446181677921,0.800491564049484,7.052889869174,0.876202126578157,0.727294687689135,0.0315596309011672,3.09836152779237,0.899852371389616,6.13958319124478,0.121610724029174,0.0709693780912475,0.0976300651655852,0.065394029501728,0.462267575300017,0.416421712330054,46475240.0265876,514777406.32111,67807341.7106298
1.48601327538931e-07,127.528454487266,3.23784665049116,0.0527483126284179,3.31194606332343e-06,0.000493706782766337,4.01948934579723,0.667773821857809,58.0901782058137,2.36927338950528,2.85319320130391,1.04767364421068,186.052615377873,5.74519913476959,11682.598507077,0.573086344995313,0.137199714726296,0.474039267097217,0.108795400383199,0.0260251316228995,0.657213508793821,0.373811987113907,0.0711496346507453,0.66242883410112,0.522214781424462,10.4439420791558,0.953494206929639,0.344631918568567,0.125738416534181,1.85675658037355,1.72917481112789,5.15264939065694,0.10068464226417,0.0654537692444621,0.077796308382843,0.0597451495329542,0.406611095898832,0.34991307738147,38687869.1570999,364398888.907606,62237588.6964873
9.22605971828979e-08,110.575198369105,4.44389783615303,0.0210262505778112,1.02575302144208e-05,0.000997977802102579,8.96616598557409,0.841283570621234,93.1639474930512,1.56421338119928,0.865085861486674,0.896781106985127,222.122655265361,7.24834621519053,12243.1273367577,0.445439507010693,0.0558829976335941,0.556662470654386,0.0891631384569362,0.089234792518561,0.812604692573955,0.349931793194103,0.0727102673551273,0.705909809520419,0.680355645201758,10.8704552775196,0.941245027941023,0.539748981000681,0.249935267593334,4.32719069673732,1.14009434051216,3.02900039226431,0.0664730081493057,0.0122094048904224,0.0017503376848615,0.000527262896277453,0.992068015109333,0.81632537430834,26097123.0004534,312013688.006675,1247763.88353345
8.04209607459067e-08,87.94962304675,4.26114446840106,0.0124365002139455,2.66911494650934e-06,0.00175085435664539,9.10702837007417,0.618155206284304,28.6564321278422,3.02488453390773,0.923062962143202,0.558296153459095,174.652884513058,5.60747818999075,7444.31854349136,0.28788541262252,0.140298625650219,0.479885415023666,0.225473490712947,0.0378725115384695,0.705995423185735,0.24915526842962,0.106966463946015,0.523764375434666,0.876261171998609,9.94688415751757,0.941486828594702,0.426005013860929,0.0399009113467914,2.3819420477891,2.04300342226977,3.63400426677475,0,0,0,0,NA,NA,0,0,0
7.14439912474245e-08,137.286348945351,2.12533694414073,0.0803437000426385,5.27794151544699e-06,0.000565276527808936,4.94182234653754,0.634032406598099,77.8630110981278,2.38247431629604,2.11932528622454,0.757204565293716,160.810004389444,7.84254760972095,19261.7342656761,0.41260291946491,0.0534680224912173,0.59841715826329,0.191129052456226,0.0339705156309151,0.821431618689162,0.248792215368081,0.0597383639594595,0.896076641136648,0.677011524973339,14.1477567345698,0.974996171372686,0.913129764432697,0.266800285823785,3.11765351823283,0.77487337916997,4.1761120421645,0.102936666996621,0.0338553343457086,0.0534066303099883,0.0247755337344637,0.759312842961227,0.67110520154281,59943637.0380501,527538754.062414,52051654.3578031
1.22526188354809e-07,164.401233007657,2.79190606001956,0.0374184928889521,1.35820741176629e-05,0.000909089325808912,4.17987640403823,0.645967594211201,41.9739952556526,3.74667667763817,2.77845949212521,1.15045940151337,222.272147025334,5.11340864510776,5729.57057401518,0.53838886520682,0.179559411885774,0.643189817543722,0.196375939387276,0.0754716650068586,0.523269324885996,0.137544735892111,0.046714533488186,0.415913405679573,0.514017760640367,4.52319736123378,0.912292130155813,0.658688374669972,0.0433723708957205,1.21631016093602,2.29201181839669,4.21622481839202,0.118710168713953,0.095674992784725,0.106649583226293,0.0911917414654596,0.231811878852624,0.19404551588781,58527785.3024114,589192803.947881,133788420.183937
6.12877219843692e-08,58.4949532797886,2.90408287813395,0.0857203803032935,2.0593896660651e-06,0.00117522145959928,6.40650290675943,0.805406978728772,93.6542626800144,2.30521215336723,2.55190301677332,0.581512800183363,311.728153817995,5.58931746247645,18337.7844812215,0.709263327541364,0.134959795100694,0.398883867840402,0.128442609254582,0.0601412554157861,0.562230598045835,0.258617736118628,0.0378235235041604,0.698549268714461,0.512012488189494,4.16834919602898,0.893111845632194,0.439069680053312,0.162258475811316,1.39451933619142,2.24098915339828,3.30494911890431,0,0,0,0,NA,NA,0,0,0
1.4662718991541e-07,98.0266015583207,3.57075594406157,0.0335796433156894,1.72678368972267e-06,0.0019494282241111,3.05031945075109,0.930595232368528,68.5626943970794,3.29567263768894,1.45002694366519,1.17247816311449,174.961015113777,6.97158749619494,13452.5741367256,0.644876290195015,0.0716074203621962,0.557939682851892,0.165273102697507,0.025800149084999,0.768380293828519,0.205043598979894,0.111508993781867,0.494066259951479,0.517443124500195,10.3648358547315,0.992823391200668,0.752391837702077,0.0255591273392458,2.52929238535543,2.26847461884424,4.27871377276924,0.0972108828128403,0.0460376849460186,0.0602325078281429,0.0376289365723169,0.612914362224611,0.526414290109322,27808165.4123496,273737768.339283,41664459.5623542
6.74214488174379e-08,58.7365473914067,4.23093442157933,0.0641969665731118,8.62028826710596e-06,0.000371549084277018,5.19778331094749,0.852912344833457,53.4542956993762,2.44374435117859,0.804711845578593,0.903817817948777,160.167212900881,4.2830988700806,16190.4914525343,0.62270685769461,0.199101412331771,0.713595208443407,0.232665823564595,0.0364093721955018,0.499791847668623,0.302656559517571,0.0386294785140812,0.610990824959875,0.556454887107387,11.1184891591263,0.877451032909238,0.488551292892047,0.199668007438557,1.22117248790779,1.65070021088132,3.18026111721504,0,0,0,0,NA,NA,0,0,0
8.48035106994987e-08,84.4317676922028,2.17265810985276,0.0744548819071279,1.21137962007203e-05,0.00118823547163363,6.29877294631585,0.701317189739782,25.5078104533571,1.50638333494274,1.59766422628164,0.786820389945582,307.071081685109,6.03671346764135,5026.50391936564,0.943207921055102,0.13932253355994,0.508486809860151,0.294926362779158,0.0812798379158895,0.544975907727851,0.302115165277345,0.0660860764471579,0.865321422515473,0.610874317016117,15.723907475498,0.975672019450277,0.294263775130816,0.24722694097161,2.3914629753815,0.76031628190517,6.20315595637085,0.125158540465203,0.0699368951673996,0.0363269181012094,0.0126135048612672,0.899219783049691,0.441213560757018,36210432.9773588,314452610.860543,5844557.2035944
1.57240406119531e-07,99.0378237539722,3.66239526916713,0.0490327873097246,8.96628531748634e-06,0.00049564246190163,4.69461545912587,0.82892104560932,36.6287455169506,3.17393083402416,0.884112248638017,0.99553665699105,200.168530934607,7.27333396071769,8641.69978278813,0.767607133238055,0.105243118159971,0.313334416344088,0.289965656460765,0.0670842643448948,1.18228536983586,0.159048472683154,0.0414200410174962,0.562312221629939,0.630762152499548,12.3425407566619,0.955814248589957,0.369839227949845,0.0679065058093356,3.73146470944675,2.04989896399661,3.38920397563729,0.115115799980764,0.0713257126839851,0.0865349720509098,0.062691787060483,0.455402411563322,0.380400321277325,26948981.4764037,276661735.726617,39309486.781138
7.23109751662004e-08,52.8472039461996,2.57885135938965,0.0214897851173131,1.99142883782861e-06,0.00129035938235149,4.19386468521557,0.729117781376947,49.4790308622599,1.02444607951269,1.42995452703166,0.550354354417755,134.925884046627,6.39978572202582,5018.58502480112,0.650972147777826,0.123214614615614,0.365878397147129,0.140236122378886,0.0585722576714254,0.878725956919239,0.329916145385517,0.105788569839215,0.447180309891499,0.896990107977753,6.95373087190187,0.920823906006816,0.859946032975367,0.0340024428317284,1.86204202988045,0.761682858989657,4.30377026769309,0,0,0,0,NA,NA,0,0,0
6.11799989773699e-08,71.462320330295,4.38385210545801,0.0270308419737535,2.54047831949608e-06,0.00107427966441963,5.97230752463217,0.673299571750848,65.7150061215727,1.38981624757287,2.84735983514533,0.904768105807555,152.3295072525,5.82600827602637,11456.5458520908,0.38393722669339,0.115056993990861,0.610360867999682,0.14261437784092,0.0354236470960736,1.20883658348855,0.160095098811174,0.0557666186457469,0.658688951897184,0.549164952335897,5.90858488320256,0.976163378877129,0.57004123061658,0.208699080972569,1.49338813532016,2.33772391953552,3.69216432533086,0,0,0,0,NA,NA,0,0,0
1.12150373009193e-07,74.4672234881493,2.14161771209031,0.0655856291934634,1.06821759742879e-05,0.000396513283880834,8.71360785317162,0.787174996639323,59.4965191440942,1.34813224742925,1.59509327133803,0.86347922043097,214.910640859151,7.19702676611949,5176.70517176166,0.833150062239869,0.0544630474819365,0.778104082525529,0.203883955921552,0.0328128338140701,0.625762603497845,0.196860022469846,0.0861647509109882,0.431779313084932,0.799789121348497,10.2026669321458,0.860368085198744,0.969216774274148,0.0427366297490163,2.57443748868065,0.698542501820299,5.0323023439629,0.109529207645135,0.0301672273696077,0.0619586707268321,0.0216418553905927,0.802410189429012,0.724573672920681,33199231.5533129,324619098.331587,29821515.4310991
1.67719466823419e-07,199.458342030839,2.10155623599252,0.0452225079756143,9.21315872991224e-06,0.00081461168047717,3.55664828805102,0.631552697086455,50.8508336424961,1.98065351190811,1.58781613850952,0.939046633465117,283.194234970596,3.9510205814012,9068.2080794107,0.824890094759627,0.170180006435504,0.326710928566788,0.185094012826561,0.0648757773648555,0.823990994654319,0.373006857991025,0.107275000649605,0.80599912117855,0.802451713292763,8.50803726257623,0.890972139185275,0.94518940923285,0.0929036907589837,1.58119805134888,2.12255266749824,4.25084582357906,0.131486779121421,0.12204659071499,0.127990005212446,0.120989739929626,0.0798334194657093,0.071795723262134,88619308.3531299,797017735.060855,157100316.41992
5.6321820033601e-08,150.022934902644,2.84325972150863,0.0720224879061639,8.22931244659036e-06,0.00144848938886176,2.56094073000664,0.751946594037791,94.9044943712382,2.26725168909254,2.03539921531213,1.12472363550026,202.869522356208,4.70435441643341,9231.04263576708,0.555830890307307,0.0526775414126382,0.4928330871584,0.108001484191838,0.0580979530434855,0.534587500118267,0.298610098625006,0.082895530595148,0.53559892597264,0.851174047651221,5.06378465464952,0.914655038446446,0.758899667961218,0.227834346911018,3.33604400030635,0.675143512148021,5.51975730705302,0.107871182422787,0.0185027056084141,0.0347750976323773,0.0029464700021356,0.972685290584956,0.828474063296209,49816501.0496156,424802373.052749,4223493.76630826
9.05679660920855e-08,59.8267246372303,2.90252478875393,0.0338202696082875,7.68328581118747e-06,0.000373025562387553,3.7954431097083,0.888674787053325,39.7275911617498,3.34336463883967,2.39218634754626,0.705719030485561,221.889529487067,4.28761410963827,15632.2896503435,0.394951535926185,0.0513196603478176,0.321200582111217,0.215647388612186,0.0265884961989614,0.633828909856652,0.214950292939363,0.0912553130402807,0.650853542482977,0.759380081092374,7.39965292949389,0.980915023013394,0.734427917885796,0.0394846809219455,3.13628642692608,2.25458497139881,3.62354644711579,0.0987081537957615,0.000125496521813287,0.000286925229451527,0.000119806414320579,0.998786256152977,0.998728610383363,20860284.0189079,225437758.198042,45650.0551723235
1.21781378530206e-07,132.398511495216,3.18946156857459,0.0391023251974908,6.30496182217731e-06,0.000537546180203835,3.32802153903117,0.642284939822371,91.498532081669,1.8388560456641,2.58288424408192,0.752456837984708,191.024648100738,4.04823741175721,9761.40328788871,0.27405408454438,0.0814682596102459,0.779146878488942,0.285848031665119,0.0366549885339813,0.648393949334665,0.149568513198334,0.0575226866854119,0.677963794944292,0.671686449294676,8.24458944866078,0.906473384216752,0.61353598386098,0.025420842902146,3.61067630957074,1.27824809140923,7.86738800314406,0.0917886526922387,0.0508660311250176,0.0652038308591846,0.0462282548174342,0.496361985261571,0.445835300627322,41779306.2428642,457753276.829192,70429720.6049056
1.41404130288379e-07,166.780783837116,3.10061362146825,0.0113573326824777,3.89851499791049e-06,0.00200435102803291,2.6976316990357,0.872005715533132,64.166440450127,3.1576300525505,1.43323328846808,0.524699705782148,121.926483867347,5.80304585969935,5108.71188862928,0.567151520968509,0.0915346477557759,0.445512876478546,0.171793915547836,0.0304509821289005,0.847644742656508,0.197179163962604,0.0477924213005785,0.717419089914692,0.496047573381825,9.22486882986777,0.932220534215454,0.691098112495558,0.0256541823888137,1.76559623078594,1.04961429543298,3.09881904257977,0.115622231253673,0.0929058900480735,0.101278778222729,0.0871620756167648,0.246147780823111,0.196470358332389,55424618.0855343,596019509.818022,103013278.397391
1.44920476967633e-07,65.8140344213429,3.85567229757211,0.0119401913738884,1.31895461610732e-05,0.00248285318013518,3.90744823055692,0.813953856325638,33.3662364960014,3.76902772527702,1.059579256258,0.776802597715508,163.751064401098,5.6401827728166,8210.45711276316,0.694470279927073,0.178263737089989,0.489732007113983,0.0956680117624437,0.0847559614010195,0.613663298671186,0.171285410054026,0.0402720475211242,0.613901152089547,0.841650311085439,4.63670750116049,0.88093252967463,0.443491494522887,0.0451999413522776,3.88993955094462,1.08495320962834,5.07318370179797,0.0797346971859455,0.00922942546276513,0.0322457147053267,0.00187779392750065,0.976449475651465,0.884248316122132,17848465.8972333,190089219.010519,2808303.09558698
7.45122637288531e-08,146.800100924876,2.46776792901116,0.0137710949169629,2.35118037756705e-06,0.000349337267873463,3.7875427730835,0.638834275661888,56.0016970035778,2.02941703516949,1.42884112060349,0.614877712668569,318.141777580469,4.21437131727169,13699.8200969532,0.419051450169315,0.100036311493628,0.748252610099043,0.0952061152808957,0.0724212269770314,0.781473271343416,0.160581948964888,0.0427861275849172,0.917555945201461,0.75434451530574,6.11239150844061,0.892081363755399,0.45494144884355,0.0251389432893422,3.86486470160943,2.30202846505778,4.17365988089121,0.0869770085617894,0.0236768137611925,0.0450738715851829,0.0188762988877572,0.782973693854425,0.727780776176359,62591476.3223405,906706476.691063,107653549.085835
6.6389324391092e-08,62.468731667946,2.34828266967264,0.0228776283736828,2.81893278429814e-06,0.00112187723505009,9.87388071352681,0.686299730589088,34.9337415499383,1.33427882594366,0.802197970155363,1.13501398959727,266.153478867643,4.52945099838615,5714.82209800996,0.588642120032906,0.05019730544208,0.300893066774294,0.287536459379971,0.0552286786491401,0.654263484107342,0.172834320161717,0.104180108051148,0.872690946838693,0.502356987793293,11.7756997843435,0.892577251718587,0.303461105008085,0.0362763834211117,1.26060177874954,1.34691215796042,7.94147676292804,0,0,0,0,NA,NA,0,0,0
1.28810568285636e-07,113.742155701452,2.95897206020048,0.0192382526708423,2.1409305282392e-06,0.00244471570708583,7.82874144990874,0.755156001230646,83.4477194376273,1.13002953924748,2.95858750131407,0.703100615964236,216.722528041025,6.88972985609543,18125.5450381071,0.633565412033035,0.100354218782752,0.371355129994301,0.0850934849313682,0.0514289491021178,0.688711882097207,0.199647828423655,0.149150912697513,0.837192928613525,0.781002716624378,9.8125486787996,0.867641003068345,0.314940450863861,0.209241279603356,2.91687652336908,0.940482053091363,6.12242397028858,0.1017274469051,0.0476913320444132,0.0717037875127254,0.043594403052212,0.571458791324229,0.531185206201984,39358785.8517443,403174357.940677,59991404.2833789
5.22023167450405e-08,151.736267769993,2.47873843661215,0.0411817105584762,1.46143263357461e-05,0.000841479392229346,5.90423204746509,0.744680395983844,50.9164698702522,1.19329494192567,1.24562192443755,0.876394939269416,142.043728141961,6.57621762312921,14828.6746489326,0.758608798458508,0.0903208787217344,0.540700281435918,0.108320567724936,0.0311436579701427,0.608122729830603,0.33074008689513,0.12574579372992,0.539031222862435,0.798171907161147,13.1068939063592,0.857775010676037,0.269177364429274,0.271344002702641,3.6958025694083,1.19804848494342,3.76486948307808,0.117363356060485,0.0363048650306778,0.0776363423058561,0.00586530935821605,0.950024355513545,0.690662688514398,61272984.0027679,664016844.701401,9882843.40871411
1.23914633782233e-07,79.5400632574878,2.15661575348191,0.0361973954746378,6.13059978752705e-06,0.000813488933789814,3.17619487808681,0.919493424183501,27.5476280650198,1.07313375457691,0.955930013342015,0.681783700963415,121.864598302309,6.62127019471568,6384.60417896829,0.522675931894894,0.111671791044823,0.417812520771162,0.108207032924006,0.045825100285369,0.723240029881537,0.288745906903775,0.102631427832821,0.646255651134634,0.628599094030568,4.86026716462839,0.836756701155303,0.335623315463321,0.261231657140001,1.81956530188552,0.677610470912556,5.06243519281274,0.0984237973639172,0.0327431493681047,0.0591527588138331,0.0248729712465338,0.747287018864277,0.667324872184737,36836908.5747994,418053583.860145,58215310.494471
1.04993381139907e-07,128.084464906511,4.15452637792969,0.064230385814952,1.69477623071369e-06,0.00146821276528531,3.48509317127021,0.943983464983291,26.9448124175744,3.37647926558802,2.93525327022302,0.971930295725577,234.675530878016,4.96096033216787,5347.25873161149,0.584235140441489,0.0588437951292457,0.669730806064403,0.244239054229473,0.0435584586558803,1.07206947307654,0.122756781931766,0.0608702461872276,0.400397799245604,0.595034250386379,15.0942214279578,0.870189021309246,0.962483717548886,0.0950516096324407,4.62318236351172,0.60679690823281,3.55624448251503,0.0913364496169161,0.0273425015053233,0.0428147258907954,0.0186479437487127,0.795832399584985,0.700639759701593,29856326.8937889,261409118.065802,33283008.6581447
1.38370175593386e-07,124.558737324527,4.41596331390512,0.0175126499813303,1.29165015731784e-05,0.00186010436013336,3.7080445287285,0.797347122605868,88.3507973829947,1.54121834524477,1.35192171268255,0.74055071965486,296.939757295444,6.73584335699664,12258.8552933293,0.511348542386299,0.126766573563133,0.61240074484857,0.291708583038349,0.0626509768519068,0.490449998591195,0.136137159445585,0.147916275295263,0.43478607391324,0.683391450058738,4.00469021100163,0.947036044647092,0.520500328331006,0.103642456949997,1.26525708558398,1.80769472470462,3.09390650546824,0.112362931912713,0.0619207375846364,0.0825272941788974,0.0549615789018495,0.510856668064295,0.448922019650234,29362378.4329089,326780758.592161,46929908.6105729
6.29547853038462e-08,84.6759042813293,4.44018898854171,0.0171170165629917,1.30160130048769e-05,0.00229396069530844,2.8940928632065,0.618623821560003,33.8492326581357,1.16901993681812,2.96709127553521,0.536164295680744,176.049367388527,6.3832793537673,16940.220616184,0.338112494015124,0.168718209779734,0.616172760045882,0.242695443760591,0.0735520971821358,0.67715198577471,0.143598269889369,0.0394199870613739,0.897068540416854,0.815059328954496,8.09816850067999,0.915233662351911,0.505934717545526,0.0327381854758942,1.95745944526073,0.625273285773987,3.53685775285843,0,0,0,0,NA,NA,0,0,0
1.92853763897997e-07,119.259291635579,3.64949150677196,0.0101493612711058,4.02930346297829e-06,0.00133324290912355,6.00585506549202,0.609767399189247,77.3913079232115,3.42124573007442,1.40422246829537,0.952646946200119,165.755676893334,5.85338518282096,11842.8296114459,0.346507747486666,0.0619021176237224,0.334057763194374,0.198107398457743,0.0832161527550234,0.664651616789871,0.256304744847801,0.0378853477168567,0.380995163314989,0.597857727386136,5.11643244628779,0.898123289369806,0.555654398614522,0.086274507483262,2.19636421619693,1.10472213138877,4.34210158541842,0.109593606618213,0.074027320650441,0.088444731624413,0.0684629101897566,0.37530196968279,0.324528839457512,34058620.3621882,409904989.987614,64146182.8350072
9.35768883468137e-08,61.1023200699792,2.49622397693979,0.0353797981904967,1.00661500528192e-05,0.00159916537088081,4.99645581875923,0.624782137842388,38.5205934558864,1.76432891208863,1.02902798177094,0.871258825163097,230.704016159526,6.65934377630149,11374.8255252849,0.83998621576036,0.125169317521933,0.369063899282765,0.132934639578455,0.0365174126381443,0.5979458041548,0.220073672700758,0.077265076943742,0.676274451226951,0.660854220164737,4.47834105211782,0.97106467008003,0.393641018705038,0.0757545933085954,1.59841428195266,2.01769419148317,6.29938344387234,0.109222507396257,0.0342378461186953,0.00194338707218073,0.000605561570584342,0.9944557071155,0.686531220213789,24249930.7101604,244721201.713434,374696.342535276
5.51940148048374e-08,65.7377204935663,3.69330556809577,0.0575925571558969,4.35717182777257e-06,0.00278569374241776,4.65536695496729,0.594339720687462,64.4580721713065,2.29155813048482,1.86391678137391,0.890650207120585,303.035352202134,5.40187316223754,10532.3409224882,0.38710611394325,0.0725349708169338,0.57817976598084,0.281821557791909,0.0261769251334538,1.03139456253745,0.261346219355044,0.0776147840384307,0.665095912203778,0.672752032454219,5.24071546672332,0.942319063660901,0.572427859511124,0.151393664082019,3.8428787845504,1.16082837470533,7.39813328257586,0,0,0,0,NA,NA,0,0,0
6.2893446815809e-08,178.203445528344,3.52874065211296,0.0814469176941264,3.68125464799591e-06,0.00141651027308768,4.70454108116158,0.862962043726684,36.4647441107082,1.36780061349488,2.97240515022613,0.750070841757179,263.610388868924,7.64190520174262,16733.556678656,0.728814520300908,0.145478290295873,0.798183860616167,0.196724354010005,0.0741272368345226,0.638045325448487,0.289621028898127,0.136641300125446,0.452813291312901,0.905184832922958,9.12895793189688,0.988264647675867,0.791795199762289,0.0777113112567614,4.08370889764783,0.648325761888211,7.08120979939446,0.111808538272561,0.0188403468790321,0.0289874349560885,0.0121962410202571,0.890918518310956,0.831494560521808,47500857.6446877,385187573.900696,10832380.1094062
1.58584892760434e-07,57.7255987688016,3.52394992987646,0.0151315374284155,3.76109696430257e-06,0.00112671689220555,3.02701855614517,0.777713682148657,52.8016563555479,1.01218904543438,0.999531125192046,0.709931069041611,167.0509199501,4.46154224088589,6307.380101012,0.310017022745496,0.127350274879623,0.524753931492823,0.196088525307516,0.0577341759246053,0.617964410940794,0.151447751325148,0.0920704353220431,0.882674487677477,0.58344623912,7.55596819750567,0.951746712511593,0.476984972978698,0.0576850865413782,2.35503028126682,1.54073389027549,4.52081083049141,0.0702081208143556,0.0156608845925236,0.0420121646610931,0.00264115161399471,0.962381109430653,0.776936280150068,17346600.6553885,215012337.448979,12405461.9516155
1.01973845855641e-07,60.5568741771118,3.19666757992144,0.0615415203396022,1.91321642215651e-06,0.000932966893779456,7.62346718631756,0.869131575360258,62.4007842407836,3.15062870320716,2.10113453332082,0.812854413343735,281.828306790794,4.05769370654015,5707.74193558018,0.421468252941161,0.0693026601890241,0.56691126946822,0.0989270302356404,0.0591820903681581,0.498981219780226,0.15124224685995,0.148425141998514,0.429332484930253,0.830836103536032,7.14486885658805,0.95459888622612,0.296134309379262,0.18476681329209,1.64909670523773,1.68002326629349,5.99646340023892,0.0633589514636222,7.35659346451943e-05,0.000164755024736751,6.97773340000528e-05,0.998898698094142,0.998838902271174,17840961.5900836,166548455.997957,70951.7300239953
1.5710717450368e-07,88.6104184952823,3.82789769883115,0.0337479289406185,1.19242748471868e-05,0.00295936659343628,6.06752546368715,0.894045397598548,40.6798621931912,2.23021302496302,1.02388316916414,0.635986925305664,136.094358653961,7.20873405076945,8345.2768178573,0.516099211617102,0.098076129116446,0.443657144409665,0.193155021626207,0.0556008941176529,0.740781172309,0.20042165671423,0.120106136262609,0.571424487604103,0.671149122768277,12.2672879376492,0.918931623086991,0.713365407090509,0.0668432875126615,1.42371414034033,0.695838044802151,5.16152335580023,0.094348815378708,0.0334835682533034,0.0540359651010117,0.0273236292864273,0.710397749280131,0.645108758187336,23220762.3190242,209873619.668298,29433640.8054348
8.25623989282922e-08,51.3338154856116,3.35295837652969,0.0100779649036514,2.63169113666777e-06,0.00223466486402474,3.72532920640964,0.806863199128886,35.5800385295315,1.80090054563311,0.903579092063929,0.731146885530876,173.807302669176,7.50210604676285,11995.4818178163,0.765771496119504,0.0652397203062007,0.542619584688804,0.229935652239475,0.0480465430057622,0.691666399833346,0.314007609832119,0.106507453046042,0.53040337190526,0.676190318558784,13.1529457222401,0.991948780574269,0.633467148133487,0.0417175071744559,1.75228883343168,0.850174887337442,4.97646596854206,0,0,0,0,NA,NA,0,0,0
8.69979752645213e-08,120.760750203945,2.88086266570234,0.0179955604205893,8.83349458862479e-06,0.000508085507854063,5.11308217808585,0.58376419463547,33.7201384554104,1.99746177560339,1.82539701086919,1.01399331802928,176.144278253384,4.14006845478154,11338.901745877,0.616850811000165,0.116703596272568,0.43923245852284,0.162053079404569,0.0779595189468076,0.684128980051878,0.152438754139442,0.087125395943321,0.568917924362097,0.694570500521399,4.4737570681605,0.938571710645743,0.715702336495463,0.0203925152968747,2.16336242914528,1.41395172204262,3.01880900696292,0.11614786878449,0.0443829368108506,0.0817905368061309,0.025590796144412,0.779670549169565,0.617875581572639,44008350.8419945,596280617.676346,81003821.9344282
5.20079201503385e-08,54.382449949796,3.22710540811361,0.0147860446013945,1.84073146213765e-06,0.000656513949490017,3.89769468018328,0.870648602907312,63.7949984882328,1.50012529779681,1.09606618669482,1.11650590913124,266.617396944716,4.72637156547385,7534.63428304463,0.501457797672834,0.188296202653939,0.682401443807703,0.092270418225288,0.0360172619952462,0.97773473807388,0.109120265298388,0.0803261325597403,0.365875205587242,0.507564683107685,9.15688231868885,0.978817711559631,0.304640277068151,0.0575174409540287,4.0027942094182,0.906986275644132,5.59104723673083,0,0,0,0,NA,NA,0,0,0
1.68818327774091e-07,61.7037132548177,3.45201129483183,0.0356057090435544,4.19717474603137e-06,0.0014769815056208,3.77105434911307,0.730327880664142,98.1196980714102,1.74574673655924,1.19592175774042,0.707925395193255,228.071181286931,7.52698571997315,15986.1642486586,0.997143649111253,0.138306253662424,0.335121368054079,0.11661390140788,0.0824372867692552,0.619503127042676,0.389383608723449,0.132034993484739,0.751077227218751,0.799196550880647,8.15942869990276,0.960015952187467,0.2713901559197,0.0442292713864074,1.65256429524911,2.32134889181787,3.66108414396056,0.10584495684004,0.025030488552604,0.078072095424777,0.0126325419821004,0.880650506559405,0.763517419252845,18087938.0499385,187872199.156541,12258732.7842233
1.80574271329531e-07,92.8844721143407,2.68648353566605,0.0667014222083522,6.38455523458403e-06,0.00189125612712003,5.21218311600897,0.907499600478706,61.7722578478414,2.28230824754205,1.41102100020347,0.879001708699271,178.949848339446,4.47149431840104,13235.7037554441,0.380498301136492,0.0884082366300739,0.696889345286108,0.110134276477041,0.0263085028597734,0.585240145652445,0.183132790070881,0.0911422845582213,0.68648434493999,0.526104748048091,11.1896017640674,0.91856310566989,0.747921234588373,0.0456917422300499,1.60616169138529,0.807155901735935,6.92924066276796,0.0703349193433917,0.0399743024787562,0.0506299437655596,0.0368528499686062,0.476037645132117,0.431657804516811,32890295.3263781,247299212.70235,56158351.9101534
9.91022049623257e-08,52.6470861851118,4.24705972580065,0.0408673908867528,6.61865414537773e-06,0.000908389685271476,4.92186210507763,0.757986170204462,55.9408187237366,2.74272190595635,1.77325037037391,0.707801063159799,192.154529373158,7.13913456374891,19909.2156891548,0.425138895486803,0.109603344159314,0.349406487089003,0.0947975890315815,0.0269578774986361,1.24205695224647,0.110736179386738,0.103723671263259,0.392048861407896,0.501041851014258,9.14374290613941,0.987260840530443,0.58598113015311,0.0402347826824002,3.62010112358909,0.651822704451516,4.06299295499282,0,0,0,0,NA,NA,0,0,0
1.0460315683391e-07,64.4015520107515,3.21440158277499,0.0376232183709819,1.81726393271065e-06,0.000641730293435464,3.89110101082168,0.763024214980343,84.8451219578419,3.10468675755274,2.43640773064594,0.559911906820908,156.069155619192,3.91035154063934,19683.0835310219,0.310453008870065,0.141891254158412,0.795672467132104,0.0750736295357991,0.0384000420477472,0.76896980394175,0.108376944244272,0.0461980119489576,0.879618407308222,0.555762705141587,9.8817231670766,0.882856767807007,0.292338351433451,0.0213364582054805,1.28698831610928,0.786872809792695,7.62099408138734,0.0311172616302102,0.00520584067097274,0.000175442604973809,6.18573593876375e-05,0.998012120728272,0.832702480930435,20277666.0105249,223235694.436262,299477.226487776
1.14401298794919e-07,62.9282981525439,4.09598718085326,0.0556103384668446,5.00773532681548e-06,0.00114291771877602,4.44819797892236,0.613199619753421,42.6098109539829,2.15722713708459,0.870792486285649,0.95867380169288,207.901411834915,7.88156300130048,19633.7708800559,0.329028151022707,0.0620562428003887,0.400954958174073,0.146020920903733,0.0910519381929228,1.18884116768855,0.246510827477368,0.0927690036574224,0.682609117651027,0.714187853472363,6.23469226596313,0.871912941437904,0.973678099431534,0.167722021936137,1.74507370613861,1.67543937646206,4.22622452708853,0.0452985623480947,3.81863247763134e-05,8.1600550254412e-05,3.70197708220861e-05,0.999182760579958,0.99915700801975,14430633.7591892,132319517.474275,32857.6318136467
7.48648845018728e-08,50.5111855103315,3.78278352847182,0.0133032325478551,4.26403071841102e-06,0.000538674192774481,3.45561238287215,0.830320148738874,92.5623887783701,2.23797266533516,2.08845676268731,0.838943857300667,169.244745124083,6.62531704676314,6956.90742193446,0.749408103776419,0.194372022964792,0.422893850257124,0.13014361488647,0.0476583906867999,0.621510814847174,0.177492522640336,0.0963998304047682,0.440890893448597,0.559854245548297,6.45066798473332,0.948125293365835,0.864723685991987,0.0374588697162804,2.41446878304123,0.626210521972412,4.03418277312756,0,0,0,0,NA,NA,0,0,0
1.48151652069755e-07,140.973582565174,4.49626558160706,0.0146874832539212,7.21799949295482e-06,0.000520711680374542,4.23536035298293,0.836637118840135,27.6122819463633,2.8037659472142,1.59080158071656,0.983701161254418,256.371748244918,6.01841686444986,14664.7766489062,0.549054176393991,0.0712264173663808,0.692613800359068,0.0848012216497569,0.0570029453953276,1.10977269965793,0.154818415418936,0.0815521190661946,0.767342153063754,0.785505879248812,5.84630181087085,0.924062947778489,0.307978597449702,0.0439780606939593,4.77464479138057,1.17283314365158,4.49120177563857,0.0645235204988346,0.0316210138721121,0.0391975644538274,0.0292603258267404,0.546516904215279,0.509930431141257,32847933.1083807,445962505.802267,49328633.9770787
1.74159691531952e-07,113.349414439149,2.73557542537384,0.0380611674510185,8.08143570779236e-06,0.000536502957194305,4.07530372452583,0.878350360070661,99.4950881809111,2.14585501937245,1.11521139176983,0.827730085568622,284.67241260671,6.0845657674358,17698.8684190289,0.609316202762692,0.184482868350708,0.470070920769245,0.27980198375321,0.0350897205038853,0.666604170146845,0.110616186826398,0.05861006213757,0.447679067162372,0.768388805314824,8.03819015579717,0.900354775890185,0.818954110829292,0.0236291436650154,2.7406338509663,1.44123721423254,3.23943116687836,0.121117122582056,0.0971317312968362,0.109014646725058,0.0939940233928796,0.223941079600872,0.198034685549685,41228671.385426,430790815.965529,69320112.3451447
6.73208225318344e-08,97.5256687261508,3.17272278664124,0.0139701752839627,8.31611252784031e-06,0.00185050319217584,7.98246046993158,0.95,85.4998407907601,1.84900412352496,0.858706116736944,0.661773840705048,292.732562218663,6.18646978566881,6403.70377026785,0.831664865090881,0.177033690293428,0.640786963663226,0.157378733985463,0.0680524588374302,1.167290889457,0.217829975845595,0.141350752411477,0.687444151924684,0.760921466619783,14.57203250054,0.861676832916785,0.644577552967491,0.0910334395177282,2.13995083396332,1.86225756134941,7.6483354079959,0.0934508085292757,0.000356421737010278,0.000601631861830187,0.000229681239095864,0.997542223093512,0.996185996219619,31902157.3831563,343631381.525502,196524.136343353
5.54501758142528e-08,152.785479118317,3.47133213042738,0.0227719319858104,1.0910524941424e-05,0.00188542081672313,7.6050026354648,0.78395952464495,30.0948089400078,2.48628596571149,1.81787032699103,0.480832831984746,125.044042579671,5.17567018795253,6766.69469194312,0.50929992093336,0.0771619231266722,0.438605769256777,0.258646236526784,0.0976754155503209,0.624156857688782,0.115672887145031,0.0478846209933938,0.506637921920986,0.72872912526211,5.34811326801579,0.884029667177118,0.321823444245871,0.0413088311036013,4.11091291281485,1.15808834361488,5.96496263020464,0.119687717389615,0.0442241367125364,0.0377146383770688,0.00168129625135878,0.985952641690996,0.630503967515937,45148310.1958238,479477529.931235,1384961.01314755
1.19736084656422e-07,53.2718118135423,2.62924459109599,0.0474414714685936,3.77844452183252e-06,0.000652749076068446,8.24874727021259,0.917466949596115,25.9851113923921,3.06391524935944,1.54805399657335,0.906237322337703,313.454064367611,6.29087880562438,14373.2682292037,0.364863022258773,0.0700016623699666,0.405061966998082,0.216810095002383,0.0674744687623613,0.579565067005701,0.244165295098859,0.0589168977636542,0.956797750336803,0.525164973999333,6.55719020252219,0.965323749545751,0.661871306542246,0.176439109190286,1.90554666332523,1.10891429685107,7.33867958905862,0.0901185689693979,0.0278543292576246,0.00290865596055291,0.000746781597405217,0.991713343809767,0.690914651928359,20045704.3595706,211715925.93946,898055.066167192
1.43855260166626e-07,76.9272212347766,3.09531844698074,0.0103183135506632,2.88823149312975e-06,0.000946184762775412,3.51572163677603,0.89731085738299,38.7846250650266,1.22923189335369,1.80996476171156,0.65134748069618,256.078517091727,7.09908698528003,7544.3097429418,0.48851193941108,0.0573345069895266,0.450848524984463,0.179326268347106,0.0897151758386006,0.855825616089202,0.244472917040726,0.068918680676994,0.715787210078866,0.498032452905458,15.5484190157467,0.992440882894707,0.812576996809416,0.244221394430427,1.46932953654852,1.49917691181605,5.3119620811061,0.0949458458189945,0.0336290079650177,0.0517421565539317,0.0194646193732154,0.794992406404774,0.645808537751843,26426315.280513,356594901.747844,66859180.1130467
6.10822166458515e-08,182.545127437396,2.44842173907184,0.0108015907454864,3.38488349905961e-06,0.000380781880506151,2.70612875701709,0.801495667443933,25.2160835071113,1.09818138937214,1.23472165380705,0.672970910255214,213.012311002608,6.17994241714638,12194.9161942571,0.51782399085143,0.0602039790487377,0.478751748030091,0.25068662001502,0.0649880721098584,0.760969288600527,0.124111170521215,0.105290845879461,0.69452192947515,0.570090742349065,10.0001324347425,0.95869770612688,0.36450457036044,0.0407276161695534,1.23348615861157,0.731881427709593,3.73923053277694,0.125497160423228,0.0746808056030983,0.0909933971324997,0.0548039611857549,0.563305169607556,0.404920355558293,78795887.4537008,1166223757.62886,110127884.387641
1.5292955192866e-07,80.7573643312802,4.12481899641543,0.0696625940177057,9.23404495695584e-06,0.000355625020740078,6.22788230646721,0.726727139404456,89.0453530241007,1.85978242322614,2.09717576121068,0.865432020723974,303.915425270982,7.91316677802737,9702.20159390575,0.625469202459801,0.131866292475937,0.438149275342876,0.0842084599014273,0.0441350031240429,1.10698689099158,0.105322113286476,0.0806320621334573,0.618203929220335,0.49155444898136,15.5335119084005,0.998722578054397,0.426904341015757,0.0334605851401236,2.37190612950975,0.799857166424727,6.36788821162352,0.0581162547331431,0.0154511123907952,0.0106781234731692,0.00507424786820611,0.912687975309044,0.734134409353403,18966959.4641093,178614423.461714,9284669.10707634
8.55679441000725e-08,144.521020980257,3.14545356703007,0.0186624766159407,1.6823804028038e-06,0.00182542440781937,5.62116862754525,0.653096846048673,26.5217461207302,2.30200042385302,1.60340597823338,1.0731392325592,201.788377175919,5.25815245758119,18324.6568221117,0.260632808717723,0.107381716264377,0.785225082016865,0.101868760293759,0.0546080016932111,0.699540533942506,0.237575403526289,0.100169251054147,0.748457728080001,0.632240240761509,8.00611603193368,0.859094259913949,0.582538163554215,0.0296824148393348,2.29029763248225,1.04866302527405,3.61643885400097,0.0643073828455416,0.0151892778749137,0.0278270990064019,0.0113224402900281,0.82393249749841,0.763801958611868,47553596.2293976,537634015.217036,76248318.0994703
6.82196974446729e-08,72.6022693102652,2.73115772192612,0.010718357952675,2.22812196362792e-06,0.000971630887868359,3.1048131339174,0.744253831021827,38.2015965440896,3.88494360007636,2.48830958951395,1.0978396367357,161.827647753171,7.94867951861767,10917.8141721698,0.416030989323087,0.0671748084368207,0.433868031112364,0.215854369382971,0.0414959204060682,0.715008239136738,0.115304710456338,0.137721156900575,0.885559829464707,0.906732391378196,4.48372238227432,0.870590437402171,0.394588852428606,0.0908660144132687,1.25270843863713,2.17761150843693,6.54700535210261,0,0,0,0,NA,NA,0,0,0
5.02828989732565e-08,128.745180781752,4.14311559737826,0.0393588622578958,5.66994486937177e-06,0.000823572918816078,7.6843347775573,0.660475170541972,35.3704778368749,1.15411254419093,1.71089810965554,0.509187788531776,188.588169761988,5.12399375942146,12738.2116549112,0.498071621779356,0.0645073868369201,0.770324722368644,0.274241657622058,0.0516259345843878,0.990823902988667,0.397911874418457,0.140786577402945,0.364754584736658,0.624946644390313,5.46188245533139,0.885153396318472,0.950896285355494,0.0543777161441543,1.40577588857461,0.799100926838077,4.20622852791022,0,0,0,0,NA,NA,0,0,0
5.40031226029695e-08,87.1604125251548,2.8001414060969,0.0463867731571642,2.75169835854695e-06,0.000784739185650523,7.09228933632042,0.563605819422442,49.8431970435984,1.10162298161619,2.35020384612657,0.945474131663139,122.539188203047,5.96840916330902,5809.75934801933,0.304657767759824,0.0818427483879266,0.641053939924285,0.225540310055675,0.0443108719651244,0.769541571288381,0.205300265215566,0.092697707962554,0.508736919419769,0.713681298636582,6.59007432226723,0.85944140234708,0.675841698282957,0.0330890356306487,3.17178889810249,0.789714985091689,3.18794009034808,0,0,0,0,NA,NA,0,0,0
1.93716720510332e-07,95.6555674852176,3.01504485745655,0.0177183745812648,2.1201257095598e-06,0.00109999954668343,7.14004357578492,0.577889481516164,63.9986481241445,3.30221740705315,1.2034837380225,0.516094295117678,208.86546293852,6.78557259711987,17644.9963780551,0.57761674850118,0.149258356798503,0.722242778849301,0.105236573177514,0.0349625646194043,0.729939772868812,0.180738222333196,0.0605151691771818,0.443854282897894,0.496667735575976,6.59858605325141,0.98856956826849,0.409059905946087,0.215309091193934,3.83797776771601,1.14959418820367,6.46144982290253,0.0837703938918171,0.0524859148527105,0.0579373677017946,0.0465961952078029,0.443762968716869,0.373455078646378,32678389.5113583,386170599.920743,49294493.2688259
8.43997004015542e-08,100.873791228449,3.04939092988291,0.0297147693731397,4.53449923064442e-06,0.000934644384594567,3.8347462935574,0.814707436397042,86.0532864302566,2.61319132569007,2.07966657584041,0.518306737423537,182.96722879082,7.80079858777983,10644.1199037259,0.808898956208906,0.169164644985774,0.69189928402866,0.143918123743144,0.0320956348754495,0.865939974925323,0.111170711338247,0.079814015087873,0.465026993999187,0.566731308326038,9.31456907047656,0.976591944354052,0.256989264136385,0.265771352959668,2.23039894366688,2.02127689128399,6.17084442813817,0.0982003029580737,0.0335401187278561,0.0544650061417316,0.00324918605338949,0.966912667725916,0.658451983165715,33975923.91159,390891073.058406,4272556.90166304
7.34888284815881e-08,116.413604521748,2.89881302999308,0.0113120949281919,7.16848929445519e-06,0.00214910922762358,4.58827104503338,0.736483991468385,60.051702963342,2.56790078842474,1.79710830356433,1.14493637187377,298.963999958855,4.36073500989352,7313.39076819564,0.877339778477452,0.0666205989355348,0.559217672915707,0.21513413846901,0.0348987397259479,1.11851015052498,0.151104464274703,0.124850522429496,0.713050336582147,0.850761626585195,8.54825439679608,0.947304954567386,0.501435384675551,0.0526575975808104,1.96329959192215,0.865400246538647,5.61580143160136,0.113014596012358,0.0240917340386891,0.0637950968874698,0.00659959094386092,0.941604083218248,0.786826349084549,42116378.2211673,472578676.128863,6103462.94330091
7.0060876207691e-08,53.1477462492603,3.7944891653783,0.0101274298278048,4.96672484011257e-06,0.000789454875951003,7.20611460248762,0.788769157033624,52.5368037683429,1.13859440512825,2.32951185614148,0.545380006148246,147.76504627418,8.00099081614009,5453.32634594946,0.607011178721631,0.0768763759188333,0.521487467940918,0.0998845257255548,0.0739675261690474,1.14663157090923,0.174479768001004,0.102080875379097,0.66522953448985,0.827593192978472,12.3117415660389,0.94612122414408,0.258245933655059,0.0449358772546771,3.75982407922353,1.33289902089414,5.38561048771612,0,0,0,0,NA,NA,0,0,0
1.0639308576568e-07,196.843246529379,4.14039695120642,0.0703658214595809,3.43177258464741e-06,0.00043331395101692,5.23936541043439,0.937411481172525,71.435537168208,1.22166543644907,2.02164365792298,1.17970996291238,198.536591378452,7.12149911265178,6727.85197679721,0.552857688651561,0.107313534746695,0.506536361261179,0.213576486930863,0.0271459231007383,1.13000194732644,0.208710246187997,0.0576525614480203,0.588615541270569,0.848132688601496,5.02137635810398,0.855970568464163,0.887269447238163,0.0772244929784386,2.94172804273263,1.58676491363005,7.22760929327599,0.104230521249265,0.0693130667217729,0.086543548056815,0.0672386142860303,0.354904748818914,0.335002205774142,46166745.5088163,386571329.869842,66297164.817565
5.3807244374864e-08,102.852573639548,3.27681210426766,0.0175436165020154,3.73873574731589e-06,0.00103481759709297,5.0442822238981,0.562049808254078,43.6682012904131,1.70574265916073,1.31455646098188,0.721628229212082,256.575730227831,4.47758560285148,12400.8379021557,0.523812379489368,0.0807505945765608,0.310300968507019,0.138760426240928,0.0528432610344674,1.22137590096557,0.185219344945218,0.0486825593616828,0.649554918045013,0.689649502825982,5.93424691134208,0.949701535932394,0.313224242960547,0.113143835676335,2.10332904984295,1.13014535746797,3.23165168750719,0,0,0,0,NA,NA,0,0,0
1.60987144781709e-07,127.059181999557,2.28029453281503,0.0135312049979914,1.02972256033295e-05,0.00273866337637206,4.36128650064175,0.840447923045379,51.009760828263,3.33885082130693,0.92686326913162,0.489349474853424,159.868109082947,4.09463775981714,5964.8663866265,0.376165852631214,0.103591631414656,0.491476921065817,0.211141753683276,0.0772311089616426,0.929330248986191,0.263965994693,0.0686186243344498,0.407903463906066,0.574264421984959,13.5984023106156,0.973622256626961,0.656744277169292,0.182681869649245,2.24608516229259,1.88516517662398,6.81223633052159,0.108817380801476,0.0830925365936037,0.0927390626344326,0.0782166530268057,0.281211765522066,0.236403817279924,56376633.197421,551030963.306628,96639642.7321879
7.18121093812135e-08,163.715451782169,2.40506827435617,0.0194297225984084,5.70619073317619e-06,0.00158173330445232,4.3155371635596,0.705303500585812,65.683043464099,2.35020019287945,2.34675674627358,0.7512110331162,137.115752314321,5.68558576477792,8172.66334099932,0.589794474066023,0.180254644981098,0.473532308802276,0.288234623159727,0.0434675242689066,0.833989537101197,0.27032608942543,0.112044789258372,0.889778583843484,0.584654129595082,11.2078809807651,0.874083657898956,0.535008733670348,0.206041535766186,2.51699466328363,1.89728908938083,3.9487934525316,0.125705952100425,0.0811055381708813,0.104377872109496,0.0710836997316658,0.434523993940416,0.354799539594697,69873998.6135048,814363159.013733,127767798.851423
7.90843314366831e-08,148.512030397126,2.12726041932343,0.0197307649108372,6.00885687329692e-06,0.000390994344594513,3.48959813744946,0.95,83.5267100036524,1.37342875769639,2.57242378427481,0.778477622761312,235.646907428317,6.52292510405368,15169.6445110557,0.257767978349052,0.0918766723808839,0.357028209633126,0.239524042760926,0.0704387546692309,0.618243171407617,0.134855135215367,0.0756555554579523,0.856383648784807,0.631185124633019,4.53856705996947,0.903982435148919,0.437165220928358,0.281762084891007,4.15297719833467,1.01112402831941,3.40871851556968,0.118182284361691,0.062505060644628,0.0878137995713812,0.0522448507497077,0.557929929753134,0.471113111561336,71814147.7144249,986379042.750643,121321845.651591
6.04877233783543e-08,85.4104692035087,4.1816124036766,0.0206180066736228,1.2462999086067e-05,0.00122152804008058,5.34989433540184,0.787999617599125,34.1172823876716,1.02897237412646,0.862255532179514,0.583783957771126,178.153361836425,7.62853113373864,6200.47301256021,0.383036205764325,0.106616074845832,0.454262494721907,0.291385987653361,0.0803302811234347,0.722477759880907,0.350984409200637,0.0388322676151371,0.893798801088273,0.876845126629777,5.09553554515798,0.949375041425437,0.361180549664145,0.0666242667399358,4.24977686265606,1.79643486753734,3.56382423473684,0,0,0,0,NA,NA,0,0,0
8.85671776752705e-08,79.9806953100479,3.98755599977952,0.0366467717714952,8.91968572698146e-06,0.000639232331176143,6.14725635571535,0.72870885710214,49.7287375710021,1.28549881107738,2.1430949245214,1.02288294959451,288.13973546691,5.87785682987906,5257.82071798328,0.278948237152645,0.105114364931095,0.366320000063797,0.204887185873806,0.0270625588166664,0.554300429145576,0.215663153390391,0.0894358094328157,0.605583307584011,0.697926151981679,5.46959490541923,0.883780583036881,0.499761841337971,0.264679670991692,3.47806292474264,1.19913576419437,6.61791126054571,0.0847893867848698,8.06004458579671e-05,0.000191892689266071,7.71332866014983e-05,0.999090295501285,0.999049404071497,20033158.1036388,206340856.808976,35598.8148359933
8.76064633185318e-08,77.5657161186004,2.25774353077398,0.0689973330499048,5.86555137387229e-06,0.000480022505310548,7.85468410345983,0.768916186867426,27.3881437703388,2.95484509006349,0.783379513043514,1.09371850226186,224.80410192229,4.28497199606833,5054.28271072448,0.283325807862682,0.190572207582567,0.535951989379525,0.0979814343655233,0.0274780085757405,0.850803534840446,0.13939799840426,0.0437444867491161,0.58759580016194,0.565569664140202,8.75455395778427,0.838316714253132,0.343761807707564,0.0367690577715282,2.10522326740055,0.843770338446545,3.12791178606069,0.0567392862580611,0.0122538941301592,0.0181893737279748,0.00167101445165429,0.970549251464775,0.784031577795565,32617406.1662526,311140259.413489,20685690.7724734
1.32685743894613e-07,180.593193670505,2.3665748625552,0.0161254889977847,4.90751133287856e-06,0.00142746829492175,4.68441117371832,0.69430030704588,80.7068021548728,1.41275387654183,2.52016137815182,0.567492652967667,205.480190192299,4.05164826887755,14440.2792452415,0.362690416463542,0.0570820070903776,0.411862210106196,0.076541689503719,0.0536868902705009,0.903434858227685,0.191633407465925,0.0745978839160244,0.671483015591674,0.68803717095672,13.4874871178963,0.927536144844013,0.494893047260148,0.0421566941688619,3.67102246719903,1.19620574464519,5.74497789703186,0.0961628463214706,0.0661914703783989,0.0770405710517258,0.0624449979154452,0.350632803580993,0.311673136659017,77262697.0989047,863776592.062006,132106969.940327
8.74567758028187e-08,116.658434658464,3.99653326050282,0.0128304861659704,6.76768672771885e-06,0.000398202942876532,7.83666043115541,0.756156975840747,57.8086590919111,3.38060432298295,1.06565032447905,0.631976496743018,274.583414737086,4.07795491879581,19083.2420224394,0.967853712250606,0.0679896399955714,0.303180425396791,0.15455886135177,0.0279816653504571,0.620691132489398,0.358399627022971,0.0925146656547659,0.740967008725855,0.864138415945623,10.3804896410516,0.926235369405349,0.279342298799972,0.124919455062656,1.27264881421215,1.0587691011097,5.5227128697191,0.124669566930553,0.040152828865399,0.0945535186343174,0.0055641140140264,0.955369107705926,0.677925977814889,31411558.0234108,436680816.772113,3189774.57575667
1.83184948501783e-07,104.884509160344,4.23010675725597,0.0354735585312659,1.18864900148963e-05,0.0022037772545801,3.04353084031555,0.68715607302177,35.7347552826455,1.80776292636445,1.48293547763869,1.05348817926068,181.632080555446,6.72318864585123,15841.052553909,0.884131628031307,0.0977057233492475,0.57157054313255,0.268456373299896,0.0568199333296618,0.573947099050985,0.342469718325594,0.08405721112672,0.74793671934355,0.879000725707903,5.08489932416827,0.903589738263146,0.322527551913519,0.276926613370208,1.47641448199115,0.982636004830125,7.19404372258707,0.116443154086269,0.0801997073300669,0.0978631569821195,0.0779551127874272,0.33053073493979,0.311254423161283,25039215.5397,226570293.988974,33231777.0389865
5.08232678609382e-08,144.601200984803,2.98367471274911,0.0168968579776961,4.95463892965943e-06,0.000550292016578616,3.28457498119556,0.616349062783415,36.6729084474405,1.42619606516929,1.21904564440686,1.018760573847,196.138331462663,4.84167114298655,16524.484436117,0.405682401330575,0.133872774869427,0.704770647139872,0.0777793940937515,0.0254878236075664,0.881467444615257,0.394787392413058,0.136218006912699,0.894918406043044,0.595628186423036,14.9073981360801,0.844601147215277,0.264495956389052,0.233540513430608,1.62732615607401,1.36379594135173,6.00406550432549,0.0729122950389187,0.0171612752620046,0.0455682015611026,0.000308538125793023,0.995768366286806,0.764631256596101,51472237.9535234,658802566.005066,1585829.15962077
9.82766756305071e-08,113.799849801071,2.93013258159694,0.0195883714561342,9.79637444890799e-06,0.00181186718195279,3.25442708177376,0.664928449414235,40.286438757689,1.32044988624961,2.5285440383694,1.18318794137991,263.032117462799,5.15796583943404,5843.33728717262,0.305404348385183,0.148558109905798,0.32417811641345,0.126933304190249,0.0349956836764273,0.678388390147222,0.262837979254528,0.0993158985163795,0.469430810125154,0.586267117062822,4.71922112704381,0.973367367409037,0.853490565184812,0.035443732400809,1.61054332368845,1.52818118107294,7.70548407543732,0.0979392835832859,0.0328745687157043,0.0456489492316797,0.0172569424641892,0.823799584468942,0.664337255563562,40144042.5546162,450911373.977901,74502046.1223841
8.14045097175399e-08,79.244526045525,3.90879989096983,0.0252936895965499,1.45721324611226e-05,0.000836797009168771,2.85571820156075,0.906614877873438,72.4087792956813,3.60293411028641,2.59298788681602,0.943910560277588,304.690962755565,7.45050889636288,6039.04426504701,0.504740568372686,0.145803853604985,0.537200380843233,0.131804023823106,0.0430842937794543,0.695931813896986,0.103183814411797,0.0810771950662935,0.638054135934616,0.5630576492495,4.85442040937642,0.854224566139054,0.930124279568985,0.184733045385189,1.73872228565179,1.69082924593988,3.7054894748026,0,0,0,0,NA,NA,0,0,0
6.36195280261103e-08,190.30096734826,2.59357639118549,0.0163131475933613,1.94978272602004e-06,0.000926199097219126,2.65938068154903,0.808309199039092,45.1599362100097,1.23092789054204,0.760602459266514,0.901650841049037,132.687358662541,4.63995519839832,7011.94325765441,0.363600701204129,0.116536020499093,0.664826462616983,0.0806798982942823,0.0946855963503788,1.20605477005188,0.207130831230995,0.133261071890793,0.45139383469763,0.562478502950502,5.03296083227905,0.937624569933307,0.560856898495587,0.0210969899180789,1.57079876557508,0.971564035975091,4.80284796067794,0.0775513067706035,0.0286711121016043,0.0392459993525155,0.021534010829511,0.722325622530017,0.630294919640576,76306954.6847067,995343594.299882,126342940.240903
5.27576090322157e-08,69.0096325321727,3.71698335450091,0.0120415515749424,1.02125880574449e-05,0.000402559217560041,4.78922269125212,0.669936431655432,26.7412175762573,3.14687658848461,2.79734337152816,0.742327480868366,121.740560861686,6.47271305425683,15901.3569009618,0.977503065785059,0.0727685310517959,0.726133611889217,0.0987249074445051,0.0523499308681634,0.696562507385821,0.179575434818368,0.0705586924436423,0.597805426949058,0.683828691613799,8.7892385596013,0.855766014768955,0.267732881646934,0.0562537380734171,3.32461975958914,1.29102768704201,7.52976223350781,0,0,0,0,NA,NA,0,0,0
7.58004707600737e-08,86.3541807020774,3.77947186086453,0.0101672656869663,1.25688319321463e-05,0.000634018531217563,9.19371769110816,0.90127297921581,36.9147416795262,1.08599491135862,1.42271219060448,0.514725985671375,123.349081597674,5.51439651317213,11493.5855073762,0.359330287439903,0.0840376909231462,0.761722250404641,0.13831355243025,0.0361989667139371,0.538857809128502,0.105171502800849,0.0440144614646324,0.39255297220871,0.661668256211978,4.32160858926562,0.914134200547757,0.430370446626867,0.253025474072561,2.26154548044105,1.13061025931367,4.01699704602526,0,0,0,0,NA,NA,0,0,0
5.70645670050873e-08,63.313849724069,3.08021749532639,0.0156668302467743,1.72140450647599e-06,0.00118492176601664,9.00369651920461,0.912587037344186,27.0243511201459,1.72090570532159,1.76890209536285,0.996435149534439,190.448947152992,5.66965383220803,9480.77505571037,0.611290405544489,0.132466043951153,0.307374466729571,0.0751677164636802,0.0632987279096977,0.947023337736776,0.306586145703886,0.0561165541037283,0.856778630856203,0.607626618974048,8.4540248055732,0.933299474347681,0.959733205735749,0.198658861077363,1.80130148006376,1.91820400028058,5.9871306696689,0,0,0,0,NA,NA,0,0,0
1.03942248254394e-07,80.0084409437778,4.1315124618009,0.0251640900901391,3.70624717293792e-06,0.00046364117297192,3.27689117485074,0.735489247636808,72.6765112448309,1.56727861252709,1.68557934118398,0.943138652287379,131.661694755076,7.60860126882131,9828.97951712628,0.898804306570358,0.0869193883430146,0.60152608941386,0.115381606043585,0.0629019884185561,1.01451016353127,0.122981423960224,0.0526704492154115,0.554612261552445,0.782078515539095,11.3105401822154,0.908157715042208,0.261128848126936,0.140530815276215,2.21983265914938,1.5533232561596,4.99570513276204,0.0792728452731922,0.00703400772349852,0.00064726800156369,0.000266234004038242,0.996641548526223,0.911268383274781,20278564.7262193,246008968.801139,244592.500249196
8.3578127971212e-08,174.697794026131,4.10876110490078,0.062696669425169,1.73893459324481e-06,0.00283339585001795,7.12765121454176,0.709683718065899,50.3188905040244,1.41669748661502,1.31008104235038,0.51917944142553,173.293263118138,8.17994016188724,19489.6068734496,0.537378985614649,0.17561772202954,0.526559329732869,0.274032860820257,0.0563907419740834,1.26248711278398,0.118429334796662,0.0987646389464795,0.690295241515519,0.819753655268873,13.972549605606,0.847658377696911,0.290209993955833,0.0339026254254885,1.6477523853476,1.57543117482879,3.31361521602943,0.100103230496431,0.0343233473583849,0.0604352302427852,0.0300548595468591,0.699761342388141,0.657120482644079,41082250.7066208,325663521.68121,39611664.4529449
6.03460020404512e-08,142.284029605095,4.12844755569929,0.0737238080911035,1.23238947563935e-05,0.000832554176463388,3.09277283950684,0.656804992588964,78.113054547645,2.13122179566534,2.35113658959932,0.590103090505019,210.118171925016,7.56152786318823,16973.2654161679,0.366310842938385,0.0560645659220466,0.453406390999206,0.16503264386347,0.0963716033773946,0.79580445077946,0.321228790295949,0.12340327238972,0.42557497714002,0.674485976773317,6.57192404987492,0.990984079548622,0.291107782595583,0.0850653649616377,3.95013388752063,1.11067931521074,5.28990296307536,0.0886426597356299,0.00680257021166658,0.000382894570914358,0.000166759003497858,0.998118750001464,0.923258505194285,32260250.8807226,288996850.921765,167497.37088663
1.40637938896664e-07,104.094207703243,3.11951557490654,0.0341997014808455,4.13187972475974e-06,0.0020702801679741,7.36819255534043,0.712403895336688,48.7149068632698,2.35458169951968,0.839749367638277,0.642168993613014,189.239594287739,4.14260797946038,6357.25443577659,0.357240715222435,0.0683840162173606,0.345423460871799,0.125741057192555,0.042240478362986,0.614360316892535,0.171825393636431,0.0439256736522888,0.406748362467953,0.853235798239669,7.12309948252528,0.864668123418321,0.577159380692865,0.0227443773217312,1.67600519547427,0.746387126218088,4.29795775541785,0.0960534700086045,0.0380559208706632,0.0644509230474963,0.0354031685935848,0.631422283958993,0.603804830088344,33542125.0182532,321881129.150064,48535811.7824554
7.45763762763853e-08,196.391895443475,2.53959085740693,0.0806998372212279,2.18567106399637e-06,0.00251878229737243,4.6853600465914,0.694798499256281,60.2003946271118,3.33364126953038,0.896079048357223,0.753175418612262,168.64473722747,4.50644804968455,19042.766171855,0.482929945532304,0.175529832797964,0.355363740893107,0.113721211043816,0.0992306063523708,0.839602606570837,0.189745136310085,0.0978311101385722,0.567160653579096,0.872769736768811,7.86964483138568,0.983376034830467,0.579826819380228,0.0601452619785925,1.64017244845377,1.94416235268368,3.34647153986846,0.109991507740736,0.0621366286727239,0.0859513607779848,0.0598267144253248,0.456078785951875,0.435077944206493,72033242.3005335,517889046.561165,100569411.378045
1.80402200581993e-07,151.996850942412,2.43185317687056,0.0191152962847286,9.08774723426941e-06,0.000365758626212338,4.34050254185652,0.611556859343636,26.1934711412272,2.55025121543348,1.66250508836373,0.819910600170744,247.626596047996,4.7127383323431,8119.2967306959,0.509966670763247,0.0866569162699803,0.558598739165501,0.238678518938271,0.0380028057082194,0.806810371057925,0.351601210860599,0.102211423331909,0.757857619915299,0.759722900539198,7.48756402535025,0.896786876403732,0.749025952432904,0.129672027870653,3.07697083012317,0.631117727839788,5.89712821737829,0.119794350540552,0.101967639523524,0.110041534708593,0.0988784219803487,0.174598622270779,0.148810949235819,62908952.5720053,799591750.335047,107909615.216249
6.47247710160378e-08,72.2124893979732,2.70144360952729,0.016932152940103,1.33773274517921e-05,0.000936127982139053,9.0690744381998,0.687475302504157,31.972571706098,2.07394999264005,0.758646409104932,0.628991217985822,146.284364097823,4.76381449506499,15253.6207657044,0.772727370368608,0.174388317986553,0.527441228464568,0.0914625587509115,0.0417132095211614,1.06383055748055,0.109208499760581,0.049188262958421,0.480190094135971,0.669540344815759,7.58700409213425,0.860309753346518,0.694114290985418,0.171441721563376,1.60158507116325,1.10126846604822,4.3092351060723,0,0,0,0,NA,NA,0,0,0
1.05824469683245e-07,130.340685857032,2.74962884837561,0.0115598034821637,2.84962916244845e-06,0.000593202827792442,5.95891932207678,0.823532473524752,58.7927680150275,1.86940510761945,1.33906409382811,0.500494295137284,182.026904404952,4.62499069935909,5915.04283687146,0.324260488430854,0.119706386613361,0.783736986240268,0.20295870290485,0.0694394435782105,1.00363195947201,0.156961700497722,0.0474987523372424,0.86351183130919,0.717717190604009,7.86797422876159,0.961820645359517,0.683521191846542,0.0298217823708412,2.13289640272685,1.7167809861466,6.76973255884987,0.0844119810697318,0.0394172706437002,0.0536991136595651,0.0349654832466638,0.585775824669021,0.533037015075644,49787637.4144848,704180408.507965,91371043.3424187
7.11433160519405e-08,56.7262384488883,2.99960023640911,0.0709553370645158,3.27240076327796e-06,0.000882315811817537,5.86216292717055,0.593980657424092,55.3634504194804,2.92563415855622,1.17424504995778,0.95606824000549,271.939003882599,3.9808492274366,5888.20409592539,0.417853803883241,0.0504714566174077,0.371793600452717,0.201234382671452,0.03379845392278,0.662489611355058,0.106765702188157,0.0509777752431965,0.844525326268133,0.651706565359496,11.098530318005,0.982518475952038,0.324983194380057,0.181417041880558,2.6994533554402,2.00419601460025,7.42796583159673,0,0,0,0,NA,NA,0,0,0
7.10788344799836e-08,52.3884973392642,3.66817770229903,0.086506436695178,4.01536341020876e-06,0.000632808325226468,2.62760515301859,0.621131141278478,33.2285577387012,1.05209656938842,2.73095616526729,1.02452337043018,130.642159185033,5.95677260847231,7866.15807601904,0.638895039721964,0.126498665593156,0.700213837918644,0.289208584318498,0.0556967684869921,0.487795750683805,0.322420556443457,0.0607498569545379,0.361501893259423,0.615885720058354,4.36172415234027,0.886138177611187,0.786611021449008,0.0215989086965176,2.49081092615809,1.05240310476165,6.2177923846686,0,0,0,0,NA,NA,0,0,0
1.70116039794547e-07,81.1511113083587,2.26268331615122,0.0433930470381609,1.48862996321957e-05,0.00126508367947225,4.18774655259159,0.93323778262714,49.7183025524834,1.31645156509688,1.05637215214812,0.568091209377117,205.310489734255,4.24231792730961,14876.31733551,0.94032881012735,0.14770017725749,0.546001423534857,0.186246422835479,0.0371159381532594,0.587934330135187,0.157193192734686,0.0510181177030781,0.801701257229737,0.639725711654344,7.89765488747535,0.915529444477655,0.755673018583715,0.0208915641996814,3.91353257270629,1.59954168970433,7.80565789638344,0.117567358946244,0.0843069876170137,0.099999644196055,0.0788777587689592,0.329084539484938,0.282904809866814,35169791.5513124,340621319.525226,61965272.4567881
6.39886409072565e-08,78.5336200152834,3.70398307822831,0.0566486429011223,1.87995168114699e-06,0.00275718275225228,4.4697324073565,0.701900750968774,75.8374100612032,3.95309050046081,1.41591943294604,0.643669428892746,245.054403867672,6.04579596048377,10198.7416108023,0.673167943483265,0.149024208405969,0.346431669100818,0.155584180208446,0.0428960848245942,0.586974662551737,0.219403808613428,0.0518746556673373,0.716793512945121,0.609032753451486,5.96025862010007,0.893780382161181,0.250170556723076,0.0747109408357089,2.09911311473081,1.76562875439212,4.220385144879,0,0,0,0,NA,NA,0,0,0
1.09265509143382e-07,154.060837697274,4.21079554359652,0.0540946261786223,4.41200476646774e-06,0.000483284494604011,7.03154976426655,0.802118612283453,32.7643226053969,3.10069353590465,2.64060902863491,0.601094411554847,230.043634507431,5.87397071732518,9795.18833784272,0.894572609229401,0.129947841919662,0.555075154540434,0.144796884351021,0.0718583133159996,0.858510399104817,0.352333591114887,0.0546470111739518,0.559494421219738,0.573811589088973,4.78154414533091,0.999,0.440332563072527,0.120478551725572,1.9806107831616,1.73213203927955,6.44679225496869,0.108032928727544,0.0599774556242783,0.0741747862640311,0.0514367997128816,0.523878503353327,0.444822459867401,36263470.977058,362803376.499263,50434815.5666753
5.11646126804468e-08,76.0122929964977,3.54201286886821,0.0882927297900013,1.74648879288938e-06,0.00123566265697815,3.24699356501662,0.723859350938703,31.9020421999942,1.72899036351633,1.15079891156905,0.606968389705333,276.420149735802,5.97906595834255,7831.22281581102,0.391291653129904,0.0506192371324539,0.324714044599176,0.242041902176913,0.0336789288770712,0.508729925154653,0.266579418555053,0.0392262798232687,0.676640933481745,0.724310794331629,13.2268062926806,0.946354202803359,0.257745637038695,0.119149966967424,1.44966683325165,1.14345179730961,3.19109393978921,0,0,0,0,NA,NA,0,0,0
1.30083307435357e-07,110.098517298624,2.53523427997209,0.0211154737967709,2.0824409771149e-06,0.001046544784347,2.94229554640369,0.570145232723238,54.0277333681155,1.28424140310249,2.54909530629061,0.718814856247329,148.358020006192,4.36642476274738,14909.8588341153,0.473124261977003,0.0794228346107935,0.596080587744154,0.082946806937385,0.0286967823989165,0.671467098895212,0.301268650717275,0.135119852181784,0.798512219066189,0.551982881293978,9.32566724218769,0.858543133187341,0.573794379622517,0.298705821177687,3.56447140050095,0.782771263642613,3.26084896841741,0.0871054933367243,0.0434842269549685,0.0594497479278291,0.0380064498131473,0.563673330380835,0.500786629072047,44450250.7202497,534423015.550939,89077389.8511897
5.35170664061711e-08,105.930666311717,3.43490903807589,0.0185208577107658,2.56818654256092e-06,0.00191053044917729,4.84236287060595,0.916143501855627,87.9197326705932,1.66378956969664,0.767266280243863,0.955562233961033,310.111870056013,6.98366094483137,14306.9236451235,0.614215058572805,0.104016532084673,0.581482814225859,0.188755143197577,0.0258188577802341,1.26073684666076,0.314604658002858,0.0482561081338173,0.36947789383454,0.738711816296085,4.17289642521378,0.959827977361039,0.259525932634135,0.0288698517217249,2.54886990805197,1.76029478037672,6.08072969693337,0,0,0,0,NA,NA,0,0,0
1.29870390534909e-07,71.5679073005403,2.49960635483611,0.0800472581481135,1.08087582056242e-05,0.00155082246596217,5.47903219495735,0.647898080226725,37.0001350524252,2.3767352094188,2.48523686027385,0.715568874615003,316.782527083609,4.3955332859971,6507.41417033776,0.641095199585462,0.0584586732128156,0.304051035431871,0.249563466356561,0.0864638954503114,0.647574106129047,0.365318138555459,0.0780733165018046,0.790980137487553,0.666885792300335,8.4018290547514,0.952163739185946,0.480406846030026,0.0616022489295669,2.07527026704788,0.715816804175225,5.05513348707282,0.116974310904104,0.0484868363922156,0.0644340408104352,0.0256339067711728,0.780858663983174,0.585491583430097,26699584.3851934,216161451.018361,19157903.7307453
1.24146309078207e-07,57.5646541964068,2.12863947310462,0.0748309534872782,6.11937078760806e-06,0.000551806112803621,3.57907425626443,0.688411141976878,53.0354999795044,2.71791306726302,1.6011224758199,1.20900221780847,316.014000491896,7.26073347842934,6688.53796539176,0.553789852943146,0.0602599709768327,0.455364439319277,0.272567233411373,0.0410826931768835,0.557088039151021,0.186664609966728,0.144917351508616,0.667571846166565,0.608432738206876,9.98295467351721,0.890329802278072,0.958723444485205,0.0257300265678665,4.22528714513521,1.07407210868949,3.79040361955587,0.110133760695066,0.0428716620617876,0.0650431739341258,0.0118415427766981,0.892480355687803,0.610730971218817,25399476.2424833,232240923.549847,25311345.7478939
6.87910551071113e-08,61.5937974279067,2.64164333174189,0.054878960291141,1.84507200400422e-06,0.00231259921065133,3.92665965015815,0.596539777018318,52.9102410193521,1.00397253176031,2.94998927244951,0.775724307820981,147.413645905954,5.02411006554151,8444.8272361515,0.932933683621468,0.0608446172104626,0.404376875350631,0.165366830137266,0.0693016688734595,0.789829097533132,0.126976524949716,0.133895380543142,0.454121516205756,0.882114602562985,12.6777603158597,0.981800502981088,0.975073074405026,0.0465514754594879,2.05590359097072,0.794088759758917,4.47730417134979,0,0,0,0,NA,NA,0,0,0
5.56600116650001e-08,102.986651499169,2.47624160737748,0.0845548166222506,3.47910870761512e-06,0.0024640197581903,4.27073232999584,0.771654707665625,53.2136008319144,3.55726902979143,2.28330992986746,0.563409276420624,151.58607671633,5.52856585547793,7805.86042012241,0.650502438083741,0.0780089566344124,0.309869117461981,0.109578148070487,0.0898749654556975,0.681758679611175,0.204410362660383,0.0855263384736795,0.409179429908886,0.505713305956135,7.71608345287454,0.903310134592928,0.612104004147292,0.123857369123538,2.78898370394359,0.851990215446151,3.39220230342989,0.107716427522099,0.0423482477415156,0.000924336520521183,0.000297171994610216,0.99724116366049,0.606854323749018,36600435.1876661,277790374.524618,241109.533629499
8.89466400457894e-08,94.3970485268654,3.6553752674716,0.0457935811106476,5.0595246582026e-06,0.00254517826260579,2.82755634010824,0.940287821922815,45.0773370946553,3.09229080173348,1.45347485138051,0.48171056022089,207.014032161516,4.11257785393147,13967.111141576,0.593071087800941,0.0967652161607681,0.57859180595391,0.257088114645408,0.0657721285242353,0.55632231898773,0.265266535084159,0.117289415799807,0.657109026433019,0.625822706972266,4.15278113252009,0.934743674783531,0.360521383427603,0.0264325253770266,3.19857504876533,0.934525275557462,4.51594300464916,0.106191808779131,0.034011010487276,0.00380352245391176,0.00120401429222642,0.988661891099994,0.679720960794485,25013268.2705133,219797950.223424,777718.524527117
5.36318595537462e-08,106.261804166263,2.91659134817766,0.0102007142888258,3.6961181903322e-06,0.00063767757458826,2.50836421062435,0.626067879748357,81.2174106638837,1.98081135147414,1.63505670523915,0.667119373294491,138.958893894818,4.18907986561373,5188.42242996873,0.724108464964046,0.0713684932817519,0.652898568239851,0.158356351620441,0.0283846116735908,0.551123229359713,0.13153227034349,0.115532005520658,0.644330981003783,0.577587888472776,6.88923284555365,0.940663961767074,0.280383890685375,0.0453302287667068,1.20682311775347,0.749432532961988,6.71084951073871,0.11109752874594,0.000164710829168019,0.000294284575487684,0.000146400921804519,0.998682230617935,0.998517421305161,39108664.9397115,461632845.190685,71062.7852354004
1.37668218038187e-07,195.606680225865,2.55694921776392,0.0684697165859384,1.32481352967144e-05,0.00106816222334337,4.6278585721178,0.916931861295804,98.7608228572827,1.36996008422359,2.83903694898088,0.611278440612675,138.832513564771,4.6128380342828,5651.10151431511,0.442001032110837,0.0510084940815043,0.708391062737072,0.0878121623231429,0.0383636263778669,0.506916541098742,0.367093936085807,0.105984949275667,0.50961509352552,0.581731561085776,4.90494351292897,0.885350973641097,0.763958344598175,0.0993353837030165,2.45155174098507,0.939276894587378,6.26701265889805,0.100082652647721,0.078972269024301,0.0882456525639941,0.0762007312787867,0.238621986299625,0.210929497419762,70295526.3121237,518092658.02865,117937554.831693
1.28659381895187e-07,58.4323976749524,2.35810094633029,0.0544495679469433,5.70081322249132e-06,0.00126623402498745,4.3461964145284,0.774983521391897,59.0983422394,1.67490769433061,0.879975515910917,1.16071634304447,187.222655492677,3.92682049967,14147.7229432099,0.929798469938362,0.167801244295562,0.575269952675872,0.111092258004126,0.0486749457750097,0.571497768491698,0.354169169339019,0.10250233310863,0.751629819989747,0.881428593218663,4.06476299836111,0.92941386000307,0.540936397782398,0.0318887084065292,1.51316391517162,1.31973612873606,7.28274383090353,0.0986422848427456,0.0127911661041964,0.0621580540414424,0.0060201672378169,0.938969710125691,0.870327759291181,24052924.7289384,229099702.523427,6578453.61794198
6.62934120762651e-08,125.01410275941,4.20211764331318,0.0153267853120354,6.58482726296633e-06,0.000874815012174733,3.33669502713401,0.850422545238639,32.4576657761991,1.83099972492906,2.70202250964553,0.724224922448097,254.577397062925,4.30395658041135,15087.6118021561,0.311946495982133,0.0717747662042237,0.418172266726725,0.29060569423765,0.0482195234657672,0.49934412393492,0.226086435532793,0.090713243082901,0.7537300209342,0.909900185235689,7.06599429289289,0.938351007186042,0.458454468734099,0.153677237506947,4.4703082613374,0.917118976617952,5.30842131843062,0.109302864892925,0.000290114245867377,0.000777697595331501,0.000275266853657698,0.997481613552148,0.997345776378766,31556625.6611927,377220169.392602,145038.868719874
5.8795243722323e-08,148.739979940194,2.46991734760989,0.0884269395894645,7.29801276752578e-06,0.00162852461945471,6.48611212106874,0.890018668479053,72.9888000800536,3.86223733453704,1.02042235687721,0.662288419846846,143.455549807273,7.42229623140479,14256.1243662308,0.319167335669339,0.127045680104352,0.341505038147848,0.238419655462031,0.0482395723676267,0.927654635948118,0.126421633192066,0.0629990142863877,0.395187173385524,0.581466843255112,14.3783438187832,0.880494696233297,0.588062183754629,0.159286233236947,4.05597527502948,1.14173133759318,3.31188375071737,0.10863293936178,0.0422243818980158,0.0540236711371444,0.00995743147533661,0.908338745744737,0.611311429607956,54981818.9041664,431935633.873303,38853187.3713301
1.33952657531332e-07,52.7238896581169,2.45463488323146,0.0447638706062363,4.35821141085826e-06,0.00205036579833678,4.20920943394285,0.652889987199635,51.6572072695299,1.11838608781605,1.73286324640028,0.772146998891815,237.88148828497,6.59124022579419,12619.3368332789,0.338993488506048,0.0851738145777465,0.389070109176502,0.23335270456535,0.0558680375711485,0.588802254657175,0.366334637242467,0.0734701926579503,0.398741499454541,0.618388199774133,5.19400709505903,0.837300214560774,0.566390727081232,0.213646567906114,3.70645133699037,0.607720424519015,3.12020187001217,0.0951215425923254,0.0269970790929415,0.0416352604783205,0.00390121554678044,0.958987044990425,0.716183333898964,21010260.5550501,195067877.505823,9665219.74868239
6.9052767149819e-08,98.1019641276212,3.72778021094288,0.039581170027631,2.90553493564192e-06,0.000395684112088486,9.92118790477156,0.71550319871914,34.785496971871,1.73907078329742,2.62974262951446,0.942458575662976,121.475576019154,6.55626868918986,5584.88091950635,0.701664254554908,0.059022358436956,0.303649221905911,0.148177588058745,0.0305950148948484,0.646197998667882,0.334071261177711,0.0653761032866628,0.41182030060821,0.692283091055531,4.89020495777821,0.834420639442962,0.553328564656734,0.0664415182735656,3.60276001685249,1.05165885253826,4.65239202955438,0.112934424913054,0.000136019652658227,0.000298997740272478,0.00013151725316319,0.998835454705114,0.998795587326336,26247778.1724866,268334410.051472,37430.8807563053
1.02800302755338e-07,93.9876614316342,4.47687826617611,0.0266003842713534,3.10460021621933e-06,0.00167761036675489,3.95743976691406,0.787696948913882,41.190190625357,3.43954342177284,1.63986326823767,0.536349866881524,121.297788600225,4.19894853700354,7526.18761588256,0.664205370153563,0.076318466576449,0.460977573062584,0.142823068956406,0.0376604932965761,1.24548907797643,0.200777148641236,0.105182805142028,0.930535627378368,0.805493198761909,10.9192310103397,0.913061573424688,0.3712855413752,0.0321988884143781,2.11282423365163,2.00486850265131,6.93855814171702,0.0765192478284316,0.00840379063233597,0.00215641047521367,0.000517752136229462,0.993233700658031,0.890174160478176,21436533.0524558,227209034.091975,634606.243045561
5.8712804924905e-08,75.7862861895077,3.91915754496704,0.052174609312872,7.56654244660288e-06,0.000949820221339994,6.64623678448907,0.796751803544708,39.644827864626,1.40676859858266,0.786515276253132,0.588689066411199,291.067881362688,6.95483601968113,7156.40870353762,0.642221021973366,0.143674534601029,0.676097269488698,0.0872303225713964,0.0303863991964928,0.561294121315253,0.211784815689049,0.118710902938275,0.381341959070909,0.862551326952771,5.38966323032239,0.874803184124502,0.552465778343209,0.0583587064829526,4.64783135764516,0.729112198706425,7.54250595483461,0,0,0,0,NA,NA,0,0,0
1.3091839770188e-07,131.894137163292,2.86638185904049,0.0334209008672746,4.79558377829659e-06,0.000442335653513717,5.48657135170849,0.700695683862192,80.5298992304472,2.63038536938474,0.857646572482743,0.506029663815337,158.925891733256,6.8142130348744,8977.73399526789,0.928026629498043,0.0984542536331002,0.410144269696711,0.237669493550167,0.042208316381551,0.759321710920228,0.167416136016688,0.149620567192998,0.868459346274159,0.868854035365567,5.78357895954274,0.920252550658719,0.769864213023951,0.117414914984235,1.54776044906946,0.758775748252091,4.81145604760403,0.126116843907448,0.0995230803894336,0.113829556003898,0.0968880101266584,0.231759952716862,0.210866072239572,46395156.6803872,531992349.427242,70014378.5587393
5.99662327394029e-08,107.073278114881,2.68455215301551,0.0157694679701463,1.66835767155731e-06,0.000359116706276965,5.55389730769411,0.671791984972616,53.8172990924621,1.11891721241472,1.81473613512926,0.953369358254613,191.590881435616,4.99820749270385,17577.4696693373,0.823612488331671,0.106828661148605,0.50531967427788,0.10400041984995,0.0646737875429292,0.816159071495145,0.107876220390053,0.0650093073995293,0.796889240740914,0.814266800833451,6.42170647734225,0.919913164178868,0.696081738297596,0.0890113971646351,3.28239678343524,1.98240184490571,5.12271881380374,0.105703399070343,0.0166214635818017,0.00218487635489473,0.000525359095594609,0.99502987510132,0.842753745593928,42607658.883811,557079880.554054,607411.504313761
5.38730593065335e-08,159.064162970799,2.76667270828961,0.077616060983789,1.43123115856117e-05,0.000467929502237423,8.77216294978878,0.670114895113071,32.2676647091371,1.05658159745762,1.06375719196553,0.490638489663189,181.879603060385,4.35250560810703,13901.4962026339,0.299498765246957,0.0656604156052257,0.649137487515434,0.267845578394821,0.0276309594283477,1.09874972169265,0.210718306541979,0.0976819424649908,0.386135108985694,0.708178370833168,11.1514603279204,0.920402686109022,0.449119385794685,0.107472265221426,4.10350570502206,0.85262490778722,3.5875873893077,0.0932251373985741,0.0216015822828174,0.028897180608052,0.00283786021881726,0.969559066384807,0.7682858627447,54351585.7785563,489990371.917704,7090899.9111413
9.98389336122317e-08,89.4081761793544,3.93465036037172,0.0669732428582683,1.35748791343015e-05,0.00180600383700086,3.47277064370483,0.628348350033237,59.9562836800873,2.31699827465182,1.32491366409321,0.505442497066441,163.415631732327,4.18393228091431,10726.2327526601,0.953356120343014,0.0991544916954224,0.567771393283083,0.129628965591846,0.0894854642549375,1.02897213521954,0.195319189742028,0.100042645465359,0.759444655910738,0.908285180876953,8.68320211019344,0.946579085681195,0.872623947600241,0.227272261055834,1.83162938650884,1.28784300180432,7.72825921757283,0.082801052365697,0.00089978855197027,0.00240785084366896,0.000739154772364637,0.991073123453793,0.989133126617808,21419983.7800466,181605154.01559,614640.865737123
9.54470436594089e-08,110.824104915758,3.21060303558458,0.0740668427669449,1.3283277104708e-05,0.00269450849005392,3.65451070268326,0.782918474384997,41.4205262505809,1.12829889158866,1.35489471476804,1.12911954172966,157.621682182222,4.81522961398385,13822.8188848681,0.408413345679993,0.120743094046698,0.381088754060914,0.0967103104649228,0.0387051221436309,1.25846741489839,0.111606127313144,0.123986614539076,0.573928290658507,0.618671040334547,6.02391821989549,0.925672308738132,0.2861875374222,0.101643462652833,1.35285176934452,0.600793803935531,7.98342049102288,0.0633391387081516,0.0141553675559415,0.0153658689924272,0.00511428474661857,0.919255536925064,0.776514682001514,32235430.3706604,249322763.373394,17986051.4299518
6.98277116773554e-08,118.988058566836,2.60040471654338,0.0309398514775761,1.65008638858471e-06,0.000581949987145808,2.66962561708746,0.846058504492157,51.9961133195763,3.01177955112563,1.63176398007236,0.695415586154303,319.310353076413,4.73517076980979,5036.36520519238,0.543423064400774,0.189167179207332,0.444065720173729,0.184562828896947,0.0407760831145427,1.06661561879736,0.126060038929871,0.0549166848637502,0.450034934113699,0.836127875839397,5.42712945175561,0.948402755174125,0.287193288518823,0.0672489869808943,2.20677054837558,1.92214885115619,5.62833253941123,0.108388545575353,0.0238900848157228,0.0878881170232067,0.00589915359197137,0.945574012819738,0.779588473220041,46900477.8735344,563654114.773561,9083917.40996609
1.06274654944323e-07,187.366175554875,2.29276983491014,0.0208318073252088,1.4485454093972e-05,0.00208419451953601,3.49472329006263,0.650665201852391,46.791934527975,2.47266834570453,1.6068626404595,0.511868662313842,248.582314129402,4.73802299070061,12861.3422731942,0.265167767289088,0.175959594695433,0.311737150748237,0.135393628967393,0.0262244153782495,0.867695375625187,0.104973595098966,0.116181382361292,0.812760918354338,0.7317192855863,4.76980039317386,0.972647996670891,0.48752522601634,0.0684056963784366,4.51848770825626,2.07896617667288,4.16528409634286,0.107181734629443,0.0718888160250283,0.0858547430380555,0.0678069407561689,0.367364775438685,0.329281091843047,82000084.0049166,827659851.238808,127652019.01582
6.09629969188915e-08,82.494912837739,4.31253100064157,0.0163406402301166,5.08863210479023e-06,0.00143875926809666,5.16528153356905,0.624222452422326,97.7572998049602,2.02747369934888,0.985616788078097,0.761095749463706,269.656109763897,4.2622092703201,8513.61792129371,0.631184439653,0.120397907225292,0.587362368356222,0.139508052753692,0.0304328832888905,0.504817015161918,0.281873968826132,0.127783838912664,0.466151612191716,0.652453239916354,8.8003451050923,0.928284917113411,0.355201761374864,0.0936787176695987,2.33113419131579,1.18279450783864,4.94641418817892,0,0,0,0,NA,NA,0,0,0
6.01875364047169e-08,50.9177424637212,4.05820484049705,0.0765761708110536,2.11491710658888e-06,0.00219859368323716,4.67597483450713,0.563285566681313,45.6389407825171,3.67554604994456,0.815116361128102,0.908363784378982,249.353493646173,4.5592110974117,18097.8020357375,0.460512529624706,0.161579622743166,0.559946680727034,0.100994318296184,0.0468320514577899,1.03051603330523,0.285410213124158,0.0478521986642317,0.444968039597187,0.556783579624372,5.3111547699411,0.949083011503566,0.840186624659963,0.0902968646820343,1.40746127145733,2.14719377609848,5.00366395754721,0,0,0,0,NA,NA,0,0,0
1.98136294540857e-07,67.567964905563,2.22008542306033,0.0110846383102621,3.29396819978968e-06,0.000489549258453352,6.27131033059394,0.647198242318888,58.858654204373,1.31245984614421,1.25429861763601,0.688011178013908,194.216657910778,4.1244112233353,12752.3561377527,0.411559323828573,0.0596495219710222,0.727737449337567,0.124184395582315,0.0358910110213686,1.16599633906963,0.112346051545828,0.0434865803187272,0.582088083392491,0.709928184328819,12.1054520899503,0.953533599428897,0.842030651247814,0.249132799303213,1.24063578256437,1.66754609043358,7.13109418219848,0.0631135632699162,0.0299961936016164,0.0410849014010893,0.027138755170532,0.570001220586004,0.52472666654341,31715445.0667732,454235950.155934,71152618.598125
1.84670326171614e-07,177.761855491893,2.19716718089999,0.0648761202375486,1.39101855330705e-05,0.0020217776200861,8.67014098053478,0.655137967652155,31.4300458745834,1.5211539842592,1.00099099024401,0.657025721745135,156.156346383839,4.36479043793432,6748.19453312453,0.731070266228716,0.178687080556318,0.302653964065087,0.0845757806547624,0.0736959136187851,1.03800589401233,0.23614945167989,0.0553997974092068,0.627092574329557,0.735613432907215,13.7728033408026,0.986715033109136,0.408301582807358,0.100108952004618,3.41510622043006,0.830497886045382,3.35631026174916,0.114232710814628,0.09622482164302,0.104886068895311,0.0941164443671985,0.17609900267598,0.157642141582638,71947725.7256494,493707745.615263,102644926.626728
1.12489254332812e-07,55.0343911123001,2.12987712239949,0.0243475304432539,1.08729219403743e-05,0.00229810231725532,8.24032286816136,0.642159229378314,32.7368570879017,1.68040501986404,1.82968634291811,0.683121554320435,159.653158747556,4.3301514660909,17003.1775276072,0.792230479257896,0.131058659990927,0.39722262702064,0.221013902065547,0.0540999284753618,0.566901761587835,0.110019935856946,0.0405778728686365,0.80418492398998,0.653154545378604,6.33089514515885,0.897020824632996,0.442391459838056,0.101205855138247,2.41872552117113,1.81317252037319,3.56604024861256,0.116263829401424,0.0486965431825816,0.0894514969185142,0.00539705228482685,0.953579266117302,0.58115483178825,26054693.5632209,264179097.750307,5600430.02959238
6.66069673771735e-08,51.9300162087523,2.34434275034443,0.0594229567971954,9.2520650032006e-06,0.000466976657218373,4.06571721615826,0.641074434673019,77.5808594915559,1.86167064314555,0.971144067620422,0.748389766992312,239.61665250052,6.6004949095177,10753.4631845683,0.277027113357145,0.186020552674658,0.374394897640881,0.102529923451531,0.0631950906021715,0.984903444605701,0.336432771122822,0.0849600435531523,0.557969818442048,0.858926992696424,7.97038629608033,0.987464077256547,0.326873464416287,0.021772410411485,2.36107054750799,1.55581646537764,6.09639068377774,0,0,0,0,NA,NA,0,0,0
1.62276193743035e-07,189.484072850858,2.31200841841565,0.0588207233752146,1.49824260822022e-05,0.00167396714058941,3.87698584977434,0.622950085850336,78.858918336741,2.26961626198013,1.03093952349762,1.11931882702445,138.533034081397,5.95212573246514,7424.91933874247,0.693084089420357,0.0750319867165299,0.339834366083271,0.124673193140842,0.0299798508794856,0.735882188079147,0.392662762929826,0.0387716834022784,0.693035480517028,0.79805725425198,15.275960758046,0.842475042255017,0.641228334279682,0.0512033431343957,2.47959999670181,2.02518639178429,4.44235380887333,0.124216637404047,0.109162034035778,0.11833673057885,0.107822061499067,0.131983736217661,0.121196352460424,74776997.6272117,553350049.402675,122345095.84011
1.2286972133873e-07,115.645406948801,2.40892221442983,0.0404192860178296,2.47855439929932e-06,0.000386868680010884,5.56985063301678,0.611366030369833,58.021404485065,3.23814379535488,2.31115266972966,0.587036634288507,223.651619019584,6.64407478622758,16413.8441084372,0.290590915152535,0.1921045057056,0.593678169814802,0.269807901915422,0.0491874309757634,0.84464389545729,0.114759575236648,0.0495023920648892,0.743528606958726,0.576419135292631,14.1762407901955,0.981470496085168,0.659107960217215,0.144377900712787,3.2587625046059,1.33091843137863,3.80431303719289,0.0966374233367493,0.0570949004791644,0.0685966899925974,0.0502827771116239,0.479675933241668,0.409184366596699,47717780.1646421,532177289.959018,77225125.4085506
7.61542062975927e-08,152.22739277161,4.3582418964835,0.0475604766059107,1.66467599103492e-06,0.00156628990980144,3.69386680158587,0.710719359647951,62.5241795663392,1.19031572144164,1.00254309668802,0.690284962991332,178.473328016263,5.2474872048774,5836.38025059583,0.412252586300737,0.16752607379039,0.585237507974243,0.0753813175197001,0.034709426850871,1.2245808329386,0.291222399248365,0.112303567767998,0.47899596850221,0.821199583784074,8.30005052549093,0.854007070146232,0.788079012666473,0.0205645257929812,1.24251573561727,1.5701057400186,4.92058910220536,0.0540181351137271,0.00685690090478199,0.0251577263214762,0.00152935631491971,0.971688094901835,0.873062983563838,34493800.8987826,331396287.569436,7854113.80229373
8.41373275109423e-08,72.9831133446985,3.68452036201995,0.0218561036628141,9.04269938877009e-06,0.000602082638011127,3.30548952223267,0.91541547377181,28.4211358456071,1.47883354740063,0.756850177456318,0.554477553853689,177.176708719448,6.93120457797502,6660.26428883737,0.317254776998984,0.0836502310439568,0.52623518227809,0.20700028886394,0.0366162624681796,0.80422145075695,0.180170623742454,0.0503359544889636,0.540664698488799,0.510626825149836,5.61745717657339,0.878471325852461,0.922710803204014,0.248129434566738,2.43081751484693,0.685545911094273,4.86743979520954,0,0,0,0,NA,NA,0,0,0
1.03150792397536e-07,57.2731214243215,2.47471355466945,0.0376441399751771,5.48726991719977e-06,0.00194348023457274,4.08173603798926,0.843542282303969,64.7691235444398,2.17426435627555,2.83059549743338,0.844206387154362,120.731357666652,4.83246344993234,12637.5716620127,0.394153632089658,0.0606593316610485,0.592937926028065,0.193928604871168,0.0585364685948591,0.77212162758183,0.303349072431316,0.0592935862720451,0.79830215763781,0.510062272492145,4.89849744210845,0.86179013552812,0.312392225091228,0.0215710949703579,4.38454324865489,1.62967229640696,3.97227499480558,0.07613918985339,0.0191019282343761,0.0220122269976233,0.000448487795966539,0.994109632676285,0.74911831513892,22727009.5831219,219814716.184932,982164.009729307
7.60019549147739e-08,100.389979837761,3.61661124636242,0.0898950535322677,2.06353745659093e-06,0.000595190304504367,4.71315165476473,0.573232638222698,29.6315695238558,3.08392166607985,1.18762705579576,1.11828688830885,194.709415237845,4.10518313159529,5601.21998106036,0.259797542574531,0.136546462138599,0.56554144034546,0.186577029880496,0.0453980172186815,0.949724947674215,0.38653703232271,0.0876644505541167,0.761980632625711,0.564775213273664,7.56363972703218,0.900644602333739,0.358241587373306,0.0377985319161152,2.22074412155878,0.605300889912884,7.22137575055267,0.0588987013233228,0.0106603869626699,0.000280485841375757,0.000112954930913189,0.998082216952575,0.819004719575224,25236393.4649487,214635867.036366,192946.368749914
1.51968962611535e-07,173.867277012297,2.40582430815666,0.0432084930634514,6.22198263288858e-06,0.000432373028753537,3.52270743024725,0.923894587207925,60.3247881008978,3.27340877934404,1.52864207211615,1.10242511407462,255.239814894654,7.83462235761373,5635.21047857447,0.312971573841854,0.157175844590368,0.425407548176205,0.236521532856993,0.0357637695470883,0.536510791840414,0.16406366374103,0.0584740340892145,0.593786246489036,0.558811027803425,8.55818527354792,0.857363999954961,0.313819358150588,0.187737948001336,1.58820464277022,1.54403307934286,6.4300809699846,0.120332457677456,0.101565607362854,0.110772822084912,0.097869259578197,0.18667613487518,0.155958339726637,69630909.301218,680839344.231329,138194704.658683
1.30630495964057e-07,199.008373306789,3.45907292056918,0.0778176456327718,7.63126033110766e-06,0.00285338631254686,8.86294267326286,0.856692815863979,30.8425912325224,1.08492307466982,2.34027748663633,0.852020671264639,272.38268930952,4.29853984915417,9650.99838017455,0.335873478268795,0.099747171667291,0.582589482178437,0.183630304307902,0.0534081977169013,1.07616485747302,0.187666081683639,0.102806928746063,0.695918032735556,0.83495545558862,7.33097662796762,0.83885937270803,0.673482029208685,0.131256141076254,1.28144744596587,1.49779659301621,7.55933662247271,0.0846332115518442,0.0624352421245262,0.0737247232640909,0.0614286200572843,0.274178316869677,0.262284380094923,53161886.3592518,325037682.999419,75010030.7174219
1.35094514847678e-07,67.4423823229381,2.46546653688045,0.0296025851176808,1.82933973334223e-06,0.000614032041686051,7.96430120193868,0.637873549537432,40.4206241278315,2.97938405317954,1.7222685589555,0.504306990493948,213.53209686066,4.90886022766529,15693.3545616921,0.404378956895614,0.0860914309041808,0.595319661738456,0.187669981575727,0.0618038293644045,0.482224096769441,0.135444405000596,0.0411617538408004,0.419720516086987,0.511106606947199,8.53278085588093,0.894479899577887,0.528077308213958,0.0203153107184148,1.81004834229596,1.96704629116375,5.34045647013065,0.0977369474058199,0.0359038771127238,0.0500758616862743,0.0174913482574964,0.821036478816251,0.632647856663202,27959089.1196749,341291633.544374,70036196.803793
1.07225906026522e-07,126.415891965063,3.59663478140198,0.0497063527795228,1.30558614149195e-05,0.000525798403085323,3.15160030779902,0.942902363974012,86.3725025313494,1.81332363641352,1.6727735999018,0.874404258216831,252.049072072302,4.30169578927527,7434.93200979148,0.966948607545505,0.072841879632033,0.635935937536889,0.179523072485255,0.0287952757738593,1.06126244396499,0.191012124378762,0.0510948944640224,0.6817913710068,0.554456528279768,10.0510897925148,0.91369262787069,0.57650705630206,0.0220693393540542,3.01828302124957,0.788972333411604,3.96236542543893,0.105126142723579,0.0493629877684621,0.065789487944983,0.0393325793531525,0.625853490538749,0.530440416726236,35040544.6903593,366767811.552351,48769268.0301953
7.50485915709223e-08,135.651694425354,3.40728711221717,0.0451705782288946,7.3389720242353e-06,0.0015907458131082,3.83740844197705,0.945060705689974,28.9042326082093,3.48295682013889,1.71431353729568,0.810980677927459,158.65763967261,4.05281249269005,5604.81774769009,0.735304048819525,0.160410183920084,0.560551415272202,0.265059464828794,0.0578965784117905,0.797003777638188,0.296169785989717,0.0642239434119634,0.570979675305875,0.50188503388197,4.6450104754689,0.883164138382428,0.460975527837536,0.115759151917771,1.58429150817235,2.28150486672363,7.2784601192097,0.117629302272871,0.0587722438540569,0.0888152714890477,0.0423410371060077,0.640046856626023,0.500360516313192,39579486.1075233,383391995.362148,98102722.821418
9.38534182301515e-08,172.525826773874,3.48042957174362,0.0140681535841795,3.71870908083833e-06,0.00192111436521639,4.1750103188743,0.671005676097128,50.5197447215891,3.12406981999658,1.32078774136195,0.622880264740775,130.509210561804,4.83611089999228,16281.7360933393,0.292304707592901,0.0555954066411709,0.397855849952222,0.0790704124548617,0.0298680331605547,0.716469530396846,0.188523448374902,0.0516633172723502,0.57908756357422,0.819224534442279,15.7055945444834,0.926526763817094,0.985587755960355,0.111154499836638,4.30859375419376,0.601327247392862,7.14113322596697,0.0844352918181452,0.0304498414399115,0.0477584558515664,0.0270827368620001,0.67924861418931,0.639370685121884,51513503.1044927,586975363.413723,70785666.1369346
1.1057975222497e-07,108.212516708192,2.85220583333409,0.0430417852486885,2.39071900287672e-06,0.00286565741260345,4.02790174703642,0.779568073316075,49.9656931764435,1.83424294817514,2.23862150967484,0.52138143152464,293.255061909967,5.90158616076043,18570.9400245935,0.342116323936669,0.0751610625572844,0.554177011629777,0.0895054897040026,0.0575255401686391,0.56778689852375,0.31232145199486,0.138716148881702,0.604775936629469,0.834121573769677,8.17178965906362,0.868077649563955,0.361807789411329,0.0534377137529555,3.74486316281077,1.18685399738225,3.68825073979227,0.075759419694135,0.0183614562219523,0.0381936454618674,0.016105974874645,0.787406306177239,0.757634677033122,37302542.4782681,326155519.743045,43339738.3419973
6.51582462016098e-08,60.8043160147807,3.03241188918314,0.0343350595209371,7.85846276316072e-06,0.000659202627543987,6.306562341261,0.842854300372075,52.0870105997151,1.52375009760203,1.36546906183987,0.916101674145698,133.661383716314,7.52066094866027,5515.11469595953,0.615324091413527,0.131508866583122,0.686900090661324,0.292537430326154,0.056579545196571,0.493590625895752,0.202525331848259,0.0890541809742051,0.538580621324783,0.730411322624475,14.502643795503,0.931108387597375,0.272592805566853,0.185617090520081,2.30526758020043,0.825184378000959,7.44889505404544,0,0,0,0,NA,NA,0,0,0
1.39476278585351e-07,51.7997608473202,4.25941048173142,0.0537383200986076,2.52763256385449e-06,0.00044401476744384,7.59220352920494,0.616722103089623,69.5938925607944,3.89182849118642,1.18146337777372,1.10872912929044,153.555282548546,5.82926866892814,10015.521169088,0.284909302494877,0.0517467725237197,0.337911851604749,0.0923723118603001,0.0952884279165855,0.923742059411232,0.160763151129779,0.048802765013905,0.66376649389767,0.589947626011466,11.9803148410269,0.958726668520411,0.607341138431659,0.0311357215800492,1.90142993434914,2.00011894598211,6.11867958031714,0,0,0,0,NA,NA,0,0,0
6.0797193500499e-08,197.605807467755,2.39257634311844,0.0392766914971422,1.80042321499551e-06,0.00283910769024924,5.06348433449985,0.604135987748623,88.7345037530942,1.12379718731778,1.81936211147051,1.12857006776752,211.235942022353,5.91596770844997,9675.67912329099,0.687614448827758,0.111424683131673,0.376491929679742,0.219439003368817,0.0818459149567548,0.73823978096416,0.355197507475583,0.0410901809726644,0.697091574635944,0.756066033437413,4.08303313548636,0.922082685606435,0.538051915491697,0.0719349713866526,1.93259541853488,1.91395768462629,7.83162890817304,0.129484895649817,0.0846800753140847,0.111051647577968,0.0779088183533762,0.398317325257183,0.346023527384258,81056489.8020438,733940614.203271,105799192.486379
1.02349182383257e-07,129.400693872277,2.41581479276825,0.0467845264616721,4.82132449123388e-06,0.00111206286724095,5.07053010867599,0.595881536511186,32.0948346385099,2.72134280581325,1.3937653886302,0.517778654420963,153.905520406965,4.27313746825047,5342.70488504824,0.374271235808282,0.14237698859482,0.502249890904021,0.124414185110821,0.05708587074837,0.53575439313978,0.119845851265375,0.0917816310078654,0.578249926690127,0.624248231827709,8.71992706033475,0.927172131066891,0.584833111022266,0.0390180393661599,2.53995477905589,1.24378295139793,5.95988350159709,0.10209960081735,0.0503859394338957,0.0709860896495481,0.0437863599077109,0.571140733585805,0.506502091775725,52421098.5619294,518236555.894053,85913086.0366714
8.0796680100344e-08,70.8081095263629,3.15622125189726,0.0149172890544707,1.67743534045299e-06,0.00140518613969395,8.66616678030555,0.738246516945678,39.4193418342197,2.05736499480192,0.949064735055598,0.911266801244366,269.037306972353,6.68531918182652,14429.6382145923,0.623523565042327,0.112601819260939,0.326879937798926,0.095482089493924,0.0332818128039276,0.514151546373717,0.311375496108964,0.0506917019813341,0.750014692221476,0.492041809530365,12.5190444732519,0.896972159893434,0.333143477692094,0.256998206799386,3.43895019333299,1.22335417180541,3.85177178223257,0.0985309177233412,9.72705099755705e-05,0.000200099210390102,8.6758062853663e-05,0.999119483864981,0.99901279200252,22952673.4830543,237482905.188194,40015.3409180706
1.12577025193771e-07,63.5692938813781,2.27128325832269,0.0322962516074064,1.00400553273695e-05,0.000554484724980076,3.10206478751731,0.95,90.9305126026341,1.25847517031382,1.24302515001734,0.855534149729993,137.674408471405,4.65694123384322,7938.19298394996,0.816799688462716,0.0511959117503264,0.719982375665121,0.155994550987068,0.0911399635855611,0.674701801267092,0.222694536476945,0.0952428140814627,0.596446907435313,0.6215011248174,11.7801889914265,0.833023862683047,0.500000849771261,0.110385349472929,3.42071199354606,0.672699610701692,3.4947707400494,0.100839858668355,0.031948862150004,0.0499038193595513,0.00814919929202935,0.919186724380181,0.683172283540397,28568128.4191723,341228143.961044,30899824.0086425
1.26241248815263e-07,126.298522116627,3.58131976672013,0.0109570329023342,8.06083690785101e-06,0.000847022642790117,2.56706085489212,0.791468321339722,64.670466462399,3.29032585220251,1.50957924373777,0.491420353385048,226.735446350953,5.68248550597862,16431.7355155643,0.34812350437908,0.0861212940205837,0.320957489701296,0.245820909572866,0.0558446431601613,0.864834738689915,0.257869807865205,0.043586155418037,0.533918387295278,0.787697124073267,8.70104548820761,0.843360583209501,0.280018052537839,0.0573386365820709,3.91709797071465,0.89750660467511,7.18174859895095,0.111055294034331,0.055353028034219,0.0807173280115853,0.0498853046252606,0.550806604412399,0.501572360727733,37198030.8436883,505104377.184935,61266102.2933477
9.31730132239099e-08,137.910018526003,2.84981946985588,0.0100681108677218,1.95316513634139e-06,0.00145708036958394,5.14231167401558,0.694543449314485,57.3430930380318,3.21680745438702,0.972371637898968,0.746130370586847,299.88095267895,4.40400374874424,9437.52083930227,0.529845161589796,0.0743244136414748,0.693739301951046,0.0990271490436622,0.0403493132751257,0.801069469844205,0.359802424291776,0.085621380872479,0.713225043727906,0.647452932036274,8.92588012597007,0.957963193008259,0.398363458971806,0.0582489847267859,3.47492924570016,0.697761045887692,4.88257502287241,0.0920346608908237,0.0372416468896697,0.0507544428685217,0.0304029152144761,0.669657986239102,0.595351941005708,50811018.3067089,643213093.324822,65477917.2428823
1.83944830714697e-07,185.511901717441,4.43847627802934,0.0274439730864382,3.11305309478133e-06,0.00154805816331446,9.57021525934136,0.573099491952268,40.5643774619169,1.18238308305772,2.69942414937747,0.622129881476698,159.05588687835,7.54922556965361,15940.0349028941,0.560835463919488,0.117062596256571,0.750916256581564,0.190188664745466,0.0655072018608221,0.56012536205162,0.190425724071313,0.0647919479247306,0.840747273357219,0.541736622826796,6.45381875617821,0.890055465132726,0.892431673213037,0.0488993598960577,1.42518098881977,1.27667388463524,5.78249442851663,0.105973097784051,0.0872356814559272,0.0946044082829445,0.0834541826167106,0.212496526365861,0.176812952720384,41373434.5626295,396817390.456014,79868261.9558465
5.95994945931457e-08,114.697249569837,3.71474080146686,0.0552246722578598,5.12474814439808e-06,0.000434536324863549,3.79011965925552,0.839097904373304,35.3537998481659,3.6757332071039,2.79072904992714,0.846303265085925,132.2129163247,6.91974388124318,7406.82045341076,0.659370415217052,0.055779325054915,0.695678073178609,0.11753960911655,0.0493095386368204,0.674035390048062,0.263794352123756,0.0448189695035934,0.416868854033727,0.68780063817747,4.72702242898665,0.954761396944538,0.328652318775442,0.0707821184870944,3.75091268604241,1.59760071172772,3.2450179256692,0,0,0,0,NA,NA,0,0,0
6.03860893762028e-08,123.822195214553,2.22609543090557,0.0159688103586275,2.33338016931551e-06,0.00296796439084165,4.21579503491409,0.820037207419,56.6736783712316,2.70954380157543,2.2785665009623,0.61949488994226,129.068794321939,5.0968420590762,11595.3398656343,0.293775488634295,0.127177736353417,0.604975788927474,0.192552457806315,0.0742674485680539,0.814882047835849,0.213422449182303,0.0808380495280234,0.735634081256644,0.728274531291897,6.82008686212139,0.985704722882948,0.506882324559687,0.0341290060643943,2.7175438451123,1.66123134268808,3.21990317021443,0.0942782024277306,0.0202213115860196,0.0518834540933428,0.00315706011527482,0.966513361159014,0.785514455459412,56759290.544064,571120766.197787,9287352.50282247
1.10400606695805e-07,108.693579113805,2.94756877564249,0.0373125610604916,4.69538644623254e-06,0.000407242333970739,3.70569020909146,0.763555302775589,70.9306881915276,2.11135428618292,1.15221949755245,0.482512342896398,189.078456783826,4.92369414737726,16394.2532980777,0.43016445617156,0.133595833381719,0.404624333222872,0.178857153756696,0.0548416642944498,0.659989319928493,0.349139680126438,0.0474183697269279,0.460549525717976,0.588931629750501,5.13556229183576,0.960261804969535,0.533994200529885,0.0475794239863432,4.79253228275764,0.960021273345489,5.91643919313516,0.109137129183238,0.0417029894959989,0.0403620594862985,0.00236353787713106,0.978343411680156,0.617884492581981,37260302.6856514,438797663.518324,4400220.77050998
8.79932468793516e-08,88.871657755765,2.88446012935104,0.025599027458318,3.24110579804943e-06,0.00100303763135845,9.73584825677369,0.622140985493165,38.3687458593058,1.16718367823575,2.18480921827514,1.09576052268625,138.324048127682,6.35621237556041,13570.2969226533,0.472731717187537,0.0609103616462943,0.690062133850606,0.114423738935473,0.0309330908214005,0.719918141950304,0.148314934595112,0.0573102314761551,0.385941097017184,0.840497784492274,14.3038410575266,0.840358493587992,0.339965418279551,0.0633871260497988,1.46418923657604,0.65836099157119,5.8115565874287,0.0791351134010917,0.0104646054672077,0.0309347122465802,0.0013538336848562,0.982892124283763,0.867762804430842,31891749.9155528,371924682.284259,3792878.63307465
1.25204008105542e-07,52.1836559981295,2.20837416834591,0.0117542598799695,4.61300961392904e-06,0.000498025831764292,8.48301316276235,0.640070812185568,57.4845990746769,1.5033109201699,1.03999603936948,0.858740928306016,312.833941194449,7.95450737706742,8654.76454270609,0.290918612722577,0.0976553203431553,0.733768462631531,0.227259089635489,0.0346418219481145,0.676595688234863,0.141302182652268,0.0594630051906447,0.824837801032926,0.778495021890967,4.41258046154508,0.852010827765289,0.259773599129417,0.0322194934180926,1.45439507382857,0.614476952602634,3.72240742514503,0.0737786072749163,0.0105346839105109,0.0267032220605948,0.00184679168216092,0.974968466465091,0.857212215036045,25271608.5971238,349391912.838699,9202774.11731949
5.76947549215743e-08,57.0206578696268,3.80186124288332,0.0147214023142724,1.96054190584784e-06,0.00103754739108796,7.88281582676312,0.71510332647178,86.1124084618239,1.8450673382428,1.46057169710953,1.27400020267544,233.162690978788,4.32478969635598,8583.74273358971,0.604309895085928,0.0674255595101709,0.449586808261135,0.262657627969852,0.0331810478107731,0.527135391420378,0.399924661815039,0.0494296172077321,0.7347324435215,0.7700889328222,13.6934713221671,0.97058699713516,0.666286477776097,0.0214479997657037,2.95746926013531,1.03836706260989,4.06609527756786,0,0,0,0,NA,NA,0,0,0
5.52959411893946e-08,100.655155492627,2.39085691330197,0.0770048625581357,8.28686493652909e-06,0.00154462808396541,7.44327611250276,0.594773196767198,56.7824843519712,1.3884815960964,0.964947282100794,1.15995858208342,122.050071045739,4.816978351343,6424.17795054726,0.409367674520398,0.0815855526756759,0.571139441111716,0.10261464085275,0.0600837223369673,0.577011217212676,0.280416750757412,0.0841960396115883,0.834911906027681,0.54045414272478,4.70581873846123,0.974491256812363,0.484411137277344,0.0573907272208863,1.95284529323182,1.03506163775679,3.89651073202274,0.0824896013550453,0.0203771672144041,0.000344655552475604,0.000135692945886507,0.99835502968062,0.752972897435904,38259994.9975392,318346018.406141,223070.743736636
5.68371788924177e-08,58.6065792990369,3.86208935438828,0.0202948483015299,6.64293893036207e-06,0.000797160535338926,3.97464806732664,0.752391839978286,61.3565538560281,1.21802831873519,1.69557317978153,0.594544801188353,195.798707422936,6.38727636444798,12163.1223337957,0.450499054480674,0.109559988100541,0.682938308786841,0.252081738279296,0.0406819533975289,1.04133788011459,0.15879245876558,0.0765250584532409,0.474804339460501,0.707713064784411,15.737237445112,0.842140654407687,0.320345445152269,0.0261173546485611,3.96569527908449,1.27028535503323,4.31254035638361,0,0,0,0,NA,NA,0,0,0
1.01545003282082e-07,68.8053122705451,3.92030177753341,0.0260832768969795,1.0529747228624e-05,0.00140184644459816,8.60620879873454,0.57891414648536,82.6427900182921,2.34745835665199,2.32062123667163,0.630817354439726,245.943454280245,4.58511099795434,18712.9096201448,0.278432295233479,0.0636803944307234,0.329631164627596,0.258626951539463,0.0293939184069596,1.00986618727595,0.105564809346301,0.047306351067628,0.725550757938258,0.569236298597769,5.62453411699293,0.845585160463881,0.445783700867702,0.0460443261016061,2.85317666770322,1.45083080050794,3.16046614788129,0.0718812393725135,8.75114373285137e-05,0.000191460023769784,7.73512727025493e-05,0.998923901794435,0.998782555252352,17663169.0406204,180880400.690764,47813.4656584078
5.34917746595643e-08,77.1818975636614,2.61084776368375,0.0228134486432261,2.93388343354728e-06,0.00204292643468941,4.30769706030199,0.69288245233523,82.4006303445168,2.30825200568246,0.860509205372254,0.706665517146301,196.701902082275,6.56382911879712,7050.57069682864,0.4082846066545,0.0509630803633424,0.636769789631546,0.166824575106199,0.0418815080718465,0.57178131948978,0.322668987417468,0.100538805183898,0.438609813789811,0.79463237770484,11.7017542905116,0.850653083197481,0.493988031187193,0.229697555122719,1.69850444537638,1.2252270565777,4.64998544565783,0,0,0,0,NA,NA,0,0,0
5.90412232181405e-08,62.3838015598937,3.30411504360159,0.0166056296450286,8.01191612880283e-06,0.000353231828071973,5.92613925389166,0.569853204441052,48.0556489515147,1.15847144620242,1.51795612643393,0.79032078153639,207.303230800697,6.12204125338839,17676.1117322586,0.353852585750456,0.108262636400503,0.745789118586863,0.0935193632767016,0.0993145534488032,1.01307409173321,0.193253512368524,0.0665754127261465,0.673317953535894,0.549071401935407,13.177405608394,0.868696530038921,0.925105946723494,0.0470651735808874,1.66705540002139,1.2515994806501,6.07492388504633,0,0,0,0,NA,NA,0,0,0
1.16528531735926e-07,90.2002465331898,2.13967892864408,0.0209451257642857,4.47888575719054e-06,0.000702405215632954,6.84165140632228,0.716308918609482,46.2080332753967,2.03223511355982,1.02763162747319,0.805411688285999,309.473026990944,6.32733820938222,5238.35558329135,0.3880149606562,0.056493924236958,0.607386828409318,0.279318856138237,0.059407952749145,0.495577732350381,0.164702405450162,0.127908720220752,0.850524312869965,0.794200466968577,7.62088826864751,0.969044376553976,0.698458601800316,0.0857992757509488,1.39146314220668,0.747780409588015,3.44682027405152,0.112655935727001,0.0505087641155768,0.0771820884676314,0.0438443565307243,0.61081183829521,0.551654657256811,43312766.9185448,561710578.63761,56897572.5591692
1.63847996377727e-07,59.4739212666893,2.87116319488807,0.0298088499698094,4.83029141019651e-06,0.00185800198822542,2.90727051561717,0.561057535309991,96.152892262484,2.12235370202165,1.45668136618223,0.895180903883591,201.956581162513,4.53571719250206,5366.07713041443,0.375717615878949,0.159277983626876,0.752152940638312,0.100040576431694,0.0754419622751564,0.496987181832187,0.204109701122442,0.126984534193744,0.458854816012569,0.718606776544636,11.167675107394,0.97923338338919,0.413479223938927,0.0549869597516927,2.92339091439751,1.88850974273153,6.77237307169309,0.0593256338176496,0.0100047570394703,0.0288515843782258,0.00564858066101034,0.904786846806012,0.831358615228247,21023462.990905,217762523.218754,19944765.1685215
8.68376127380934e-08,169.383190954952,3.64569593513691,0.0534765700867743,1.43464230954645e-05,0.000506914212409508,5.61490992587553,0.786814624328141,50.0080824664288,2.54657968828573,2.37959410490466,1.13915661557292,155.788700911209,6.50137689360482,14658.2014928926,0.423985301417455,0.125344502257346,0.40648390486578,0.110489513296317,0.0599822357243033,0.527769462183374,0.129383331285007,0.117826936674564,0.400054849605264,0.677978212265451,7.07762823372598,0.87336231055006,0.60464269201815,0.0218138073579349,2.40001348414468,2.20647220870141,5.87661858389179,0.105348207287457,0.0403059764619102,0.0685117584177935,0.0330182157229997,0.686580184199006,0.617402350740248,46026142.1987155,467334731.973084,76211721.8517105
1.96665873109358e-07,59.3244423254432,2.37006268085902,0.0397872768512111,3.49606964204496e-06,0.000937489001444009,5.95178690847757,0.588062314763358,59.5785164287919,1.85696680318025,2.93941406766721,1.00527168219533,279.274455896909,5.81273592720068,6117.07781404067,0.649699633943246,0.053120372277812,0.461482072065737,0.111726273033602,0.0660600451375471,0.809668966886087,0.194049300236965,0.0408585573109054,0.557085161368817,0.578178005617262,5.64619883734267,0.956776268182873,0.820559288399643,0.0243882665366003,3.12087044367646,1.76380922723118,3.51030366321583,0.0878037457115496,0.0383045523932036,0.0540563154972709,0.0320824865801728,0.63461141298494,0.563748082923015,24914572.8272034,263705677.922435,41962102.5858043
6.94731408954704e-08,75.9141412955839,2.70969592186952,0.0132567269622998,4.06243892876907e-06,0.000408710363496029,3.43215901905744,0.829191387698525,33.3524592958139,3.96475447850916,2.21141841971582,0.881448902126128,301.10145606547,5.37883896565816,18253.8708836895,0.351783279187723,0.0762393738678498,0.407026776742629,0.282387449783035,0.0359638916732627,0.907939870716126,0.116806912663325,0.0833653359642267,0.758534057072054,0.69109867069761,15.9642580050762,0.944090130086978,0.44294134544739,0.0350395288880248,2.30025384185934,1.73781973260126,3.87719617525004,0.0982774532480824,0.000134426300026608,0.00027183577297863,0.000122353017472806,0.99875502454094,0.998632175584696,30028896.7070349,359608172.925075,68236.4035061415
1.60788227239163e-07,144.949276732988,3.22079336914991,0.056023157245933,3.43868519304642e-06,0.000346965433332819,9.38900745214935,0.815421372868827,27.0909256829179,1.3364922850479,0.984930054810874,0.937965040307569,166.661033447953,4.85557728754589,5329.54724090265,0.484003119187999,0.192180661668939,0.48465370984428,0.219854081977147,0.0375445082967511,1.08774127298468,0.388254298416311,0.0444563754455762,0.82995505904089,0.688982052954117,13.3247654717731,0.983757163583664,0.992979741476561,0.108893613473803,1.29425446560661,2.02968722080394,6.10351796458629,0.103407763216947,0.0786926090359086,0.090109611696809,0.0754832470141095,0.270042744704304,0.23900675744418,43713835.6461724,388352048.45624,74575704.6693537
1.56887715172672e-07,97.1653595975171,2.92807124622218,0.0363364944810866,9.93793970561221e-06,0.000771537120243041,4.09155199970807,0.755875244314496,55.5010559246469,3.47376216635114,0.821377087060148,0.501982027321342,198.386043467624,4.33315293979876,14035.2768791628,0.288408601421047,0.0654799320279593,0.384624684678416,0.151638036745952,0.0685687145426117,0.649319488053084,0.259994744186786,0.139399527958282,0.742553271287743,0.733313948110016,14.7043186698635,0.838639810938628,0.725421766312323,0.214972218123745,1.72301657994094,2.18128185296122,4.16196457779773,0.0904011640178663,0.0402557042225953,0.0644731347432391,0.0368144239662149,0.592766040502099,0.554699271188152,33401588.3785036,361771488.169274,65050117.7724915
7.97112946985609e-08,109.202219506532,3.13221009873942,0.0515777830022398,1.44247402807817e-05,0.00163199147984435,9.43144884509769,0.847582522141474,85.8492036353884,3.26859039399064,1.05383529140584,1.00293568088331,123.589393628148,8.22553214780712,5463.41105727696,0.856711288596476,0.180565382228125,0.789891926481145,0.139333605203262,0.0297827132046448,0.643797520801543,0.121868549589394,0.0493041078346996,0.690505514458555,0.520252492958069,5.2842141512534,0.875560649782517,0.407380294131852,0.048241420552572,2.46911568144445,0.994870129088828,3.18434846624468,0.0987803943630576,0.0351634416627764,0.0524066705205617,0.00407223924944498,0.958774822922068,0.644024080997929,34103957.7072863,317020673.564874,13671795.8302143
1.63567878883005e-07,54.7140706843945,2.38554569849013,0.0553821984340834,1.12908851207744e-05,0.000356293331496031,8.28112146525552,0.723742106380812,43.9022900675316,2.18006697038173,1.41816055809836,0.784894562110527,144.025094961387,5.18093786353956,10593.4529705214,0.808486141376492,0.129361146473922,0.626795405952478,0.208023634407935,0.0826011293397801,0.731463209828816,0.113144281321789,0.115746214498055,0.677165150802443,0.880403001427349,6.69296411948961,0.987674823957015,0.292995205461502,0.028017292068117,4.49778240240497,2.13444224202432,7.9544575496229,0.0990940115852167,0.0233784380853447,0.0661124600015005,0.0191385494531748,0.806864722226767,0.764078194924622,22456622.4047574,233814927.441583,16111175.8529558
9.52291168061594e-08,110.692123341512,2.55060978093699,0.0276860812463752,6.65898772239218e-06,0.00207419433163759,3.39528375761885,0.619863564364526,31.0043388808298,1.4092468147369,1.13874983748783,0.65282133273183,203.675525894931,5.18328037804793,10033.1231264573,0.262250191940416,0.130393079913149,0.662418869137438,0.117464251517268,0.0554977922703296,0.87938363762351,0.209652594030261,0.0610736863795591,0.620825886161004,0.634758411480306,6.88679950435622,0.858398357744413,0.372860671547948,0.279695144119016,2.08130419161178,2.2671116385271,6.67647294764218,0.0642650109395188,0.0148106733115965,0.0279655199314443,0.0107532766950869,0.832672918935514,0.769537527574139,43865307.1907123,454463388.400634,69843009.0150146
5.6690111265005e-08,52.0213134027899,4.11186059686121,0.0146604187852947,7.94991260786665e-06,0.00236606876282502,3.94056749035786,0.630238686897735,32.3770763789422,2.33360728469588,2.86887533539229,0.742702312395725,214.804395692797,6.10643185268631,7303.91162178016,0.465149966815809,0.17918679775263,0.776392480582468,0.191430791602737,0.030229155439333,0.602440746817962,0.104588883844746,0.109141145069696,0.664336173477349,0.697140626842359,9.25905125837296,0.967612806491761,0.667657465990498,0.0692834163770224,3.34023849745957,1.83195685552392,4.32873068983691,0,0,0,0,NA,NA,0,0,0
1.76840348809471e-07,136.419815332821,4.32007288382214,0.028268302973348,2.89348601202951e-06,0.000777951685377424,4.12207978147888,0.650211392003794,25.2826815385568,2.56475267513449,1.49599901147219,1.00374356276031,140.729003922587,5.31714749307443,8125.60663553445,0.320209303173647,0.0922703797828564,0.614365069076285,0.243970887538356,0.0446536175321174,1.24995932917362,0.146203862954443,0.0431570510227778,0.647912353365951,0.680833636880164,8.02785570780408,0.916017631485039,0.324419169521185,0.173198277901175,2.13626077443586,1.89350185554597,7.89947444270963,0.0749591679196658,0.0472993495415718,0.0552014624044476,0.0441468935904607,0.411054113650605,0.368998471377606,32309303.5263142,354821838.627228,52629890.9400498
1.17590984184359e-07,170.165883221859,3.07496529850325,0.0362675260720394,2.40261393190497e-06,0.000341620420404327,3.03535449964307,0.69270784276688,30.1061998231262,3.17906162497121,2.28240003382472,0.81871548334249,197.371674247868,6.53127284427067,7555.94043521981,0.612243999929052,0.191057361974282,0.514991083459099,0.126285105769949,0.0622678645469842,0.516076432587058,0.153942166619349,0.070331467895808,0.422546945554297,0.808379789142228,8.76654044172101,0.94852058215847,0.58738334582891,0.0856217265921069,4.46122580639938,0.932394589236603,3.0358229072451,0.117653431637136,0.0853910409176899,0.0992522495278912,0.0819729312747749,0.303267825390812,0.274215467160777,55422538.2902277,617079783.268051,80636491.2223884
7.4796851693766e-08,144.165983865352,2.52219562907192,0.0747676729233549,6.70756190607753e-06,0.00182586136332483,8.61105590098951,0.592206334082219,45.5433280182578,1.34342593065199,0.771618499570887,0.685040531341783,129.259779214492,5.59443915987545,5274.16694229671,0.409732684812753,0.166390825060932,0.654514947627685,0.234910864170222,0.0482980495870664,0.786452866969962,0.231350217535928,0.0528552639580541,0.513226959315791,0.673828391488453,6.65158403060916,0.924889677414791,0.954303616037557,0.163278871748031,1.48035369376325,0.833202900480275,7.82158479973356,0.104318406494133,0.0367118716349233,0.0624840252634399,0.0290462439028416,0.72156166031471,0.648078676920855,53647990.8543641,436735666.98747,56693839.442243
1.46306299636441e-07,82.9459235775723,4.1497614965336,0.0134154580903824,5.40635102456287e-06,0.00132727029031723,5.84034428249116,0.927048619758698,67.2785079047574,1.63134972565373,1.10681160158304,0.92690277745713,304.306534124739,5.57036280851204,6598.87499370698,0.801409067251935,0.116449250725021,0.550653942819014,0.0902631648225373,0.0512175778911404,1.19440473908439,0.160433979664958,0.0588268474201859,0.565648814408054,0.567396257571769,11.5540378088819,0.883443409722501,0.331373138836382,0.0270728123427542,4.53400421025127,2.16715678815785,4.24836794446936,0.0687062443366169,0.0178129236506841,0.0369529308137984,0.0109557700890895,0.84054185765979,0.740737922401753,21170473.951186,262311370.438712,52611772.3893211
1.51040923157925e-07,180.933837130384,3.29890604985007,0.0453361440407373,2.41246724899017e-06,0.000452119509473276,3.32256118586875,0.68475863932688,62.2751440881281,1.78736518377394,2.87887712584433,0.546603952563968,258.073298317971,5.15220660468158,5797.43456554708,0.603084628244439,0.0559992844161922,0.534028800068127,0.114977898365421,0.0860964551001631,0.509880167957173,0.172319828283506,0.0980117386960536,0.502204835727134,0.522836988929357,4.62543815600754,0.971867163609981,0.405624950395481,0.0481210696141776,2.77281811433364,0.866907946033043,4.75946961794384,0.113658191915459,0.0917474666197284,0.0988408379163613,0.0868368495328971,0.235982483361269,0.19277735222137,53303992.5397496,508082233.555981,76455765.7941769
1.94937917422135e-07,181.863845789928,4.33821730809742,0.0237428594122119,1.4038597733723e-05,0.000511825995012158,8.79621340415942,0.614184000609867,25.4569008807539,2.77293627264447,2.50686611421569,0.484021546600212,253.929268351982,8.02301233746116,6581.16450651101,0.330249438160979,0.163425663360221,0.447017775376682,0.0874516500954071,0.046689922112986,0.600886787226978,0.333840006359726,0.129692702035036,0.635534688716052,0.543994463109735,7.49877523625979,0.934969164122662,0.299612436850944,0.248366916987414,3.6130478315097,2.19252025579918,3.00246228206419,0.0884193497916255,0.0606012939695924,0.0687470018560772,0.0560781767116661,0.365770311093404,0.314615023607286,41838233.8550084,487207135.484816,72952757.6779228
1.19390387409991e-07,67.1468490850188,2.20201596495588,0.0498826544180219,5.82241703179767e-06,0.000774346605084105,3.63651361374305,0.616422362021664,27.8401910654696,2.33873014874093,1.00530181850634,0.708694738096297,127.155829508114,4.85379547262902,10290.9610186754,0.964561730977017,0.139792918727671,0.431228452798237,0.154190005421103,0.0264786715859694,1.16851234051327,0.224277258324684,0.123054580335898,0.479832367280257,0.744201505598697,4.37934591995006,0.849273315470874,0.594129945648808,0.164270323543652,1.79547542300351,0.602616770298748,3.52207810480476,0.105353808728581,0.0290973943347284,0.0546340888110905,0.0159534086534555,0.848573024117659,0.723812601690643,29915052.7617951,309959832.375514,26836235.9524842
6.66826554506142e-08,194.89596728548,4.06301919373787,0.0179091626006935,1.27538815386227e-05,0.000854115260197571,3.23891567959456,0.590181034813692,69.9165435334937,2.66313013267897,1.0258333495774,0.780878363518063,249.539151425073,7.65779973388459,6702.50530691828,0.880914630539877,0.199606912474902,0.331446082779281,0.135202409609708,0.0620184091212071,0.627962190928725,0.227416168687814,0.0580509143353004,0.38681090275174,0.74027634123701,4.04505441861647,0.870281213581354,0.807255852647181,0.0523725444314529,1.22795362887654,1.59143824238034,4.26511033598132,0.126890559766996,0.0613291373179688,0.105144896146233,0.04527641771606,0.643185294483694,0.516676910949207,50519752.7612182,648896602.949899,106546523.171119
6.77079191419196e-08,143.900555305739,2.37428876033144,0.0601353441001813,8.780403970458e-06,0.000445152655445234,6.39585947295201,0.592514692700162,68.1861272361545,1.81788085962131,1.0762471849043,1.07188179389095,161.414234771869,5.25352979839597,5632.73023643476,0.262885747217633,0.101927208873082,0.484178800678602,0.224800623427355,0.0624851095045506,1.14994947185054,0.176908253357523,0.0818977192758496,0.377106286626713,0.557999313965886,6.99035630719144,0.871473724259162,0.746738395616701,0.276467018266082,1.40942204766544,1.08106127701432,3.63614211296718,0.0946068023786696,0.0309719791374037,0.0471632491014639,0.0166812158415592,0.82367847319486,0.672624183899203,58685523.3397879,588182688.12556,104683023.808825
1.99710077000021e-07,170.813837078797,3.23250267806508,0.010414353876284,8.90818875953613e-06,0.00162431799164709,8.63496093534038,0.685461045805027,50.1536191216349,1.56495516861327,1.26044482269206,0.620062855014681,181.24542719385,8.14387116034144,9311.19350544883,0.587063340021396,0.12376495602091,0.408104509927153,0.136286372683785,0.0467449251337213,1.12284152568315,0.276636175664598,0.0438324918180889,0.719302016493891,0.556069643358484,12.6584092793097,0.937194245307561,0.386258520959428,0.0806901287064873,4.74213355760385,1.73659772760853,3.29063494296035,0.108875940157757,0.0887800127736381,0.0951450037684371,0.0839023749796231,0.229376344690554,0.184576384415148,53566743.6429828,595565474.14785,90266787.6241514
9.6284350210183e-08,59.9372094632437,2.35772637084917,0.0349201342952304,5.5346210787754e-06,0.0004609407326734,8.46307267833728,0.907830606284998,68.2552830508846,1.01349898206756,1.42557617470643,0.541882084240914,163.888087285667,7.68999141998602,5074.16682768538,0.749937739662184,0.0759172063787639,0.49853102680667,0.0946426024087157,0.0292523590629791,0.550044855087566,0.102918273969355,0.141524375182664,0.398559683551045,0.673367356788401,6.31784001516652,0.835422450482442,0.374028264271074,0.050137955797494,1.78450498471816,0.847846844457558,3.33376638120382,0.097033447617848,0.026542096452215,0.04757703609278,0.000671937826073029,0.993075193734027,0.726464460412175,25877866.0581112,299570403.784153,1000789.14398594
6.87460939607389e-08,114.446153676871,3.8794794119038,0.0194847915767816,5.37737636138084e-06,0.000605254954141735,2.76960508418345,0.915673893483184,62.6375331259228,1.01652930544355,1.16467297596155,0.824382657136328,192.960302491698,7.373270564773,13458.0444912508,0.471151404093866,0.166235844205568,0.457600385296963,0.262246184231512,0.0938341348432837,0.989815542258449,0.106368112861912,0.120466052041457,0.474381253004594,0.604879463518973,12.9109193762335,0.877785609502567,0.338791095067744,0.104996737876568,1.81289152447963,2.00894101681652,7.79487893030069,0.102685992931781,0.0329444099230573,0.000802952470032707,0.000284657850051255,0.997227880435062,0.679173283692706,31201566.4293149,378343419.570536,221471.505746996
1.69140648121489e-07,78.8730613776222,2.53480444153715,0.0327939267441044,4.18448993803624e-06,0.0029150396848637,5.51771095775422,0.805843718593207,87.2675243139266,1.01875651872144,2.47594888377302,0.568271210479064,202.328821395537,6.28721664466252,7878.0512475403,0.382497604446982,0.0556793839282956,0.316682161281861,0.0803248903787363,0.0651713178963485,0.581518171401155,0.121930133405929,0.0556133469926289,0.387635478804089,0.513686871942756,9.40008743008308,0.881186099414994,0.413693921354308,0.240810183878926,1.94948855139864,1.51675571107299,6.57956795177265,0.0860111833134388,0.036818749463577,0.0552094396588745,0.0305094701011027,0.645284846391181,0.571930671742959,30967306.962996,276655757.820147,56598247.6152556
1.04487734540905e-07,130.644161462193,3.29510498619681,0.0335478532206979,2.94518729648214e-06,0.00225278345441493,5.22805895595263,0.67724285916457,37.0708370501562,2.10415210046503,2.92212604005241,0.814084644219462,193.198547409812,5.83933891381243,9287.35484920023,0.368059587818211,0.0692419627789047,0.532297698945462,0.137502751153557,0.0279557865810058,0.632521319220374,0.130440470138355,0.0451500928625019,0.793895072541381,0.899059756753667,15.5678293138162,0.850965704926627,0.336100517875901,0.22652095702662,2.34920659608782,1.10844616301748,7.26531773504954,0.0892511795778124,0.0272885734710295,0.0527965430654968,0.0251080863478214,0.71868062173978,0.694249716361022,39941200.9287272,386050325.696685,47024269.4374572
1.351770909161e-07,135.45596566909,2.2607758675282,0.0658698510704945,2.59267997601549e-06,0.000332829834025788,2.88423729677238,0.914999213887269,37.5681352544545,1.67798831881045,2.11767419890426,0.566478181682385,204.114983102234,5.13896823062943,10931.1989763662,0.910757427330094,0.0978525076359891,0.624108436945348,0.18814281852727,0.0808468727585624,0.646076032075237,0.129719810776755,0.039016968911377,0.674614916936879,0.767798446779252,4.60123548009179,0.929842054655972,0.298613297766957,0.0240373797112543,1.55033830725895,0.815541957736019,7.18272725749297,0.121733521091041,0.101560489935383,0.111202958512307,0.0989018560547322,0.187554461841564,0.165714677229873,56666092.2101214,486699626.845295,88830948.444534
1.33228550562324e-07,56.6402433807305,2.79588816664062,0.0505760081252915,8.56802585219298e-06,0.000706902522413376,8.22986208425451,0.887824111794299,35.1554310815218,1.79421956861003,0.791821222493578,0.735613651068043,149.431714652723,4.80775804873863,5788.46271486518,0.72705146784013,0.108211002473132,0.477581893506935,0.197368361321058,0.0368374076340586,1.02498197427856,0.399035639438248,0.112441477380461,0.46674300041505,0.588404102439753,4.69071357365451,0.846774853495345,0.462435300818442,0.0239708236799287,2.0517806701584,0.736397805569277,4.37230236107124,0.0941823349632099,0.0286197617621163,0.04453254526077,0.00435951272020258,0.953711991511938,0.696123888059306,19972855.0295662,206676454.401002,11746796.3739272
6.07622100831739e-08,61.2515371167341,3.95529648734165,0.0646672792285106,6.40533043340802e-06,0.000725539870504938,8.37526138525012,0.617208286083268,51.8121157118949,1.86497624787835,0.960563672974571,0.49408845790913,138.407706575917,5.75935656689107,9251.41192848237,0.41519073978155,0.183578083391498,0.607977368127805,0.0832812557391561,0.0574510432449338,0.928774673498114,0.175390124561028,0.103337210401549,0.769505242519383,0.616468690078622,12.6262934207313,0.963322885740086,0.66361217790976,0.0315159049642381,3.47009448612137,1.97322295282526,6.95564988496964,0,0,0,0,NA,NA,0,0,0
9.20538979021718e-08,89.7232476035444,2.75199586734751,0.0154959883704743,7.06673067627314e-06,0.00108780527672347,3.28984910611276,0.842159401893414,30.0397083778466,1.05810085908413,1.17823187118579,0.800094742726481,136.809294731902,6.83896618583166,15863.5822290417,0.855791885589852,0.124107727941477,0.513443486320498,0.181297309237201,0.0580385921863791,0.655287748743628,0.348633856721516,0.0679990910538559,0.465602407813231,0.6752440159021,4.822898804576,0.91541171389299,0.908370145226776,0.0261764114438172,2.07076697130675,0.798259560869167,5.42922114796935,0.118550717079145,0.0491115878395243,0.083016741919658,0.0108209579976946,0.908722964615469,0.585733523596173,34354163.5564117,428823433.728109,22386055.1560693
7.35339797779947e-08,154.606472353614,2.25115628268962,0.0262304657764346,8.74427810974019e-06,0.00232141833849524,8.86706460321792,0.586415354913832,36.7767425330818,1.80543276257841,1.31722186356076,1.13826210897234,272.680701252154,6.56299031078382,7217.14907267778,0.315106550521454,0.101180852629354,0.490917642373452,0.29776854886621,0.0710642968314956,0.626928483842603,0.174329069337833,0.0409300902734192,0.835638816465766,0.512595915861278,4.12722777967623,0.944474821022459,0.377244845857708,0.113547266926298,4.20665786329727,0.805998945529147,3.34078685315147,0.117684686946852,0.0648599342675167,0.0850634939265989,0.0522715812841386,0.555833620836794,0.448866832633812,69069428.0823511,706780010.928783,92667192.6949896
1.07559295246222e-07,145.590942454208,2.22044127671599,0.0129466705061724,8.43272699083175e-06,0.000944152547201173,3.0637236817641,0.861898839040806,75.8954252707594,2.1493959540234,2.01190056409357,0.737590273215524,267.343366699883,6.78052409666722,6838.82478043138,0.604907915829063,0.172720691591608,0.678928166406613,0.170075252128359,0.0408488080145509,0.629037713816627,0.326047306058973,0.0788406143932281,0.913590661512306,0.80783246184449,4.09230142661271,0.943762773107929,0.327857378238098,0.237046201865389,1.41153512186558,1.80141157264564,7.65982881038581,0.118530395026918,0.0863936727603777,0.101340431343947,0.0824944996260146,0.304022401956222,0.271126425076389,67537458.3444809,881808398.480255,116392718.653557
1.48983852225021e-07,175.933503510382,2.34094225055315,0.0313890960368108,1.25419670201382e-05,0.000712201554185613,3.52801565416487,0.762508858284193,32.8390987835804,1.11464190042507,1.63842447926027,0.557133067783648,173.474305230694,4.79732904617901,18050.1987773654,0.64274456536697,0.0532411828717134,0.300531895998636,0.167572105267898,0.0703721128952423,0.785202090775362,0.201875848347915,0.118971996644331,0.433318153623823,0.844155702414028,9.34175616740893,0.933099620648751,0.299855884395662,0.0985132284938995,2.54397098475347,2.10962673271438,6.73844891254627,0.128166976974242,0.111115450488113,0.120138655715576,0.109346797985132,0.146841093028922,0.133041497027399,73895303.5011012,781453035.584312,115442663.303643
7.27468005600145e-08,91.3738958627726,3.12932399308649,0.053684986624692,8.6005836802852e-06,0.00158099273358469,3.09604639426706,0.607469594107706,46.6069660243927,1.69439973588145,1.37097446510086,0.483374187095964,262.532097811493,4.25003201515866,5889.6456206283,0.549529397997618,0.0523842121468277,0.406041781048652,0.181688723976212,0.0296783355998481,1.27480810436345,0.112644658411482,0.0847892979482697,0.763058805315377,0.580427554623787,7.57270413507548,0.923128206558803,0.473064324599386,0.0329442246594261,4.40252962030079,1.11666622309679,3.17405626745268,0.0861943552536969,0.0206701503509949,0.000470043616624671,0.000200506830105787,0.997673782354823,0.760191368794904,27859668.9089358,255983102.238808,198623.393279154
9.60072571946695e-08,89.1246469109962,3.11205682039147,0.0894331817634045,7.28683658550389e-06,0.000360993179006529,4.64027796777437,0.845244692016355,44.5517932327409,1.96506057952489,0.810682494999747,0.520646184896642,214.282657478665,6.49380445712171,16682.6757089197,0.373788568214704,0.0586323177821544,0.318229920499785,0.296019127179276,0.0616116070817518,1.15618269735572,0.260307701376891,0.117589979910423,0.587094556502372,0.715431400746807,11.5902883175302,0.864453503546885,0.300973714169956,0.0382865357645734,1.29985120829244,2.33475054725681,7.25685169955737,0.0957190101476151,0.0228491793103019,0.0689037453654977,0.0028277830071746,0.970457456645094,0.761289013801287,26578441.8090733,227669754.6643,5088617.13918923
5.93183352852943e-08,169.690132979339,3.3050180277245,0.0805273963140612,2.51298523048806e-06,0.00184986343536904,6.86641497076744,0.852248776058509,58.3994142626351,1.39776877677355,2.45189784628504,0.808419951298289,142.833031234283,7.43818600047779,8811.56745990139,0.256915624630277,0.142714529033821,0.329089734922859,0.106356456631108,0.0400621399187881,0.678661760686811,0.397142666047968,0.0758576953303759,0.786093133263882,0.867648385200731,9.56577794218232,0.919399190726308,0.921172484017308,0.203386848887438,2.64365501783862,0.772357459850399,4.4376385342616,0.086582943188944,0.00942803311975288,0.0297397800471575,0.0023936041055908,0.972354784702024,0.891109810171517,47977745.6159166,380232877.382497,7416479.01746341
9.94958921516092e-08,53.7585685734147,3.72874762122069,0.0861283957380519,4.36992750928982e-06,0.00110660257585806,8.21859666356549,0.849412805024653,33.1158270645967,1.44445005787449,0.812892551156216,0.997503296264328,293.227352155189,4.80085192225058,9714.58326516308,0.386408554995221,0.0500435412283222,0.418362480865148,0.284267056206184,0.0798753208626659,0.628158135956363,0.228426582510271,0.0959956226202029,0.722705980476171,0.770859187975594,10.0741426326892,0.956126029727856,0.808188495034626,0.180510848432147,2.32630847545258,1.23804555406264,6.60064332291857,0,0,0,0,NA,NA,0,0,0
1.12681112418245e-07,51.0837759036673,3.34368103088355,0.0185512324284938,2.6948421684226e-06,0.00187137248221064,3.64417421256875,0.75412955227661,31.3257155728254,1.27531498454059,1.744938400559,0.692103970021502,144.652336515649,6.73681584526223,9272.30452822462,0.266431582396799,0.0782187983698711,0.308761731431321,0.116063992717451,0.0324782861449588,1.25111516694667,0.204739035623843,0.0396530272622121,0.528048491581638,0.793184291952976,13.0684255155002,0.993294477265897,0.90914275990054,0.216890589084917,1.83092454576485,2.15090206438265,3.26989281026128,0,0,0,0,NA,NA,0,0,0
1.53196404046895e-07,150.397450894293,2.51229984735489,0.0149379353817226,4.62553056099298e-06,0.000600525748822151,9.88925504376538,0.803573039149148,95.4387720636029,3.25879775418625,1.44416589024501,0.631534973207933,317.375852001508,3.86203548552957,6028.43254253883,0.918147685141022,0.0518833299765595,0.742229071474923,0.279120051526057,0.0695376792562546,1.08185696701197,0.380479853415455,0.0974904094764996,0.675407793357822,0.890475270421438,9.86955106731562,0.903099347471609,0.282936986973574,0.0200709781828199,2.27934396170268,1.46132314000872,6.0710901997212,0.123301169758953,0.106455226928743,0.114981835665004,0.104713220047196,0.150752419852108,0.136624355333719,61185326.2551986,792436670.287504,98067482.2409683
5.18282041709881e-08,56.0075042716051,3.42873634080878,0.040262301864759,2.37729501025106e-06,0.000338621439138133,9.63360698582337,0.856947313664285,27.5225707502336,2.28996131897746,1.73848077681086,0.7222773875737,192.650665095953,4.91539875074276,12445.994675835,0.747632915689269,0.0585280302380158,0.696477218891641,0.283908026979534,0.0484229400665033,0.888079397417203,0.175577653996609,0.0737274227969125,0.495494657675374,0.831295081271239,14.749413638687,0.873892065655648,0.474447968944021,0.241436996709482,3.26900208979097,1.28172096445981,4.05650878686673,0,0,0,0,NA,NA,0,0,0
1.47432005783971e-07,146.498739340316,2.67777341949917,0.067515685839244,1.41646610961312e-05,0.000535988862035452,7.46728525067952,0.750151256582968,65.3654542678258,1.25386187219715,1.53057626866544,0.889483475030278,274.715900478227,5.85903995840247,9017.61823498021,0.28078270153626,0.135543085018083,0.528346070132853,0.0855354036874171,0.0448273101766811,0.579183623440445,0.191456944869959,0.0498513272075875,0.845463359262687,0.549857059861291,15.2509165090842,0.854609060239608,0.317788449624694,0.109185700698019,4.75398092656726,1.08227805595827,3.27751596135699,0.0773939783564634,0.0485404817066249,0.0598494844645001,0.0453460277058335,0.414088425626895,0.372813198940934,51960920.7283938,415042165.447173,92213624.6887238
8.28182096764946e-08,142.874619546176,2.77168860141698,0.0119106846371644,2.72534701902389e-06,0.00119226050868416,8.11672681984317,0.908743906179415,45.7537422243881,1.33258629487608,0.99619048863071,0.82153839373655,124.715293435892,5.08076529787517,8672.25589501212,0.740595400278584,0.0677184439512667,0.656022864994468,0.180322556538673,0.0343799523618771,0.648664740888687,0.349368872356675,0.065727303527324,0.472414670715428,0.741622838742489,11.2453217907645,0.839836201748038,0.337618648346049,0.231948276956558,2.33731115849986,1.60543898284167,5.1065767192001,0.120472604252605,0.0600700361244775,0.0911187571231703,0.0517663141217847,0.570306341072846,0.501380114614906,54048549.9327208,702012434.114266,86994223.3468124
1.56070845241886e-07,53.6476695600527,3.46675273488431,0.0470612473450268,8.3255591824345e-06,0.000557055500210083,6.43914212513983,0.610271336365461,29.2575224559832,1.45643672529465,1.21099056959123,0.64976657784463,279.770677238548,7.55361882655028,18425.5186636849,0.436118100821855,0.120011876446092,0.38346426931952,0.20039596027835,0.0532844502426431,0.80822083712782,0.112465890219808,0.113950228835518,0.527625679009589,0.780281816167823,6.3988475499179,0.992984601541084,0.536954553976239,0.0705795993805174,4.63515253022195,1.30976803441867,7.45517737401773,0.0794294963638932,0.0124087097332375,0.00327792180638475,0.00120106380149342,0.984878869230255,0.843777056367208,15469457.0954802,165986412.554289,1214601.33814539
1.55563068180547e-07,67.8075470922976,4.3257723511119,0.0137137067267249,4.25185235515518e-06,0.00261682610876063,5.85406100224628,0.778818891139451,59.6861426001471,2.92322823196849,0.949860475357352,0.571702971487687,172.890660846913,6.14420444082184,10962.6238613539,0.474694886184398,0.165572413433753,0.382865538104723,0.205365635305324,0.0627784558655435,0.540629255936865,0.366592867663401,0.0512235209374969,0.39630952296899,0.742855144897864,4.50179680858361,0.876729622078647,0.430777194439973,0.0623507016689339,1.97043994651741,1.07279940664176,4.85112109497671,0.0985000883988419,0.0226328143162645,0.0524101477197866,0.00363651624755184,0.963081086457232,0.77022544157909,16312899.751238,169689113.848184,4060197.79242778
1.85656737079459e-07,95.412336735274,2.83204382500922,0.0201703053250323,4.29052283204972e-06,0.000697104354139187,5.78860613172951,0.789069815942816,32.9030939420344,1.91950958170473,1.88911658528563,1.02898162780716,174.860703330564,4.92607973725107,11866.9347568247,0.588015632593023,0.143499614807473,0.419044643849929,0.129725744198621,0.0345641983627979,0.521616240453445,0.144639974021101,0.054367675545138,0.683891589493958,0.803513188213616,12.4996139276368,0.84395470176131,0.469143650571091,0.0728777847121598,2.3182886585545,1.38703608595826,4.96865206674558,0.110682299460601,0.0698689675518589,0.0904734314072525,0.0664345436349272,0.399772646948166,0.36874307913408,34599366.8380871,427594957.570177,62751624.6593334
1.42892344691105e-07,83.3002549340308,4.13762915375068,0.0396607007702971,2.10467282275606e-06,0.000339428543230804,3.65618572849685,0.81415107091006,71.0938778612442,1.01740404813776,0.75735072714021,0.863931904670991,171.488523146726,4.09060373490676,5408.75386019278,0.310818210111107,0.101305235786129,0.368637686678689,0.15631324830183,0.0559933505547549,0.484801128683978,0.166724464745908,0.0778568833382211,0.470267878330101,0.654027858616093,8.88460061056706,0.951395640139263,0.821448757097298,0.126088837024068,1.35530962433068,2.22534021987939,5.13493142156666,0.0873617519767543,0.0219573532790694,0.0527729288754302,0.0139576696832835,0.840231344181405,0.748661710849023,20533850.5342617,239241940.241807,52018322.2339861
6.24069315262302e-08,61.3744316253419,4.36677098740857,0.0145337571757902,1.00177700478703e-05,0.000349588527698643,7.24027759748635,0.663687882106117,40.367786332426,3.02250917243578,2.36460551299086,1.07069325804938,131.246557122997,5.90572773149727,6479.70508878607,0.7306019328746,0.157401368691435,0.305735278335739,0.12120070639967,0.0542929712596772,0.773516123102264,0.19217388308599,0.0721482744731344,0.590486860823695,0.828419538431789,6.3614750319119,0.873116164193854,0.709878948936736,0.0265560814592062,1.71376901033053,1.7525685497246,4.19581477966245,0,0,0,0,NA,NA,0,0,0
6.42863712505205e-08,121.5624750024,2.28208806849566,0.0130856999835322,1.10465533068719e-05,0.00173494289064741,2.72613628422714,0.65562898486017,28.1290835757169,3.79055578088963,1.93769589725747,0.623287877294492,198.980218196281,5.79777728088155,5284.77658115032,0.36924799373022,0.0858697987814211,0.32054119931516,0.260136573820707,0.0356249028293053,0.788750756391676,0.294796008918157,0.0772090570829579,0.6201067496089,0.783656750757163,6.04989568850542,0.95033877199268,0.392041424473609,0.024306485940649,2.20200220990458,1.8208695902565,3.15942868210617,0.120889928434635,0.0419734592128718,0.0982696273351523,0.00934163920391063,0.922726075489725,0.652796062034509,55560689.5386704,654291663.848856,21325916.205859
1.26632650049181e-07,150.281326862194,4.48161764783914,0.022353131502894,8.58680797384849e-06,0.0014225769805233,2.83961973560622,0.661717045814901,71.8858280422377,1.6427856018097,2.32704348348182,1.1125203360589,205.003907458552,7.37802107744208,12357.9412556449,0.704504190603708,0.0986896290299694,0.579656326351504,0.104587014997467,0.0828868468872745,1.04515417075489,0.264493823656027,0.104818810520419,0.394905651781602,0.560941892475961,5.96709132374828,0.945190918140505,0.744263838061674,0.251662873332835,2.90264086017163,1.45717362363481,6.88583643636999,0.0881663394797706,0.0476992747830685,0.0584722763955062,0.0416870839159934,0.527176877684047,0.45898542386448,34723017.5205686,388924519.429144,56449961.1085379
1.60143514481465e-07,66.5545789538128,3.78961115118656,0.0431487338550013,1.97639529355375e-06,0.000420723174660486,5.65319397559933,0.668034873726413,48.9532408802496,3.56426991126078,1.77557509184823,0.565561067914259,195.4009674963,4.11073539671175,6192.56149530538,0.254175328992418,0.116118025312471,0.309422408942069,0.147888613066344,0.0306410515489111,0.639614626145047,0.206297308416824,0.111716446666233,0.603855531225361,0.778806503423148,14.4582746281405,0.940983449704731,0.830471236186268,0.221581199675587,1.63482488368054,1.871595288516,7.99300877084182,0.0708996170244562,0.0107615096676887,0.0401038117468604,0.00437588295799061,0.93828058399129,0.848214840653136,17747130.9700587,199651104.242775,21225899.2229132
1.46119100188859e-07,139.239856723622,2.66777538320047,0.0622901992584694,5.16657634798634e-06,0.000476310877856229,4.77559436879659,0.785016294084291,58.9965787259023,1.72590952466926,2.60930067342293,0.548512513843339,205.950361342833,6.44845823162541,5543.5505206993,0.364333994282869,0.11329899859004,0.69807413145278,0.0899955817640521,0.058177220751748,0.661487206793116,0.212749195755821,0.0481846386764339,0.693424277681085,0.887087963667989,6.74129685551815,0.95694982669064,0.445069390583678,0.262692692305469,1.29126024699115,1.47639878290095,4.10012648136317,0.0761342734895029,0.0467360103424625,0.0578732139636713,0.0457088087849706,0.399629014765961,0.386137041829049,50156075.0183433,424725813.777292,70700152.5693016
1.38920644165887e-07,109.553802412751,2.52943551228754,0.0766232470986778,3.6502442176273e-06,0.000425588207828183,4.48643759959141,0.742281307890807,40.8760680852247,1.61190634736283,0.89028908636521,1.25827962006523,237.225251575893,3.90095409815269,19762.177589851,0.380925222698822,0.0663222534609949,0.753305365236052,0.0977202073596352,0.0700326745722329,1.21137894805341,0.274290165139837,0.0966554557061978,0.58605698211424,0.530469657346591,11.3837549474554,0.945415587169568,0.708994516302099,0.108150623357473,2.39683204141118,0.947746743008846,4.34931933905941,0.0547356954984627,0.0304732575559357,0.0368344258555418,0.027785501746164,0.492369622910074,0.443265363152432,40840408.8186457,337395786.222153,66823322.0071072
1.51445263552632e-07,142.487868286204,3.43655833023674,0.0596457475283945,6.47140759806024e-06,0.00107660869864695,3.21939615851843,0.717150173300359,64.5941120994329,3.35768202333894,1.89240600815582,1.22412725015926,131.191594375695,5.69671334635177,10421.9909127677,0.790837477319509,0.0847623676692531,0.500039078206792,0.0884086674090948,0.0919028211380737,0.669247814102864,0.385378294241552,0.0500690010607257,0.925779477082,0.61700024238793,7.30227537386239,0.865114601997297,0.333948828559276,0.17084783583833,1.30747289033235,1.35717039118887,3.81671101805965,0.101781621993911,0.0719338898070983,0.0852980409743143,0.0682846477815993,0.32910631169069,0.293252667840159,40448107.8884883,327571893.944056,67263477.5161301
8.31191523573297e-08,64.6707301821933,2.2070985186813,0.0204155302716683,5.89195870830225e-06,0.00183840885176675,2.78983788382419,0.859964117270967,97.1522195389446,1.36011328250778,0.934568656873219,1.24972795822583,122.297368949171,6.10392761910054,10316.247178651,0.670181687701335,0.0971377766268213,0.646210610206024,0.102205914523342,0.0457046952954094,1.1252815890823,0.157438489114659,0.0662886147755782,0.592074759423371,0.605652114846254,6.54996158647376,0.966619910094433,0.51254346934347,0.0291288510999635,2.65475888607153,2.13262423847404,4.55743300195972,0.0725769749742941,0.0163044298798043,0.00075251841730439,0.000299812797427504,0.995869037011618,0.775349828432789,29860945.2715935,318513822.701419,568932.841489921
1.54426240040605e-07,105.506410602973,3.00242210368228,0.066407305532295,6.50161114317841e-06,0.00097459364952803,2.86097370440891,0.748810254910393,66.4812467856616,1.37731096271437,1.39960146889446,1.2291568454336,121.607811735422,3.92329659925313,17114.2649098758,0.27680630876432,0.0625177011450453,0.336077122912999,0.256107472943799,0.0367043956412262,0.978447660461153,0.194499882251207,0.149965953878862,0.60135227840563,0.526892268307045,12.4039242759656,0.932803400406198,0.416058849507246,0.0877168265544926,1.90096296475312,0.624413863662339,3.51494405508359,0.0930660295389318,0.0526479245623568,0.0669510155159522,0.0467989548899003,0.497142457653432,0.434294932069355,33868976.9100278,281612838.122505,53660576.307463
1.19016803332388e-07,63.1946842018627,3.49826130326054,0.0375292485668113,2.48334513284145e-06,0.000611979639848585,3.30066479939095,0.935038958671515,31.1002703221821,3.12647101339071,1.39850835068361,0.569789107671082,189.889416394012,4.5140333732211,9149.95276820347,0.76877310927219,0.0545793936602024,0.325088116052248,0.0757850672287553,0.0392743016283555,0.677773749845508,0.21439589124626,0.136448891584338,0.491981558254233,0.829984862597441,5.39976082318805,0.959084077725294,0.362386050899899,0.214167898908187,2.88816796044268,0.68948192946245,4.58996254768187,0.0871969027538203,0.00553094884336862,0.00121515449183172,0.000415049630433016,0.995240087464978,0.936569434593521,18303956.9881576,204860654.666265,369475.297877041
9.77678926410517e-08,107.294816961098,2.25610446861164,0.0314450043788091,2.13407862087162e-06,0.000961498635213955,2.69149878120867,0.95,33.5683073825772,2.51452516610442,0.892130682035269,0.519464378653324,261.237248531202,5.93988735113738,7347.49746453534,0.277611629214268,0.0878949949748484,0.71493710145149,0.079632234342565,0.0351763380141311,0.683598420934695,0.127900215200705,0.0604820303481293,0.902009280121703,0.632872051418264,10.2652609916669,0.94456123416805,0.694874488017519,0.100260987095905,1.70512463734426,1.45677647493594,3.0308457992035,0.0611083609126506,0.0149757152719184,0.0259901857855684,0.0111600310329517,0.817373091565914,0.754931812140651,47939405.3838359,552825854.302998,75614422.2378417
6.67118896352254e-08,116.118993955119,4.16776268869808,0.0773708691929935,1.27775633847504e-05,0.000663484783960854,9.23445948814175,0.734264890356867,27.9642669376833,3.91411079370424,2.06732517484654,0.669509000117795,164.643362360652,4.00880867504786,8490.31126412513,0.2675236105965,0.0653368111707983,0.518462782481058,0.131986568174119,0.0334712972517184,0.712061010915669,0.225517668475723,0.128875719457205,0.607453189034484,0.76597619422783,4.74459681248032,0.935883284286802,0.838857585083351,0.0359778497574881,1.6637457600647,0.74119198692607,4.55053814094792,0.0600273663907765,3.92133414056454e-05,8.08662555856937e-05,3.8308352824945e-05,0.999361818531642,0.999346742265014,25454534.4923359,222986354.922705,40163.7477640078
7.19214775438179e-08,177.06276213309,2.62165383542103,0.0797632839900408,3.08807880329954e-06,0.00186558788067345,5.44076080250241,0.742424185468067,63.8547888060417,2.89808694539643,0.873763642618108,0.769638646179498,232.073253992036,4.96702189845502,13398.8571147214,0.566100545906181,0.0628840725606988,0.520820644122265,0.0929632700129076,0.0989147683718875,0.975475651674733,0.107327761098912,0.125101792137551,0.588003932222129,0.66877049263834,8.83692893109021,0.961973419830782,0.25540168697935,0.0785716865519737,1.2620236542349,0.627305794166181,6.40517948688419,0.0938299715060037,0.0405984468195394,0.0573565876917804,0.0348399545238598,0.628690556283175,0.567318990212614,63277836.5827143,491720086.383339,76741529.5724421
7.5312661739985e-08,51.1957723570467,3.53032596965324,0.0796902894805663,3.32272015490455e-06,0.00266175327524475,3.9939148094566,0.889331814785722,82.1734698914651,1.26491680246339,2.56937628026293,0.837239975571174,289.379963177492,7.51031280798512,6907.61462830544,0.723847685012905,0.0655684522035352,0.401608138259502,0.282776259382237,0.0871029333363774,0.48090257302928,0.141591747701269,0.0700146874522648,0.634057797603415,0.859464316940045,10.542224261522,0.923016035232033,0.483366227222006,0.106817003865725,3.24723995023377,1.52610438734935,4.21003824767782,0,0,0,0,NA,NA,0,0,0
1.45323739019723e-07,56.0691941275509,4.46241731811913,0.0266239844424338,4.42959503648879e-06,0.000344540546011362,5.59823488556685,0.895335638613218,71.6187765119606,2.14013703567496,1.78373674842522,1.06768372135615,148.257358246562,4.41781254949111,10153.4094755066,0.273928147257462,0.0684044058672529,0.543499475444357,0.122684370049805,0.0389380862011901,0.932678377313536,0.141760478664635,0.0795253116654614,0.390025355138684,0.642524061424582,11.0491424071598,0.985889651632366,0.406763134377864,0.231015542573417,3.34754451469427,1.1387466360959,7.06567228733434,0.0364595132918555,0.00499616354112405,0.000122207776616271,5.37465810802165e-05,0.998525855771853,0.862966806464744,13131237.8290035,157603993.207589,93757.5192133995
6.46471715819159e-08,173.07348947178,3.98982787108186,0.0677931388103483,3.23176930264676e-06,0.00134373512695919,2.50437189463363,0.884460442770888,43.7792350967763,2.97176380681437,0.890954605386312,1.03726051852479,262.81442202833,6.90229194714433,10683.0554054317,0.367217310497012,0.0547591472784418,0.608943115812473,0.251890571665826,0.0278475903696361,0.586066414906482,0.202113022646549,0.038178946383748,0.883848337546004,0.729115841687553,13.6541895196281,0.849886444589025,0.356890462704424,0.244070141176555,1.49515778696776,0.653275054670317,5.24942524783519,0.10199723218774,0.0263298259336613,0.0475313740732611,0.00451314900559485,0.955752240440331,0.741857446825638,41606515.3773988,364233541.475298,8799364.2843142
8.60283836600156e-08,198.492228899912,4.04436253688681,0.0761577889866182,8.50370988663058e-06,0.00257656806829846,5.64471141490106,0.746428882523437,33.1931078310219,2.73673076073906,2.35719103907012,0.602059015996531,297.742901506194,7.38839788072679,8701.30272455863,0.371817569546915,0.0701701132934171,0.431920178298628,0.117158859433763,0.092048630969207,0.883774066074449,0.147849657393655,0.0563131686179582,0.50838205173348,0.773426664309305,15.9536406485211,0.851611246008025,0.448174627285796,0.269902683995264,2.03410857328172,1.39239286271385,5.39574852392868,0.0851757682961231,0.0343114963152707,0.0550636753232918,0.0311431632375908,0.634365925185223,0.597168337877706,46637346.6376482,343975318.350834,62540420.8234774
9.72632910910071e-08,83.721859684432,4.115233720344,0.0448116693397869,3.86472602087042e-06,0.00260078228982163,3.58504733543999,0.800955784620512,63.616192168459,2.94727327479334,1.72531324382996,0.784540645359571,139.066659612424,7.4689087931855,12330.1628622509,0.267578055550224,0.144851043455287,0.570327206054549,0.147434039481248,0.0766615388341113,1.09302656328876,0.30443039689702,0.0954617573914543,0.449732034102207,0.845100216656107,9.16810061516417,0.834590015724946,0.573363635854343,0.232580122123737,2.19124690504909,0.702291930334009,3.71600263076557,0.0436866523433301,9.04675651219277e-05,0.000259810817918165,8.2119849023216e-05,0.99812025310665,0.997929171491307,19473405.5357079,169593262.428349,161619.521676013
5.10429165250057e-08,164.962316354613,2.75953287400936,0.0348315858507876,3.82341288708674e-06,0.0023582989613035,4.767532888096,0.764260123411406,43.8480204868933,1.65712179105527,1.07905696562158,1.25299772955594,159.963447554489,4.12744074839134,14405.9318188925,0.58901757654107,0.162851463090714,0.304862662967451,0.163915546594893,0.0361368310363841,0.548192475667374,0.132816471087014,0.0906685469121403,0.646602762840791,0.644610382404366,5.07862089649738,0.99028430473534,0.354114738758313,0.263799474015957,2.41228728939852,1.64559853282239,3.64251373270194,0.125222085649006,0.0663838270790005,0.0214502399996816,0.00644471466761518,0.948533722033032,0.469871255258657,59679499.24052,569938042.142249,5693330.19971411
9.29730016674149e-08,149.612881421533,4.17050592929977,0.0342640121863073,5.45801425305515e-06,0.00255960104154174,3.11420657670742,0.609025591850569,99.7219988673146,1.00843880744119,1.17909965445225,0.51378757658307,238.941509296659,4.66392169291641,6439.69858950392,0.551932144309603,0.0751006360949,0.317861594659556,0.198688305932982,0.0401185856210937,0.582868696210109,0.186941363178654,0.0580183722250029,0.43648994003149,0.525822298932341,12.1846236603721,0.924512397541792,0.774602358635065,0.129154054649736,3.5097057503228,1.71245823848225,3.62799934357286,0.119132140221851,0.0623360373605608,0.0732115237130126,0.0327315517064095,0.725250032061407,0.476748782952466,36103746.1815827,340481120.163797,64011305.2012578
5.3337909179395e-08,168.839863740539,2.41201534956231,0.02049266063143,8.38390894494483e-06,0.00193843752657831,3.20559351035795,0.866496755739409,46.7136648077261,3.71996784676538,2.76305958835024,1.04142755918776,167.693513770309,4.37173742912779,8842.27701677026,0.837670937488904,0.0791257786072476,0.588664282410358,0.112841314390142,0.0452402360847661,1.16410684207672,0.296706376293437,0.0388978890880339,0.764922915596103,0.565102119992995,4.66952571160782,0.843685265323919,0.516921455389173,0.0272082990205496,1.66914767644346,1.5318170661879,3.86730290917774,0.110195847092736,0.0444222815911994,0.0650545152817081,0.024994866670393,0.773177780017803,0.596878804753725,71742610.08582,792149358.959678,154152073.9971
6.89196714179227e-08,66.9992833055164,3.08579695807775,0.0612117104079044,5.91629240148676e-06,0.000651550004742924,4.32406237930082,0.719251418832132,53.5877063054228,1.7226354453542,0.808962585526243,0.722681357422224,283.442735493406,5.2709352999528,16053.3172338278,0.684087742858931,0.186121728046403,0.596875849056697,0.145570295147736,0.0257510751782004,0.922807332129281,0.169646734945112,0.0547575352451086,0.62838232593349,0.903361858473806,11.6510234099504,0.915967484983589,0.787662311971954,0.0698942564739619,4.28339776028293,0.626957454875793,5.84219324689092,0,0,0,0,NA,NA,0,0,0
5.98513026146412e-08,88.4170221819323,2.53704186489115,0.0187876082744053,1.09745979567018e-05,0.000778932570118997,3.76757387952314,0.722119228892287,30.8744448939917,2.90785826787215,1.41482294700541,1.08240054742008,186.460503050355,5.07280320436154,7780.432462239,0.725054841593488,0.0748180129464368,0.525344082099441,0.2993085791866,0.0406213997969135,0.575569214050033,0.297256710112736,0.11098546979269,0.776240420359009,0.542218702870509,9.4273062692631,0.874642721755241,0.465630774538589,0.166719726635684,3.49807104228984,1.39036231020948,5.20790243880948,0.12290798128473,0.0620438983614353,0.00107320980108745,0.000416718081063063,0.996609511630512,0.495200411617665,36458133.2710555,420095890.661155,127876.781312331
1.86331215770866e-07,123.334333636822,2.32897675586699,0.0511674756261184,5.23436324479459e-06,0.00228068357634204,2.73060621266099,0.816084870235449,26.3188087949609,3.20202061488322,2.75889905285901,1.22036318775752,133.849316216577,6.96852536072666,9837.79299671936,0.640744968188742,0.087496361981629,0.428704496842117,0.215061457360677,0.0276820514698699,0.528848579829137,0.161891438426534,0.138314583142567,0.454562734957837,0.68636063835765,15.1889479612374,0.841630125576465,0.688003557082182,0.167545299295462,3.03857232843889,1.45262908755148,5.45389277754914,0.124555097179072,0.107432135469867,0.117166438126726,0.105230074345021,0.155152404612298,0.137472990644351,50305071.6429629,380126609.886578,86997287.8419984
6.21602227545965e-08,141.498957405595,3.33755145547,0.0794461970982154,1.23839214069706e-05,0.00147990085075199,9.86064248026476,0.871123950335294,70.2314495152826,1.45877170587634,0.8335525065536,0.712179824326492,120.179886354457,4.97760257183418,6882.29662266794,0.443508655044058,0.144531425468497,0.431542774326161,0.235213470078763,0.0762049591625611,1.20383283585377,0.152740984426969,0.144850221350085,0.529461430712358,0.506061368254236,15.8767751911172,0.981578532221928,0.558268553633064,0.0588788933515926,3.08398595773915,1.80448393061853,4.82212305137194,0.0974751076570547,0.0344021396853647,0.0039491691948925,0.00148622064328007,0.98475281865285,0.647067435858586,39502092.2877653,324352609.618027,1974161.61974957
1.1721789143951e-07,60.3367866107696,2.26390120947643,0.0529074635447541,2.03132602935694e-06,0.00175558805290533,5.24581608901609,0.78973091961118,39.0789428005691,2.59293642140389,1.25554871452267,1.10039977283756,120.991938568469,5.22129604873674,15590.5011265168,0.26055912015001,0.192586162735843,0.317889742186205,0.135135780724819,0.0503944595248999,1.22492293195578,0.106178303256389,0.0799128545906827,0.839084303463292,0.645784741562988,9.35614923720792,0.837599128115915,0.562531257564438,0.245506299427373,1.56261394138095,0.738784052928647,3.59534941033782,0.057075930154706,0.010178933405159,0.0188506969235363,0.0018483932413493,0.967615188463172,0.821659789379363,25676000.8678947,236168969.489583,17411971.7899137
1.86017755717977e-07,175.08438714151,3.69032252715928,0.0621159198925607,1.40964770893856e-05,0.000619572133765738,7.86746412383785,0.839973546777967,55.672320740023,1.46409966656657,2.67493406118704,0.783779803652205,256.891107823714,7.34270511813217,6331.19833588927,0.639396689820744,0.104890863290476,0.459456931029619,0.245343244031424,0.0417624513131288,0.730576309566418,0.236700618048827,0.0817694904620552,0.526674172376357,0.640264519565716,9.3674152352018,0.943347825546886,0.383256884089833,0.11494347381681,2.31081656167487,0.63699378645878,4.22449448926399,0.12002921741376,0.10485190802127,0.111204350940549,0.101877655400737,0.151226196455585,0.126446791202277,43755655.257291,348056124.505675,60734806.0116997
1.10010104310697e-07,94.0844456368391,3.56909815333448,0.0106120365088163,8.76444575693344e-06,0.000547600149202734,6.28083339398853,0.668754306473065,74.6796839897521,2.18500240461187,1.4893481376138,0.734501441789224,147.595493744462,7.07082832744858,13747.2178396124,0.38167677862118,0.193991688627678,0.697964667993223,0.284705159879933,0.0294114959215008,0.790924954201198,0.21758846664907,0.054265728562524,0.654340664284253,0.648316631731773,10.063109386547,0.893718115026754,0.944542610323856,0.0500039859267178,4.67718946299403,1.94826396965055,4.65758525920258,0.0919072435073612,0.0239671548186688,0.0693124782527411,0.0169425625953154,0.815655850956313,0.739224527860536,28344050.1517248,398700995.567142,65252459.0515591
7.75977469012096e-08,154.922864642885,2.27498804188446,0.0124597694979793,1.19212179750443e-05,0.00173716189097707,6.95066488285412,0.820293142945318,50.4248536457543,1.95456185829778,1.99890166980498,0.834394306708024,120.112046277664,4.5269740521856,14335.7128292375,0.452171926439938,0.179335080056809,0.529325689952518,0.150951553883882,0.0295316084934471,0.603774145150403,0.169077134454382,0.141027836402591,0.576590076472664,0.753732979112545,5.15304117297209,0.935087711382188,0.258712198471396,0.0201542490169886,2.4980054111938,1.03736070353295,3.3206026344055,0.116419744643317,0.0596047963123889,0.0838230655890481,0.0523293609086402,0.550511289395411,0.488018149369731,70435222.215958,848570487.885,98434183.351188
1.90744054997867e-07,87.3539348419914,2.77371873309369,0.0701823044404647,2.42872978472986e-06,0.000628879294596724,6.71094201054327,0.712597660302463,88.7699006570477,1.4736085251942,1.31145202886691,1.09207443729669,198.085397622923,4.25972989492233,19352.8158566454,0.426913873956435,0.120564672826522,0.377212179739074,0.0787711588811632,0.0638177091692509,0.569691819277856,0.139187005186504,0.142249916592724,0.647367672049038,0.670675733375941,5.36532036680254,0.951921059717668,0.357903379953295,0.0247319071705997,4.0239239793999,1.99467374903537,4.45168491009111,0.0809230513070851,0.0400362401132117,0.0548079888008284,0.0366567342668777,0.547017398938981,0.505255431344487,30067646.2822155,246423804.474703,44964051.2898259
1.05425884857231e-07,120.920239197844,2.3160183145816,0.0231375709395905,2.55398625546693e-06,0.00247810964516833,6.46297450951492,0.696801617723586,79.1240773839369,1.77766733326148,2.92024518475862,0.947378339265494,212.094826599653,5.30756834774041,6504.99117249402,0.314526322456929,0.0547936024379708,0.64224938073905,0.0836553661552708,0.0860200598005465,0.555540117286899,0.190251899400126,0.0728974129915801,0.83314675875127,0.532114312698833,9.23069645341459,0.974249564736077,0.997988923502113,0.18785650440682,1.46545592316524,0.811947652085485,5.55013006830418,0.0788634762604886,0.0318854789546603,0.046033733523707,0.0264088936888136,0.665131503947605,0.595687630490171,52701159.2557331,532267722.095919,85892321.1523961
9.37609935672409e-08,114.113187362629,2.54220809221867,0.0103359807659442,3.09085423552358e-06,0.00138712635207646,6.44434828989662,0.698961078574692,28.1777918157509,3.89796250746722,0.773619832782358,1.0284545559815,170.522456963822,5.47561754210015,5148.9206118984,0.669264264211259,0.0870841898115467,0.487880969518163,0.0879445617543359,0.0452983320863565,1.13567844554589,0.100099760695332,0.0410251449357926,0.918531274553234,0.860667423861187,6.11502083736352,0.953276082080042,0.933005593011248,0.0634079012049325,2.84326624630831,1.6641285130525,6.06424173523733,0.0911577225803135,0.0236963852078944,0.0449599557167039,0.0201181932287726,0.779303468106636,0.74005071060198,47174055.0512749,602396856.02266,55041429.6044149
1.29267113305705e-07,103.14031582882,4.04794170340513,0.0329289848507451,8.13708105395109e-06,0.00176062684493037,3.54282713252363,0.725239645707995,31.7075292516904,2.5837852168689,0.93792420070089,0.910611147813721,165.341681841943,5.4192481356683,15524.9614440019,0.674798816671449,0.0525419850496448,0.497626826680818,0.182664236415363,0.0918436959972219,1.12760423991383,0.240708789242067,0.0540922853768416,0.36236102362196,0.644575278134679,15.0192946178876,0.985184317002078,0.928899166783382,0.0221248902296381,2.67800969979111,0.969850483476956,3.16645090322353,0.0939563392667314,0.0301531654514403,0.0441817407775828,0.0205429915509312,0.781355981818194,0.679072581086425,25838719.0822887,265219020.38053,25063342.6442225
6.54710062682627e-08,106.861153565253,3.34026531742971,0.0307347864577635,1.31536670432267e-05,0.00135251531725633,4.58338198701838,0.740452499314765,40.9220280116398,3.59755975211399,2.9459864933909,0.604446455305455,172.394803646586,6.53999914609383,13945.8173411949,0.378483589103851,0.075721498034045,0.500320969540985,0.179773887806221,0.0485161347037525,0.538276494531274,0.225754266338353,0.040648130721449,0.869153557312051,0.726007695946714,7.31174499967675,0.937119484251544,0.341397348618203,0.0370969089607183,1.72006701096085,1.3577455566167,6.13584749906926,0.0972760462197131,0.000997171488026802,0.000608542185940871,0.000217282426492584,0.99776633164138,0.989749054091132,32360943.6682027,338926435.969545,199024.857660737
1.95661602761062e-07,105.335114093504,4.40661301584993,0.0855227385238415,2.42436535262875e-06,0.0011735848725155,3.14878436398494,0.660249541913743,73.8398576801297,1.49202320100821,0.843154594640988,0.975069155649029,302.371613222201,6.66073877791028,18702.8125284284,0.700103049963438,0.112482336787276,0.552117345501825,0.246126507423794,0.025915245285065,0.737203684197741,0.382658041964649,0.0461260414262642,0.957923175556691,0.55864531743164,4.42773159952811,0.928753279989087,0.29125962672629,0.158651876295795,2.35306290568622,1.12196882165758,6.92405748631208,0.0999176972926846,0.0680878868185568,0.0798891037449234,0.0635648463877334,0.363827949301758,0.318560288483132,22669955.8671122,160309935.301035,32292073.2022861
1.01453046613139e-07,100.719148852139,3.02934138365289,0.0368714814835903,7.89911562037028e-06,0.00232893427498358,6.88201586590315,0.615928794696446,29.690790910171,2.46864751928373,2.00676543450865,0.57453858148829,306.153688203215,3.94365814719713,12572.4915011956,0.497408518899647,0.119072495445013,0.368204814626214,0.20910877075623,0.0553873518051743,1.18087252637841,0.118639526558854,0.0993880569692121,0.616775008751524,0.649127046845691,5.37522270840288,0.957628038776436,0.354822152002286,0.0204491727902098,4.31513448778166,1.48710837081332,6.83387259539054,0.0982144116542762,0.0286611550049744,0.0518179643830665,0.0124094190687276,0.873649713318958,0.708177705061612,33162851.8658096,315205419.883568,21599636.7667871
1.68137436802857e-07,51.6169379209989,3.13527615570331,0.0480266988632625,2.28006658624938e-06,0.00199789789259009,2.73256857695332,0.947155921723585,28.0967529618557,2.79632073482225,1.19718243220532,0.63962123041594,217.878282178165,5.03451535619037,10520.8866876838,0.622339471474887,0.0681361457904353,0.442242701032995,0.104409257706386,0.0531399304128942,0.526865536258811,0.23713829062128,0.0375312298672395,0.937723237346988,0.715140121476647,8.18582201438004,0.947788090486603,0.639510215612206,0.0259509110638313,1.34389360325865,1.62037004771633,4.03731730232613,0.0784855726046954,0.0145576236788151,0.0449933883898995,0.00327010162659998,0.958334996890825,0.814518475234463,16148366.2736822,147570218.384377,6933625.23926513
1.33623978538916e-07,143.094588480929,2.95499634107855,0.0454746919156488,4.14081019648522e-06,0.000700986438692874,2.75694661323604,0.690773209414936,26.4860230881073,1.1852765910601,1.05198927680708,0.846007365317042,230.513055240572,6.21681763265709,7271.37725002895,0.634764747907997,0.0739571041894032,0.373733022320434,0.118133880676105,0.0950647635645667,0.564670244117685,0.198200669708562,0.0499975625033072,0.389751780083814,0.564456053521624,8.34836719540872,0.995952840109309,0.252793503226304,0.0650041726851209,2.92210279998877,1.70863432960526,4.60739478223334,0.117797148394558,0.0862249746021779,0.0979445965795504,0.0798792125476357,0.321891797583396,0.26802154570525,47728367.9672788,464761022.847917,67682906.7855475
5.61252754812446e-08,73.5518404397887,3.45115422604231,0.0332944411924819,9.47618373248359e-06,0.000570752033300727,9.03262235077192,0.938928455498897,54.4608720897537,2.12496540413368,2.1082149751126,0.873370951681852,258.849501369193,5.23234591870553,14285.6762612752,0.462788106286741,0.0511256312834934,0.380121680801471,0.262306603997786,0.0288492616665406,0.520197944090877,0.189473018989862,0.110465462342066,0.814949984866025,0.599689371792702,6.97408683401674,0.900119545834003,0.486536610431969,0.132173543106657,1.68715410812418,0.862379202021859,4.11875909226895,0,0,0,0,NA,NA,0,0,0
9.15988060637875e-08,55.903703422945,2.70044637638594,0.0174627519728794,9.74721023560864e-06,0.00124624261184567,8.87818788194291,0.713133592872556,65.1445210786764,3.72481640160556,2.04544393583095,0.937074819420806,136.046468102207,4.71675384842817,5495.43036340028,0.48642622879287,0.163234809571518,0.645687646373519,0.254914810138817,0.0455645430788413,1.1966809876388,0.310390874840813,0.10745136493652,0.919577059730926,0.548521640779186,8.27240232097053,0.839336593397356,0.351951467053739,0.0318195345845163,1.44638359967504,1.46659642052267,3.32346711461518,0.0751099746609031,0.000105582986180145,0.000184625837720989,9.23329534994387e-05,0.998770696516458,0.998594288086811,21306756.1904823,229069296.710037,63916.9463236774
1.21039098284601e-07,58.8808186063496,2.82491991824109,0.0582443941899059,1.12673053536514e-05,0.000965933449926418,7.77059748474457,0.639415751352699,28.6366834962146,1.13490099238098,1.89522796857782,0.480013084091274,224.299272006002,8.24586579016019,8080.99367149721,0.720149375819686,0.0643378376745957,0.741065882473483,0.0872429178688344,0.0295963201626184,0.859610963705717,0.102509100298396,0.108172270460975,0.703536882928972,0.588024724860651,7.16598705837835,0.983627637594027,0.288906934652219,0.0768805468862131,1.82679724292171,0.828654412543983,7.74019932177526,0.057278174043928,0.0118433863063459,0.00143395131461904,0.000616800790838515,0.989231486493171,0.793230379563725,20096633.9256377,193327275.183298,1165741.56546938
5.9749460000252e-08,73.8226507161883,3.39093356732407,0.0784895090409861,2.78911339475604e-06,0.000787204088764441,5.75404759094781,0.648627290582029,96.2586299606324,3.76132790510711,1.3604422239461,1.13181951637964,169.039865865928,6.16695339018401,6259.91592752645,0.793255272546518,0.168272937184188,0.327464809899193,0.123547958796441,0.0930718552148258,0.669873848870906,0.145195214139505,0.101363219323317,0.551106625704429,0.521924025114316,8.61850811198341,0.854184317876984,0.271979506713336,0.0519339885093292,3.21088696816361,0.877934810305656,7.6728197651615,0,0,0,0,NA,NA,0,0,0
6.19638533384974e-08,161.883326890905,3.04280413077613,0.0258531672363886,2.47038611659025e-06,0.000378819702670339,8.72885637260542,0.634690181632106,63.2773481297596,2.69129310988482,2.29851245181663,0.50777698549265,151.924141426276,6.74230600169035,19956.5159142508,0.619132499669162,0.171969140884966,0.510092808015723,0.0994741857223101,0.0723456769124985,0.857670672087426,0.14117827602001,0.0401704670321237,0.521557562555413,0.521092213432596,7.27072230873197,0.966822348486017,0.511700417386428,0.173884849303683,3.83320919173423,0.648906218064897,5.18992287853619,0.104063067042939,0.0415787241341345,0.0262159439326692,0.00844859899654396,0.918812704289622,0.600446870194802,55322182.146071,711865733.326463,23263057.6893457
1.71335246307295e-07,167.561380037253,3.8823666627823,0.0229760953834716,1.35445828236631e-05,0.000837627267683158,4.27974414856421,0.81917444101584,97.0705349365547,1.37746083313382,2.66658938525576,0.82300222886067,314.056059044478,7.9067133073518,11241.9076441435,0.550892346643858,0.0520619920820404,0.627479293148348,0.129310492110509,0.0424795872857261,1.03269798406862,0.245499026522528,0.126621678652351,0.939943711473547,0.622029826775087,9.0947733651638,0.840581527446499,0.31634825026011,0.210605308314228,1.90764850516207,1.70067092219836,3.87306578891462,0.0897428635756638,0.0663168753273539,0.0752366490170031,0.0626524533994303,0.301867013117907,0.261034552664559,43680993.3770662,491114755.608882,85807828.7751601
8.09586306688934e-08,58.9488217340917,3.24042976413402,0.0665346623587301,2.31572032862033e-06,0.00116103292776947,9.5145742934089,0.95,32.3374954310077,1.02324826097921,0.97551714681386,0.664958007789657,152.650606775896,4.42815823828151,12556.8712989314,0.447991793956395,0.0879904807756352,0.684219594905947,0.0866855103008795,0.0572991554118308,0.943184688635782,0.100730939700842,0.0812179620720536,0.418153030568728,0.901727953252539,7.03747819452393,0.950780199945814,0.689834127740582,0.242627322467084,1.25248621340419,0.661856976398547,6.87591297031381,0,0,0,0,NA,NA,0,0,0
1.34018034574543e-07,104.555928472393,3.76183789411922,0.0157800783620124,1.01091910390508e-05,0.000420642269208868,3.98445207513053,0.800135425951363,45.5691679373562,2.43977864263323,1.69743346413915,1.23945962028256,194.50854527406,4.09980753494241,14113.7280330682,0.46890205988168,0.0659021273877789,0.554586913576854,0.177829176116459,0.0716174176263475,1.04738163612207,0.102007464218666,0.146338652535293,0.370471335439589,0.885918064406682,7.80108729277929,0.964093570951349,0.492694026815822,0.246181348168025,1.86433428505243,2.1369532766409,4.49450153159449,0.0870987717484203,0.0264807969284558,0.0454306645931906,0.0236492113062537,0.728478245656976,0.695968193386883,29369663.7118106,410814412.922629,37266293.6356067
1.56376247129e-07,72.0762882130006,3.66377471429879,0.0178335941244409,6.96088874485431e-06,0.000929094882580022,7.32940581180038,0.882756890307343,47.0422591799343,1.93211788840915,2.53778680644478,0.533823224334372,141.328761930241,4.6984223973936,5227.42026122157,0.668918884848443,0.196317605024456,0.732846447083287,0.158883758289155,0.0700205163561793,0.638664563817824,0.148540044929959,0.0436776127021286,0.834171580020303,0.519822997679806,6.67599932582497,0.850352204249921,0.669387386673273,0.0469545440612136,4.11766720445354,1.54746308471679,3.59152905329585,0.0849811001937774,0.0254005847249237,0.0418088047974021,0.0135843120866844,0.84014902071509,0.701103131555084,20698346.5116511,262724363.070803,55156855.8409401
8.0649942215008e-08,98.2600993493348,2.14593551644338,0.0386045857663099,4.58708110370923e-06,0.00298785761184372,6.31873103992234,0.766677950476763,75.2300781596241,3.73431898330475,2.05969073674354,1.10630971457669,130.398659548043,5.31422721231292,18477.1296577964,0.806906309881038,0.0921146005755505,0.739823698679146,0.136477654250853,0.028048349555242,1.23159669161395,0.125528084409378,0.138467244475738,0.899378210597806,0.732313483706578,4.35129199580335,0.864308636726602,0.643522871186347,0.0277951298249436,3.58470891432319,0.942185272412044,5.27995655924558,0.089738246195579,0.0182254249999817,0.0333327676015126,0.00911045613821241,0.898477443849786,0.796904600071407,44615499.5156002,401268063.336549,31229406.7160806
1.65125122963704e-07,52.4918764173266,3.01627320304974,0.0676332991216838,4.84118663071884e-06,0.00123815734751455,6.5852664095458,0.67298953262851,46.5017729032605,2.98540747559976,0.90910153689142,0.570723086086072,177.877820650237,4.40057687112243,7718.41380621758,0.312673481905649,0.0554888130494923,0.676581234646606,0.123896412066377,0.0477741814716231,0.533046726652284,0.347385143484491,0.0505238330424423,0.378000130681604,0.720006835312743,14.6713206576931,0.900795574859191,0.364475383150043,0.0627272893744442,3.18777099681179,2.25154732313602,3.77947825168456,0.0526458872052941,0.00776070267652126,0.0280987742006553,0.00205310308527316,0.961001643352176,0.852586724462289,16604640.3252309,146943477.030175,6973073.60754637
5.1941630333503e-08,58.1356960100092,3.34900917461267,0.0126755748579472,9.52121076098925e-06,0.000418568589112323,5.25537258520382,0.662359774390369,83.9982974257344,2.63492429165668,1.99400539492145,0.487802191712965,159.232695150754,5.28641820362577,11217.8926145457,0.957727926148258,0.105831486869553,0.566007996566025,0.0921167030954529,0.0513754846890527,0.8681819389609,0.103263077305143,0.0979184521603735,0.464390060169824,0.606193621294531,8.86836816543023,0.838347047961378,0.899394793472092,0.142518234656668,1.25059284295637,1.03270204022837,7.43701151745603,0,0,0,0,NA,NA,0,0,0
8.73111431945978e-08,124.760492515156,3.80280598646848,0.011600825210667,5.36030388697342e-06,0.000803817464632632,9.48877458817313,0.866588520230232,60.2792818269717,1.04489903901374,2.19703000752365,1.17761729715168,133.474742718852,4.2118856703663,18173.5877612173,0.752378712715702,0.0541139282276539,0.48567024728247,0.105509690115525,0.026070029224323,0.954723214398067,0.207615999927462,0.0821729173232819,0.551978313149489,0.711306922123713,10.0273862144549,0.845282152150984,0.773615889863388,0.154122528304023,1.55125889399648,0.646297394945936,6.02109241127775,0.0980778144545295,0.0266988322319251,0.0517753303035468,0.0082705935220515,0.915673146184493,0.727779086632246,35086785.1875584,471148515.220731,36249552.5103031
9.7055238442762e-08,68.0111755638546,3.47637177621557,0.0162626210272135,7.22693356138286e-06,0.00226369039727982,7.92698825229488,0.739683720173617,39.5556092686601,1.27852107441331,2.7751902155581,0.528610323620172,157.411092985891,4.99516691783148,7382.12300866052,0.616301951284936,0.121757691731574,0.30509718397757,0.114867411090936,0.037314402209857,0.520354344574801,0.344353792984365,0.122196086958295,0.367779026222017,0.826850457147174,5.6685652404309,0.972377673801428,0.368040664999185,0.0959278395140825,1.2465336800625,1.57845572500708,6.86694066777311,0.102105953851984,0.000209460602542002,0.000524433399133554,0.000186242944689882,0.998175983498868,0.997948595604467,19878486.5343644,200269336.029941,90032.2769911176
1.0085125116352e-07,156.176242870611,2.56463938666666,0.0572677361390327,4.32450326024783e-06,0.000734407554990248,4.5356131212481,0.638172018404802,39.9649133963672,1.62123473586577,0.901773851493208,0.59333020991023,269.370775371208,4.25418077796671,5978.73068951588,0.611379833162343,0.0849602239033588,0.386275122068027,0.107947196096046,0.0433195688474466,0.694486289137352,0.328579494463343,0.0397934913366362,0.860711362893418,0.538768819672832,15.6225130217843,0.898851177924687,0.670753760449476,0.285454552888239,2.7640150334922,0.670174433372284,7.16500756989099,0.114055680750596,0.076332676769474,0.0937721393301644,0.0698565025674476,0.387522812474358,0.330742000160523,58739219.8379387,543537101.582142,103321956.564761
1.81983176816889e-07,56.2057639862043,3.37129840154739,0.0557768031909749,1.22314692794363e-05,0.000487070404761411,2.64254600715665,0.858505844962551,38.8027301487008,1.27294131648327,1.20266305444212,0.53811324943519,176.731285139576,8.04722584398099,13760.0143391836,0.31859892809631,0.0650844071952894,0.349940052459789,0.283417344213685,0.028562249739293,0.492391161524884,0.393624987190759,0.0591802154096118,0.591569156380952,0.809625196914496,4.84075803314061,0.853176186910007,0.79379584012982,0.0217455403589786,3.9953052518524,1.82775822980656,6.94222224731687,0.0970963412192078,0.0184771011484023,0.0514782930695624,0.010092766035864,0.896054105549886,0.809703425315607,16418048.5707432,167592999.839357,17059465.3729662
6.70958925594768e-08,162.030724153724,2.75615824899676,0.0310912760846489,4.71292217894885e-06,0.00067600387826564,6.93315790529514,0.566697638011516,91.205221939919,1.12595359833744,0.988041151535322,0.980643611770246,135.828393125827,7.3084933541514,7784.34487921675,0.377107256784203,0.196147026945168,0.568882637421316,0.110652695276831,0.0341376575702979,0.560951546035871,0.344646321091294,0.0973416395001804,0.376372538146163,0.619471368327498,6.48330391712833,0.957418043935458,0.286793498590332,0.0682657219929253,3.40685261415358,1.46997797629833,3.46318349053657,0.103757909536745,0.0363840978517693,0.0579715474999458,0.0186568673412292,0.820188480815315,0.649336633571206,60052815.8943505,718438441.931631,80452839.0236509
6.56022619482591e-08,151.099720908469,4.35377476721942,0.020224954520025,5.23086953241248e-06,0.00257579426028068,9.11538110629723,0.78011511710995,54.0575613894066,2.67422656116008,1.48632211123733,1.26820810309804,126.035962449826,3.87588463413177,14569.4306612075,0.598393068970498,0.184169167200317,0.333106660572407,0.0919988291569077,0.0636764780293868,0.558710434479453,0.236223041092777,0.0536266740878543,0.520731171736061,0.6664039854824,12.1262904666822,0.96845289220608,0.9572305851213,0.0655464798134755,3.55134396233059,2.27285667038255,6.98629037844373,0.106730227243643,0.0337184874056061,0.00354029184697543,0.000840827961988947,0.992121932242592,0.684077432641142,35487754.9430588,354846193.812942,979848.106400582
5.30904353221491e-08,124.043520412601,2.28845889692839,0.0610293055506667,1.38250273742422e-05,0.00249421062733898,3.91569376050721,0.771021098160298,69.1778418848478,2.76925371517199,1.38384077475668,0.660464353053295,270.136163708184,6.94939113902227,12381.0121487712,0.914012511103323,0.134585162179016,0.328724226834502,0.161061915216273,0.071746096660253,0.918060435753809,0.196405714574665,0.0457260616712253,0.431310382656987,0.711025948829535,6.08976127855784,0.946482371397557,0.4788160625989,0.0525220078645324,1.61928114099452,2.28544327942863,7.71179230400803,0.122632474289541,0.0514891822895892,0.0952850898478577,0.00294936503197759,0.975949559453445,0.580134197015213,50870867.896053,422608395.385794,2298551.29302515
1.15205399784853e-07,65.1015782298466,2.47137913501055,0.0359520513490273,5.34177896957122e-06,0.00130540675308996,4.06056177862901,0.564307939318011,75.0951803345316,3.26404376887968,1.56276650130765,0.592937957134416,170.102011639907,6.26156218410829,7468.476854743,0.289562648551479,0.152342802078806,0.723081211226669,0.0917086971028212,0.0883375408888943,0.483071513707195,0.118960579232544,0.0735764501689557,0.733243500240322,0.779924865576106,15.6040561943411,0.867021012671831,0.947539163151893,0.0237856363644302,1.44872522503065,1.40033863497371,4.86093851181505,0.0548725512800717,0.00662141712188896,0.0224449174469237,0.00238173127743469,0.956595215241984,0.879330977557559,26471129.6413561,280718078.32376,24695222.602908
5.82476604143209e-08,63.0758479318437,4.36487804308844,0.0125484142594462,4.38191578282282e-06,0.000748341872457432,4.82182514206314,0.834379903575498,31.261162231566,2.29642930663538,2.5232357514753,1.21912096304856,210.014509968004,8.10327461661588,15392.8275400833,0.902127564442614,0.0899534386128377,0.487021752164335,0.157834003831695,0.0325850650858421,0.524802239150871,0.145972259560687,0.109371690012674,0.914751547234463,0.682400288240926,6.36653862367141,0.994875279532728,0.379766482074252,0.0347492058345642,4.43811471886426,2.38116284103267,7.69174017164264,0,0,0,0,NA,NA,0,0,0
6.99524045533296e-08,83.2056950947545,3.46421240792523,0.0259616597232744,3.52043556302663e-06,0.00240852033831162,7.73624492470776,0.622675890596572,97.3946995963946,1.43692842565863,2.65972399722014,1.08442118144122,146.96118780826,8.15378491549876,5250.40172620969,0.271306491156403,0.05178962274139,0.471129848023711,0.254475454868173,0.0744821253442929,0.665265165953592,0.192938514458679,0.0533590599472706,0.827220779578251,0.849038311797137,7.01559447427671,0.993960578901408,0.978346899780226,0.030740882577306,4.37026902341981,0.814418992125146,6.08604126847965,0,0,0,0,NA,NA,0,0,0
5.51403278356747e-08,82.6005334527744,2.32365060099579,0.0532130822912577,1.48652566081727e-05,0.000986577958859451,6.35318137696617,0.588643157091175,33.8949519492473,1.8427881243412,2.48191321712248,1.08774852128737,124.138745866472,7.89759958577465,13293.1249971163,0.729831929504039,0.172406785960671,0.335220136243078,0.0780498565196648,0.0353003690858775,0.945222438264434,0.18246925908825,0.113012213305856,0.718621473457853,0.878107160807459,7.68938535787134,0.887372358611355,0.564353630549889,0.0206114909258748,2.95144504429259,1.82152236002869,6.63879779891653,0,0,0,0,NA,NA,0,0,0
1.22218921016648e-07,75.7712365132749,4.34858027572412,0.0818589145397368,1.24230729709234e-05,0.000417295765765912,6.69205375467265,0.908222997160622,32.0416100366467,2.04999176872259,2.40436900552714,0.841485206728934,295.042757504621,7.3568968723571,6712.89232396692,0.68217050448162,0.0638151855559302,0.477484382823181,0.143136458720248,0.065419735783969,0.482655776501502,0.110375625694025,0.0704575095359153,0.866261451402781,0.505970611926149,4.8936635648161,0.900094529489629,0.326076453164249,0.210031862630878,3.00865476661044,0.809462639901545,3.57466576258352,0.0884543185186851,0.0278025453649098,0.00196520288167389,0.00055270628459095,0.993751505931571,0.685684703352988,16236277.720111,145652927.571474,452621.398015564
1.29420537985544e-07,161.285950669096,3.95172297786275,0.0755766284788722,7.12304736148778e-06,0.000819088270733754,5.73400984576919,0.621839849488565,58.6081099195049,1.76631187825641,0.913588263842607,0.849838023153996,228.772908433468,6.70500070317232,15474.7897437932,0.721998050440257,0.0553362085746654,0.499016017815656,0.111315662179361,0.0501479603994783,0.693460104597984,0.136985688503436,0.0645383024296163,0.491495894542602,0.516570065120393,8.37699600866336,0.888760040590683,0.259971675146205,0.168642334176515,3.48875329891844,0.9518693044408,5.78021816934803,0.102148577649171,0.0692709551508528,0.0819737946782325,0.0640789314994184,0.372688950016543,0.321860795861852,39038020.1269338,301310294.480045,62263133.1237392
1.75175564404991e-07,93.1273824275323,3.45628488454528,0.0749633574848989,6.92371822607659e-06,0.00110171038478324,6.68793471028717,0.574773318568861,31.3392816110808,2.04585265146869,1.7894824758492,0.711158716550096,218.774840480605,5.06905679206874,7633.02781134707,0.565453753661474,0.154122295722878,0.333529406057967,0.140140416864831,0.0427512852184062,0.707792601435433,0.35280021326633,0.0479437427585582,0.584792128859865,0.615179091827428,4.02094602246508,0.930970670019126,0.940727640221783,0.0361254498989228,2.40634493981945,0.7741022107985,3.54607572175184,0.0992868288187308,0.0524561794289333,0.0720997903862076,0.047465381775393,0.521936773083456,0.471670310623948,25649894.1937891,203313842.69744,39119397.100799
1.9846324531205e-07,51.4594795076718,2.17535547872363,0.0182739751064515,7.7119412704427e-06,0.000353827681139111,9.59514282208116,0.948095493342826,36.1565300755593,1.88397677096216,1.09050195508147,0.646918204907284,184.875285674196,6.00314680053031,6046.55527482208,0.686761586785801,0.0793011324167971,0.513909355238175,0.0971752788388144,0.0965058814257165,0.825621090774984,0.241521711475451,0.0621994791803898,0.510351986513694,0.734400620452362,7.25844613433304,0.984611051840113,0.982643757086321,0.263090658183769,2.31657870083486,2.03324179295731,4.90272972482406,0.0857156955921032,0.0296107388288153,0.0481050454017627,0.0247115437694894,0.711703398090769,0.654547062538879,24573434.3932614,341671015.324538,42946055.4264042
6.3336804345573e-08,115.801032536171,2.35293180000796,0.011212782996253,2.76328068333631e-06,0.00137053782664186,4.36660916366602,0.865065299236768,93.1820402417537,2.66963946366912,2.2627403093368,0.697927278206918,219.742999753026,6.46117700829399,16294.222536506,0.379077259028525,0.0686416029857663,0.382143077552275,0.182224378129241,0.0443934280306133,1.23533229560143,0.153889818878629,0.146778003058252,0.723716082053281,0.613780598082063,14.8243826100379,0.930651800141947,0.257200649115615,0.0694390975529339,3.60138252846829,0.684879419803494,7.76640781765219,0.100768790510094,0.0328909652972516,0.0255305647296569,0.00294378764307389,0.970786712550856,0.673599681699493,51922985.337114,640983620.702263,10056709.2596149
7.92542116054667e-08,135.762983388734,4.34018104982753,0.0379356259387637,3.80214952052551e-06,0.0019595660456883,7.37439626849904,0.670711324435027,89.5223011459165,1.74153585838158,2.32230741877903,1.2053084171853,227.354972385763,5.32725539557311,5876.33878982129,0.461417510762623,0.140450545701064,0.358163902082467,0.133883762472858,0.0506406631590272,0.623081630699316,0.261926451968709,0.0601052218063085,0.468551272084994,0.835108438187376,10.5018473093323,0.936831199834558,0.3509349318864,0.0732585960320062,1.66153561971775,1.7221123366303,4.87353210148619,0.101429938280157,0.0164412079373471,0.057353152444958,0.00178614446359989,0.982390362314266,0.837905768098416,31242331.154253,303932158.636633,2252381.532423
7.38955695442295e-08,60.8805787650307,3.88563654228891,0.0186512538360311,1.81287302102919e-06,0.00280833278553983,5.18615244115684,0.686839544531361,25.7946508489547,2.02130954600335,1.32985699331396,0.583362638973464,252.63359331219,4.88137603731153,7743.08218768584,0.694966996282672,0.0867062108696057,0.764435689822229,0.0927274529020091,0.0414107915167737,0.702120285850352,0.244548971725028,0.0545994487258183,0.699763640056241,0.519515808145927,5.00718772344245,0.933714416529129,0.349372937779627,0.0536316964429006,1.60348603382116,1.09264588967972,6.48040254145462,0,0,0,0,NA,NA,0,0,0
6.48081322894458e-08,76.783470346458,3.84665733646231,0.0257449875741816,6.92798916456704e-06,0.00090055045842537,7.28768110614284,0.685991459655393,26.4395820349974,2.08875881480867,0.76025782759555,1.14095182936089,204.549362518313,5.11170064612925,5695.06896514098,0.271756586745216,0.113285261592119,0.381567532720327,0.0813752995249934,0.0720821177731303,0.699822668751592,0.163421940498766,0.0724485307146363,0.43932208866646,0.698451739262645,7.64960495745533,0.985511683038386,0.310111839882595,0.256018296601955,1.57702245238757,1.85152047419645,5.98063215705151,0,0,0,0,NA,NA,0,0,0
8.49335167279883e-08,64.453696838065,2.32660059936737,0.0716793607600302,4.52107128765016e-06,0.000490070736672434,6.83628813215232,0.575791463481554,84.1583043080565,3.23320298004737,2.22495574509183,0.569245463055062,190.786446125799,3.88793907353044,10160.0596416222,0.685047620055111,0.163981249278159,0.59571175083206,0.232047852633803,0.0755950398426375,0.6121733575308,0.318207464383675,0.0814939474484117,0.859449489937904,0.63397279132521,6.80702996143105,0.900947343437725,0.79087902857125,0.194563173500266,4.66593664452224,1.2035626782573,5.90405316673989,0.106134014161152,0.0327737109376337,0.00183517904834583,0.000571002994380593,0.99461998117292,0.691204453193765,25984361.702607,244019115.500457,344582.927770664
6.64645572462213e-08,89.8696982703826,3.02501813728502,0.0108297354084256,1.02349045362355e-05,0.000475365966849594,5.69038749635825,0.83143262352547,78.3894245028535,2.93362363602052,0.898715125102528,0.745176250455208,135.718841743005,4.03695836642208,11021.0094835171,0.50694724781245,0.095931218499945,0.399838754679485,0.252657170448547,0.0445411132094639,0.557593600387598,0.110176508055367,0.0681392041231946,0.360243119868842,0.808975187360698,8.05608360811245,0.937376130660976,0.956387744245954,0.10966875825427,2.92987494210972,2.263054913339,5.32992971013835,0.118379720885864,0.000276544954128977,0.000688828694812526,0.000256655880513014,0.997831926966947,0.99766391615,32054203.1160389,397641034.224918,96095.9833893018
1.70467539642353e-07,155.744673722327,2.50237142586369,0.0100126422441253,2.65909776465959e-06,0.000495006158058041,7.01158189164449,0.784363317580603,97.9214144237816,3.24125805584673,1.11799088163515,0.890342364747301,311.034466913215,6.24368009973195,5593.84768422915,0.306657390455029,0.136069451544284,0.435034857346836,0.149327586896796,0.0261280849567217,1.05659982434412,0.103647076097505,0.126161244251676,0.372298076686751,0.495376847644421,4.94864579721916,0.899085316706604,0.777615286670153,0.0418861008723933,2.06096072544496,1.61246785303912,5.72906379703571,0.100517942465487,0.0749015120034269,0.0843135595053809,0.0694646388994774,0.308932940769971,0.254844357472355,63890982.502872,880323105.812068,174468754.040887
6.58398652765831e-08,86.7743892705862,3.65755428736223,0.0279014705849904,1.1336522181927e-05,0.00177365639404004,3.36472151951104,0.611971259485269,73.2028405036762,1.00517920172136,1.94419087795803,0.496060816964812,233.341148435894,4.57200193475152,6462.65517159076,0.844163228567267,0.102734631567567,0.458628923955991,0.244964910672987,0.0489265179749712,1.04592289936059,0.141936230600466,0.0438986935969706,0.512523121160107,0.637369821523328,4.2371483901412,0.884375188962524,0.490193709418725,0.290380104975488,2.81284478968861,1.12883142897836,3.37338779598235,0,0,0,0,NA,NA,0,0,0
1.66196237981335e-07,158.685989283432,3.73160341036057,0.0284016040449759,5.33284177377159e-06,0.0010933282870196,6.19909904010164,0.691338779973796,86.2394479727802,3.39937333698665,1.49193612216537,1.0057880073963,122.459602798305,4.61869839317605,19555.7345034469,0.276450141089174,0.0813479567332371,0.302677709821156,0.17517890152096,0.0637831215020911,0.833136868561568,0.130026408919907,0.121339961547505,0.36295431609056,0.565737338042509,15.7917733129814,0.882383834226048,0.546229746409767,0.0379212473014573,2.59524169649233,0.883560870441249,5.19288265795327,0.101783453894632,0.0696249884747774,0.0819606444820061,0.0644618400542202,0.366676629769782,0.315949834568843,42837485.4882951,440619497.330139,76911517.9953577
1.19913928619436e-07,139.646814821579,3.83938899715332,0.0297643336032602,5.42065632109209e-06,0.000694374257447314,5.67385024116351,0.631036621730254,63.6553379582916,1.65175712874561,1.50758220557493,0.812636846112194,150.298744861281,4.38139811222179,5044.51409894888,0.557364445356048,0.0929432273825813,0.301882115989331,0.229777828284821,0.0401790151098576,0.91488121234529,0.159280895635469,0.0991837453443485,0.440113919420192,0.7839105252625,12.8580807931753,0.967843690224291,0.396742391076227,0.0880065728885346,1.5338072006425,1.22867486826387,5.4407514704664,0.117882814362015,0.0688909746924963,0.0885690283724191,0.0623631058754346,0.470973727485676,0.415597811561114,37260202.8443066,437841178.574898,52090041.976318
5.92365065103317e-08,90.6542502976814,3.18301825625351,0.0114931799721126,9.76621398961889e-06,0.000803186246494141,2.76604455662264,0.836726546485412,44.3848945646147,3.36794849039252,1.04028534615101,1.25145031802944,313.494484216039,4.06818174821451,5417.32974378431,0.938237548807885,0.125394491096392,0.373687134640769,0.28575290570635,0.0979633212929883,0.672351587075822,0.261483220937342,0.0787645477990394,0.747208169978192,0.708874902640966,6.6893724407714,0.988835402620401,0.504784504989532,0.104025076982245,2.70180326168104,1.36804790068248,3.7426171443211,0,0,0,0,NA,NA,0,0,0
1.2735194944453e-07,128.579900509765,4.18720343788618,0.0195422805932252,3.53771481836583e-06,0.000886296202646463,5.00365915293502,0.758612866242447,32.4199721956616,2.39459732821105,2.86363746600878,0.524197448792106,146.024515499824,7.60019426578786,10052.5997084962,0.465574340085847,0.0722487974053374,0.511039202675542,0.0840243559306941,0.0301400779052081,1.06215117294915,0.147363733192002,0.0602423413942806,0.575679826003903,0.615374294948223,6.87594118309366,0.857241943746087,0.910772772580675,0.0529153513785702,3.17676675231637,1.6344595215494,3.35318959290705,0.0680183536487566,0.0245112664189194,0.0373550409041358,0.020225992946152,0.702639186908316,0.639637463948417,32093402.8248994,402915354.417476,66941637.6136903
1.78539855982084e-07,92.7308993004143,2.28706472008305,0.022637381407333,2.31067964164407e-06,0.000485277040774993,3.92116815268678,0.821819331711857,30.3771387792659,1.93890133319034,2.09351360237914,0.611759397197604,125.147785160092,7.23505675090018,7061.26942298494,0.438892342889593,0.0593556623685202,0.323857127528739,0.153249104182379,0.0929153831681312,0.566506963462797,0.168645133918887,0.0932074038652284,0.679091834148999,0.657140364916039,14.6531700690767,0.858658071617828,0.317196905933083,0.112687507682327,3.05663889251317,1.46410161147616,6.80104572504255,0.114820229207464,0.0762334857592401,0.0950608311659697,0.0707739870064499,0.383610470951324,0.336062240204234,41129330.2023813,517274190.587512,87329853.4300472
9.61791584729803e-08,133.209073005631,2.80305534235702,0.01073617685818,5.62576905829424e-06,0.00115047899795798,2.59919274379575,0.722616481172854,33.6287792837713,3.24578288362174,1.57720365261615,0.703844302973151,154.867420870621,6.44202644770266,6895.54839564823,0.299173985115919,0.0628254861330379,0.748627007144136,0.170611945794506,0.0743970971584452,0.869266748969029,0.140350139433332,0.051384439455778,0.558741808363256,0.553216245284362,8.82448821644776,0.927064536409531,0.523955876205948,0.0773037610037921,1.91902545337696,1.68381781239284,3.64812559174632,0.0831654262681457,0.0335257374872866,0.047067996531304,0.0267689600709668,0.678123935965204,0.596878907598076,49925493.1578988,656372261.826887,98907378.7694717
1.37505947178243e-07,67.2331788837167,3.10601203885308,0.0293076103099199,8.80467541619172e-06,0.000929531574137411,5.18297077946134,0.739108661709539,33.2636365184711,2.49237136770134,0.940574922790395,0.853373045878803,261.500685028434,3.98261383978571,11550.2020854801,0.366771370359334,0.138678286668019,0.575553474973217,0.217743737192367,0.0891027558984341,0.629367049674725,0.144035863899536,0.0581333730614473,0.680506578633793,0.710327365219504,11.329767411994,0.847113544838895,0.833252974713927,0.106183689831601,1.98927577739015,1.02063481935175,3.40333011179844,0.0837801063024092,0.0169770336074169,0.0394334642707021,0.00696139340113227,0.916908754257189,0.797361994909181,22260106.4675563,258542292.896542,31128508.3315436
8.93131730576424e-08,61.4156109234312,2.38334677888153,0.0171997171075938,1.37114931465014e-05,0.000687811702152375,3.1622245721717,0.782318225310415,84.9743954457597,1.32769661313509,1.01045129089491,0.700337319446736,129.347457698029,5.14426494347604,9456.28305708853,0.49465419777984,0.0732076624952109,0.406826019991409,0.286989033767259,0.0762792215416831,0.524908199045453,0.308875374516709,0.0752529680330191,0.662650899629643,0.902652965242346,5.49323933913231,0.978115678962148,0.744389107956261,0.122034163993723,3.14071171936163,2.34353279233994,5.93123522344454,0.116870415765493,0.000917250728862204,0.00260262236919871,0.000748043891709817,0.993599373401642,0.992151557578928,27225280.2242799,335363044.880003,352479.454432724
5.3004289618492e-08,65.5016747722322,3.53420695066703,0.047968846913665,3.09903071182576e-06,0.000458427575093225,4.14943564512541,0.722872085894011,37.3670813798908,3.523093557964,1.70874731748154,1.01127198106169,189.507890539529,6.07922453818509,10990.6484622489,0.403399972516809,0.108038017495865,0.388901030236112,0.231304793719107,0.0381296353452861,0.713651451716857,0.193713640159834,0.0593842560094706,0.374343580561179,0.534650269423379,4.18824160288069,0.950893033902484,0.420159390704132,0.116766545228817,2.63435444738312,0.886132680738874,6.03656060534342,0,0,0,0,NA,NA,0,0,0
1.64251417288943e-07,61.8301966237161,2.14930957528406,0.0753074313517543,4.94373199291389e-06,0.00199962166000987,9.64614202435583,0.636184505626503,38.6358403876868,3.41804954871848,1.67655675929038,1.06432023075832,134.349961419617,4.43653668792432,17354.6072305614,0.990074829368026,0.111418348235677,0.316316406385638,0.193453822709886,0.0267693843004274,1.24005050320993,0.116217394630548,0.122361641012212,0.572511400079707,0.54137953673005,9.75395108994003,0.855327072494014,0.37861736445964,0.0278824543202714,1.20378949515703,1.33569379824464,6.94637192939832,0.109136971136514,0.0559976468415074,0.0805762846071464,0.0476085641073109,0.563772353112497,0.486904884216892,26633772.2744531,212267678.940247,45583306.050574
9.84891052356422e-08,108.272264104494,2.12409328356961,0.0438716414694309,1.97751321574758e-06,0.000358825167784578,6.92312439936435,0.614568830834662,36.0499532858907,2.82606162011221,0.918529301667155,1.03660396472792,292.100900649828,4.22241928828468,18751.4852222551,0.676620741563746,0.171820082494636,0.782164980808646,0.286738891934517,0.0324215946410384,0.771548943638412,0.153081145484117,0.113581621994084,0.629701026566904,0.680139126306834,9.06928046386548,0.896672427975627,0.664920920216158,0.0233408552851124,1.60042103588123,0.604947338566144,7.61388774985659,0.116208573309689,0.0663056825384883,0.0891559059687821,0.0580808706472362,0.50020149982864,0.429425208054251,50367658.5060139,570134510.443977,77438306.2603357
7.93442290266644e-08,54.8331139525617,2.16988885560962,0.0345084845789529,3.78826952541433e-06,0.00157046845600228,5.38056023025908,0.673861889157352,44.2865343222967,3.58693751702892,1.13532537094416,0.79324577210408,192.771999704329,5.17140472824398,14899.9471987893,0.254952358588087,0.0745218348145704,0.457151868329332,0.096360494906226,0.0943253341431407,0.640509449964248,0.277241541524446,0.0600527630046177,0.769088037147248,0.57864439743813,14.5263036768756,0.891478040439348,0.396286213934057,0.21634166113609,4.29614659501716,1.06309927430623,4.78298969754189,0.0555986680527171,4.49539808986723e-05,9.63055280960365e-05,3.91521290967007e-05,0.999295808146706,0.9991914557943,24452101.8321559,235248398.997869,60483.3119743592
7.52050913861369e-08,193.620446336299,3.41521922409182,0.048608666057721,2.26795825050347e-06,0.00166560361058352,6.59169532807078,0.66332398946794,28.7214613560529,1.63483500259735,1.06164722016586,1.14654433858176,147.087187876217,7.08871578496262,17549.3050296891,0.907110576067879,0.112022559443479,0.681771420061764,0.0968252891283213,0.0616925281730764,0.797543281703765,0.158607423617697,0.110610265067806,0.534791654856174,0.505028852557674,15.4936507249548,0.889371791665304,0.27749010410277,0.0464161272049743,1.63773716858438,1.29368456822587,3.96794814671809,0.105621551607479,0.0552910633426137,0.0729901894145052,0.0463034484598245,0.561609844249384,0.476517221143546,56150328.1691928,522081723.63785,87758332.5230458
1.15497289956066e-07,96.6270059153168,3.19129931881007,0.0184426887566322,8.94002222715606e-06,0.0014115762185678,4.90230376716101,0.5826425834895,95.8230075869696,1.22383764168643,1.92102576757836,0.73337684301432,307.659668254663,6.82539897505478,5419.20470907347,0.337263210776132,0.0795343065496165,0.53425653040487,0.0996265580949976,0.084555647323409,0.947404939815693,0.226540012119568,0.0683745611008614,0.594903751344193,0.763507276014059,15.9974228982323,0.947514406137641,0.307540600964818,0.0267478192398427,1.99406129116279,1.95508017993875,7.99019376073292,0.0634342118594674,0.0112264419051914,0.0294878649216589,0.00754700746279271,0.881026227936553,0.8230222844092,31584796.5506171,374915763.144126,47421458.6172791
1.88113651169466e-07,175.417686343991,3.07227625162071,0.0257677841325986,1.76281908996364e-06,0.00275191540101412,7.41739196300867,0.648880584905008,48.4289584019972,1.44040664888505,0.962208707028737,0.728382426493322,241.601530561376,6.17103653592887,5982.53129324965,0.576164876094801,0.0714414263574188,0.323607229470508,0.272893858122265,0.0907027232577985,0.870920070559561,0.31715408624894,0.06544957350714,0.939032829400092,0.70551779893789,5.35342377662217,0.942531193685082,0.512817785521552,0.150979030547205,1.33120302816043,1.8620770869504,6.52323188296499,0.125307664504743,0.111378206618371,0.11845201784077,0.10905244518491,0.129722466571207,0.111162058134477,55649613.6091752,469634727.129975,86017778.7828279
5.60430799079174e-08,147.60917675568,3.42358739172514,0.0112425949541085,2.91360410212796e-06,0.000567250275850147,4.12444352131777,0.701526719647092,81.4983639547137,3.39527575424327,0.963306061114737,0.935335515666776,123.519686632309,4.03311801331534,9627.61432039614,0.298308202081204,0.0743876863445632,0.415064997074182,0.200913985403795,0.0279008126249359,1.09188721904552,0.296043201403752,0.0928980109121307,0.824540233731714,0.54286268962771,11.1385965584911,0.84494266102017,0.268719431749727,0.0493944541494068,1.56096336317309,0.674166586745724,3.47124872365311,0.0958745492810142,0.0308109836536563,0.0410725898530329,0.000706771261939694,0.992628166001927,0.678632297260168,46496247.6834236,619508804.276214,2610538.94430165
1.01224719070569e-07,70.6256772228043,3.63768221592931,0.0142653903246798,1.06281663686172e-05,0.000627004307081127,4.7192827356413,0.635616392188856,27.3565126038732,1.81666254851065,2.38112377570437,1.16285387942186,294.834564450953,6.01663001219464,11017.2207025505,0.73909039655662,0.106882842908939,0.699794575820912,0.152359265169053,0.0275951277618466,0.93467765104639,0.36796493068357,0.130819975271517,0.934517997959946,0.55816714976891,13.3175346053451,0.867390088274159,0.85567186521448,0.0516435064228401,3.7792031258794,2.10527074897708,7.69227492544393,0.0800731402770035,0.0196327388550756,0.000532039589446789,0.000202719108764113,0.997468325732414,0.754814925614775,20779802.1488019,258534067.067328,201951.926317876
1.04833821429726e-07,111.917448939374,2.42814531725805,0.0213134394973442,1.87737978119269e-06,0.00187481680696324,2.77170620819727,0.765687963325027,36.8601610743454,1.27706028378264,1.38729667392923,0.576613999819916,240.320447394248,6.93791053532879,13131.682018995,0.785586740560933,0.158057463001265,0.313638514462834,0.23446402191924,0.0642717830038377,0.848567672257379,0.100679256707866,0.055687445351668,0.399358871266465,0.546862502224242,11.2271437094448,0.843732274167185,0.558956768460137,0.0375661387085261,1.32569365988202,0.628465883634717,3.00647673749193,0.126771027737589,0.0844935044648426,0.10711673328078,0.0746225626735771,0.411359488005076,0.33349515285353,47005540.1531919,518197925.542226,91808686.8267107
7.22675353571633e-08,101.554914212464,3.31586487593837,0.0283189092536114,2.50235545042259e-06,0.00147091017777209,5.66515839885529,0.633069769179423,29.7674652850088,1.63914989848812,1.32323264223347,0.54615117998267,168.361624960579,5.04616103219581,7597.59013718083,0.608498590302885,0.15950989468921,0.738561342683267,0.265473891296564,0.0271953871472569,1.01944635604607,0.28579253420691,0.10624458210279,0.526986789379859,0.711821374554062,4.52913077649826,0.839068523678098,0.461934147013988,0.027338128713351,1.38830732659349,0.808614597844114,3.53861748562774,0.0977900036334004,0.0197863750796882,0.00542851461094437,0.00054333754053659,0.994443833517243,0.797664645214001,31203327.0417653,330819732.090256,497611.874283804
8.24350476467777e-08,54.2825967984395,3.02075427434793,0.0134965972813938,1.27260339120194e-05,0.00106009290596948,3.12885020009901,0.752561628074205,33.8190681820452,1.80360970910573,1.12507621139874,0.815165725059472,260.185836705405,5.70117191926221,7968.47091556817,0.358014798283274,0.103699016202903,0.745418764875505,0.144604531826927,0.0301714129781055,0.554961234844161,0.382020919633707,0.0518583074927978,0.397970042663041,0.52619201432422,12.8258217375914,0.993474210992298,0.410442957168927,0.0434394414231094,3.98130183823732,1.08641179356919,4.11757332046425,0,0,0,0,NA,NA,0,0,0
5.55787159091673e-08,147.105179624956,3.2873346789175,0.0875219281794211,5.28633377500643e-06,0.00123202766255083,7.71672335109296,0.89967570751447,60.8788224923228,3.40917878628661,0.850712147335141,0.705797280479221,232.832344293628,4.14674338479367,12828.1765660639,0.479831984127825,0.0549544866413595,0.548733721966774,0.10478231400849,0.0571350705214326,1.19984074446669,0.144984519352249,0.0844367473843831,0.420136531024271,0.641557964187224,13.913502860026,0.931961939998782,0.640168882409591,0.133934101114965,1.37496300563021,2.29557834831859,3.51803864636696,0.0727878395963619,0.0162662698254472,0.0469089811960633,0.000433258166171025,0.994047657293119,0.776524898724152,40844213.3861409,332113326.413248,1162706.77471203
5.86199830378516e-08,157.25495042422,4.0126861835685,0.0137421332069476,5.20609054032523e-06,0.00284882128490489,8.95554079205529,0.703036670670895,60.4938844826212,1.92509503123584,0.766012769631811,0.485981389860558,213.71779261828,5.57302007788142,19820.0347241379,0.769567143620903,0.0817732365475443,0.449008055927603,0.207485504674483,0.0573987913404767,0.686280477623005,0.371851178350377,0.0956147036543756,0.564668056199224,0.864726715497112,9.58994360489593,0.967029741245616,0.850927646142346,0.147902566374068,3.16954839892716,1.64872860855837,5.51286596406551,0.121271788388524,0.00650962565093557,0.00496315474760454,0.00153514653103446,0.987341272430846,0.946322011595307,40421272.9958877,406078901.294582,788004.728709923
6.15644111727691e-08,138.991435904412,2.44082096141971,0.0585084380211887,5.47835943525726e-06,0.000603067307349895,6.47892537042009,0.904539244629134,40.6609153058416,2.07245625440971,2.17304491346752,1.27745765430497,153.134885859935,7.8332122409292,8730.77710043091,0.80352823486062,0.0854993011556685,0.613436097412251,0.222589099779873,0.0275335907241035,0.892540114194128,0.222226945457441,0.0715021455300076,0.815690450623655,0.854145986421046,14.3275952673537,0.904705107745136,0.916408206746637,0.0403352014642436,1.78743611715111,1.46846817775965,4.13120245554233,0.118173016572377,0.0296552373082055,0.0857373993514559,0.014365573194314,0.878436096403484,0.749052379567186,55363768.4066502,552087279.672373,25245923.8722733
1.17756246946827e-07,69.8779331517725,2.93465701355059,0.063279860959576,1.7104923447234e-06,0.000532345996889013,4.11161713341833,0.837539575688291,77.9492706401165,2.60179785068849,1.90429899550388,0.560886208868051,175.744136700513,6.95799398722105,15370.0797669776,0.305915939556346,0.0821788225420438,0.590193903729706,0.112255766929657,0.0351245904482765,0.793169366444672,0.131951560230317,0.0417609741919521,0.525302453101985,0.643783257113964,6.75214052623322,0.861389478020431,0.75681716239079,0.0802750138558882,3.68432375412715,0.961527924986224,3.87974367025231,0.0513735989923333,0.00902437329427365,0.0186849588658717,0.0012852267892859,0.974982737933589,0.824338308561555,23057694.0559114,224489673.999944,10410038.3072128
1.49794118327054e-07,53.817050903118,4.11928981912588,0.0822558051602271,2.2876651587172e-06,0.000415624728177673,6.5731979563819,0.681315699582062,78.5851038439522,2.35687524216143,2.24758040996947,0.591250145283302,222.476477966427,7.48279960060956,5294.2745535448,0.502961872594811,0.11841381091373,0.335795991528207,0.28221221551194,0.075963453836379,1.2593059938725,0.114366095057859,0.0527636794747156,0.73836983978749,0.761443824431542,4.99085746487834,0.89481228026673,0.434968978236666,0.137827696600347,1.86486532633917,0.788202015802702,7.00333158141935,0.0729271812418269,0.000398733605228556,0.000673462861245527,0.000247556590435694,0.996605427685258,0.994532441835283,12033230.915363,108564227.422113,144237.593836099
1.38615072910828e-07,179.999692045495,2.58992764863771,0.0369231993147739,6.19429805022088e-06,0.000438410934848817,5.81784292838952,0.643832964722849,61.1556937077099,1.24830069692643,2.97588813235162,0.677831024854893,150.110440822744,5.88857703192018,19735.7417972676,0.67978354977885,0.0919162319177211,0.374640069106562,0.15661264665177,0.0870002122806387,1.06653181538729,0.121242903559798,0.0625060369466064,0.959982874446208,0.677342007737696,8.51713868414829,0.978895060840667,0.503088312520725,0.0460861665689169,3.63114762780478,0.972272397312906,4.70289216902819,0.118701861707643,0.0990720590784328,0.106149840583868,0.0947622529899508,0.201678460415845,0.165370638226023,68327472.2106282,715082987.440858,100748749.389831
1.5279609681559e-07,137.695633904839,4.19822341390793,0.0426675962008823,1.86215936333151e-06,0.0015338556518642,3.00476291864916,0.708684373003575,54.7711304943292,1.5810814014644,1.66118415335445,0.637836674941439,306.308837042874,6.69479776077541,11394.7120023258,0.690482344720097,0.0741191829466661,0.643836715836066,0.267124255060106,0.045028291243206,0.54401693611234,0.224466644292525,0.110738162945016,0.366298806845036,0.499636407023763,6.79984567417505,0.925046121207286,0.399997134454596,0.0670343583592354,2.96088896074238,0.709476177188343,5.99555031051598,0.11683117772306,0.0893763632147426,0.099058916920115,0.0831512578597797,0.288278527356081,0.234995615411813,32821100.6332623,297454642.908824,51297057.3007083
7.39593833837268e-08,100.24696765089,3.07651715881514,0.0368080515642044,1.37637319774688e-05,0.00157331247585742,5.74732935919457,0.807465347736135,47.1614926436371,2.71559198319995,0.993605165347556,0.86716455159436,172.509999038341,7.11208537994839,10274.6224132447,0.259421279091404,0.082726903176801,0.344412746450725,0.102839308244447,0.0479361972070203,0.50135014137063,0.232716641808222,0.0792068716077709,0.396986817782538,0.506544109732388,5.10769745184539,0.836850002214186,0.657246205154427,0.0478230335617204,3.2385933791491,0.730021653911916,7.04113980389889,0.0852202858076602,0.0263560490521849,0.028246576095518,0.000551638731551084,0.993526908219997,0.690730337238368,32595367.1358896,329173463.043871,1964730.7198213
8.67774685373098e-08,151.356478579873,3.03585420504776,0.0185960679518964,2.2570463569981e-06,0.000798049823350926,2.63161627638818,0.937843385480758,82.569187145078,2.85094280488176,1.65659018497699,0.561767811976545,182.404377254682,5.26271523358831,16794.306857239,0.372985248664568,0.0747218554654801,0.668815474446784,0.143017742505742,0.0369689370225467,1.1244330069788,0.372271808646132,0.127226172079687,0.82834028256641,0.716133913777298,6.25131456529031,0.941916380215645,0.785346295152001,0.0233209619999208,2.51337447351927,1.94183014672086,3.03925067830294,0.0833345014868298,0.0297225259266684,0.046821533046107,0.0253204649305366,0.696158680033164,0.643334688557947,51930761.0175171,672899295.903694,87466100.9387207
5.66101307246222e-08,181.002251521637,2.16677667444155,0.0248004023698939,1.81897465025021e-06,0.00277679693312007,5.60522605297972,0.728477419141155,25.7052121905022,1.1466633750448,0.750854566609007,0.525363603772249,216.829005957328,3.98835319381629,11435.9645456461,0.283837596654719,0.0841213489332406,0.414369643850576,0.164622704766027,0.0353530148601924,1.09758946972154,0.306298399375769,0.0464782693520701,0.621935676862071,0.900643741910099,4.57163688040569,0.911470158604203,0.602686770727241,0.0710193891263422,1.72385035888383,0.893640397897805,5.15775625068023,0.103990837137184,0.0275104597344821,0.0584068574013907,0.0242721045909792,0.766593814809283,0.735453040942534,83837854.0901125,834212297.949747,74924167.945846
1.01695097204418e-07,98.7211202846929,3.11564495144321,0.01966042796751,9.68213485945404e-06,0.00127127394997252,2.53697363120629,0.748653640259834,39.3893035891813,1.1094666112285,2.23225146752644,0.735044086930683,269.975392942796,5.4371928741916,16176.4391968681,0.315470215035145,0.169817519156315,0.512123987190362,0.240352966169316,0.0384227495858694,0.874997209857505,0.28733736965279,0.118319877491867,0.384157836376562,0.528295836805227,15.218103385349,0.870951598638178,0.478238047479772,0.0430272431548601,3.73642394937964,0.634781860421174,4.81426350987344,0.0933312128958305,0.0306613405839506,0.0362150051848961,0.0104490978556834,0.888042836565877,0.67147817292193,33042599.9271145,394664016.690752,46587873.7265744
1.06946263714748e-07,55.5044331317352,3.25109141297005,0.0460617578294457,1.16163061218838e-05,0.00193723057813757,8.53490534350035,0.606881404022294,30.664587842277,1.15996007882641,2.18004810620103,0.720100633372359,148.695779776372,7.56442203673314,17596.0877504187,0.455601714977939,0.0535762993171812,0.573025429889205,0.111600347586046,0.0296948334027103,0.83197863066938,0.227944749243945,0.0969542365429544,0.464015972389652,0.575102433260424,9.92636289728543,0.839999068801309,0.741706519778033,0.105824440410462,1.34572810750533,2.22049063620282,4.90668663226382,0.05243912084915,5.0960271887574e-05,0.000104423831110005,4.70127238770083e-05,0.99910347993796,0.999028201253904,16018200.7469642,143179210.809843,46460.0481020963
6.78233360642319e-08,91.121938226917,3.44679785174839,0.040789550404187,2.0254024892481e-06,0.00034308624405388,9.04872462271596,0.681462753915144,61.1127264997739,3.57701692776808,2.90234788286641,1.01774162197048,224.060629266826,5.65692963537878,5478.36378471956,0.678631512093471,0.0871763925733293,0.60983261268405,0.242586895718737,0.0590665516990784,0.764265958769355,0.133203933575173,0.0813288475236344,0.438424140646214,0.816772712039237,12.4226047730451,0.9697056464856,0.842119842350242,0.0865837804785386,4.62958633800926,1.67751438530899,4.37092225522566,0,0,0,0,NA,NA,0,0,0
1.47200163710271e-07,118.181286548736,3.55141104284633,0.0503997025911246,2.77237968387685e-06,0.00208597224758532,6.45865281767416,0.591730629850448,27.4765110805609,1.08985963654502,2.61766892251063,1.25686563370328,194.039418585556,5.20614410834167,6635.11288157541,0.789445937345216,0.167476863319407,0.325896807993562,0.169534918805986,0.0740251148113646,0.83880725614662,0.369458763199379,0.137450620935569,0.790113881682341,0.501496187483239,9.45412441843131,0.982263823608314,0.51774470982235,0.0293557773593796,2.66851902860753,2.06813646978559,4.40023957647484,0.114634014383773,0.0774195297614928,0.0918176712310212,0.0702091077322864,0.387536865827277,0.324637367210163,32741329.1327635,275015607.416278,48134935.6721662
7.12531499216755e-08,140.771428720177,3.85398385735502,0.0143573480776961,3.99887181221422e-06,0.000703781770220737,4.93172253535229,0.680133569579155,67.8557269547155,2.00718767105001,1.07409869182548,0.946386536067742,299.31496765811,4.93956245043547,12702.4034242056,0.429713741824786,0.164606624396578,0.462187427415503,0.0816580653960313,0.0282729000130449,0.962027605678993,0.337136011829617,0.0382211388860878,0.606430209658409,0.667549116633734,14.3900795088823,0.87894921018818,0.369577330418585,0.0225136298463505,1.23005698286149,0.611796110374398,7.55306295083538,0.0784676624772182,0.018901908123721,0.0314487535200668,0.00163620725970752,0.979148005585325,0.75911212941753,38981220.4784401,512243506.037701,9162423.07135299
1.06745510400581e-07,119.099871394844,2.19298252442441,0.0144760361011838,2.70819779484026e-06,0.00182154343399213,3.82478611458862,0.59972976074372,76.2990472960637,1.57142281119699,1.28701765818096,0.5102087287199,191.48179797344,5.14814277740629,11806.3208916566,0.263507559184874,0.15036323919058,0.340675246109454,0.206267615672681,0.080089526431205,0.675429703013813,0.185656812074054,0.0968190986066911,0.830963827740821,0.659655792388812,10.8650101955403,0.899237198042766,0.898713438008407,0.0240725560627703,2.18804344017286,0.668497289796229,7.47597599316062,0.110476937290799,0.0572273902780208,0.0816308324919156,0.0500837597637979,0.546658687396748,0.481996951749431,55755944.9217652,647171249.505413,100659669.312823
5.14575556957546e-08,67.3100785547219,3.56414965818953,0.0397207798814537,7.18054529774748e-06,0.00086750386434482,7.43401262909969,0.635917053927468,58.3036570363844,2.64900292831969,2.16636442344207,0.961241686838813,137.491560971525,4.48369647618102,5012.57509128477,0.264134162524257,0.0647513537691763,0.44594915693093,0.106633089133082,0.0771458759043606,0.751246576269532,0.29174458033733,0.115076165252821,0.641616606549483,0.719258040911276,7.4226763296803,0.882486795179035,0.629474060835843,0.0401904245961332,3.04750146777861,0.869269124536331,4.66370300166613,0,0,0,0,NA,NA,0,0,0
5.63580467962613e-08,164.587005281918,2.49391069200358,0.0167122010210932,5.16418848142655e-06,0.000590913320132072,3.01926396430272,0.8225284132388,64.2904222389384,2.66080759120971,1.47908555962213,1.10485158688233,241.335201451348,5.73587102384775,6062.69272736218,0.315832492252717,0.113886639279819,0.7735681067412,0.0864397599663857,0.0713624159877185,0.503802592406482,0.125899973051097,0.0678972921898241,0.695877795017748,0.713262460337323,13.4419208254253,0.866844841533964,0.316752263835039,0.0737461935551841,3.02666451236612,1.11571334056749,4.02355688138576,0.0884301033107839,0.0197998010326938,0.0375839205485296,0.00763456274841377,0.91366556791659,0.776096597296644,69264070.294247,933155434.123364,92661825.2946661
1.82562040716868e-07,129.974048204306,3.85121560455128,0.0312484242505098,4.97826212964489e-06,0.00111986446518649,9.62196762388137,0.877646852735314,84.4059713045623,3.78029168996537,1.11197855185257,0.577580147120713,278.088382736159,4.0196871783273,9869.001622568,0.706958719585726,0.142583339631199,0.347762685743994,0.226911758229114,0.0496099281470557,1.16625109800029,0.305137210728501,0.0399844740188718,0.384597943190701,0.598243693463166,15.4100461492819,0.902838654915381,0.861053645750856,0.215644556604993,3.74903433330305,0.645720844725332,5.85378902231253,0.115091029653149,0.0895729513030158,0.0998466105574174,0.0844595089690243,0.266150374850579,0.221720827653009,34185753.5304869,344414396.069687,55179797.0040461
8.58689652725526e-08,185.622978239315,4.17743294856192,0.0118567678409699,1.39580061598292e-05,0.000385238027427425,2.53099583123389,0.585156880305846,73.672295662462,2.96593058525203,2.0738806701457,1.23590913422391,126.69847839433,5.72095038106586,6493.10432928603,0.282538034846233,0.0633832927121116,0.737746144413716,0.082853540764225,0.0289756825077401,0.578401379520813,0.150424240843904,0.068789708516722,0.706512113958438,0.678347654559724,14.586226095637,0.94866743618595,0.716576220390902,0.0606100385472928,4.63798152985191,0.69335780045899,5.41494523391251,0.0703645224947438,0.0191665666335672,0.0278368593000264,0.0141568994474414,0.798806288374957,0.727610364512899,47235811.6691385,689577133.456327,60331479.909022
6.22754410310147e-08,197.362004475559,2.26721284057566,0.0317155229705837,4.27358375730952e-06,0.000726333652736449,4.05079565182678,0.72122833166315,84.4789859124951,3.61622126954735,1.1831385156519,0.577879979396234,131.430137950234,6.25284690384302,5269.39877820555,0.427572443392627,0.09828493918703,0.530485715098465,0.290514210819157,0.0715640825567364,0.567375902879404,0.223771960263483,0.145651899244937,0.770862936288034,0.869596910357473,13.0305386766556,0.99531686770465,0.566541898676132,0.253731562518456,2.68397481997911,0.995654513471494,6.96805359820608,0.126815014711312,0.0807148286613394,0.102765431743402,0.0751261752131632,0.407592425990062,0.363523090344764,87451350.8939123,1037348418.76283,107642283.85808
6.24884995029316e-08,85.1644405422678,3.94786587314775,0.0239950328789359,8.53015584743114e-06,0.00250082549945061,4.41496801931958,0.881580698042903,84.6213793210688,2.78532498631812,0.854027017436044,0.913150539200431,287.236976683634,4.55985195889784,12310.8674637846,0.766969424276826,0.167954523095154,0.322555815178469,0.266695138433169,0.0855184209390581,0.761250415160342,0.310890782683112,0.0898644952250916,0.871838487209462,0.714388154403965,13.3825536244938,0.911913097658509,0.284904551543847,0.0566732920208297,2.90748815846948,1.37382796362679,5.7701602243548,0,0,0,0,NA,NA,0,0,0
7.04771526668067e-08,135.162946767136,2.97532632839193,0.025304910166163,4.03935058176096e-06,0.000865235810154727,2.82286032021563,0.570686268464005,37.3900205160366,2.83266562480434,1.47708310075047,0.880157488144635,147.924004936356,5.24026913195142,19598.8729363808,0.805003204963815,0.0615650414919286,0.66002559735805,0.249869707450988,0.0411831932510637,0.936470449071787,0.119634823307993,0.0585372565328336,0.590799495358487,0.606388883073632,7.62338718183724,0.848186905608086,0.845932962043369,0.0761555510746418,2.49480433159587,0.735333972516085,6.59190137929975,0.116490470679445,0.0515304009003352,0.071307907548659,0.0223804118432943,0.80787774559792,0.557642778848967,47080422.5008562,567989492.754442,71464587.5558603
1.81055235209713e-07,50.351818221176,3.57660408413221,0.0150368223655644,8.0179344586632e-06,0.000516653197209665,8.00854290026516,0.825921071210936,26.6462060560918,2.06569338273594,2.08505639458646,0.816469399121343,163.082314279924,4.78047078845294,8440.94038246527,0.331694736156808,0.124394536694885,0.41260141094691,0.0965460785724201,0.0388856417523372,0.485542449492856,0.247890959304129,0.0416411336885714,0.531827175331239,0.825000561495923,4.10236331231862,0.852903671781458,0.535157064081999,0.0541875477018832,2.12235758600874,0.771637893815544,5.41313477271392,0.065362765604415,0.00777495700592422,0.025813833690314,0.00153160319405592,0.976567650100282,0.881049142672766,15062037.5222417,203646754.439216,5110858.75812153
1.91843276568504e-07,186.899299280331,3.34561822967473,0.0111122024944488,3.75026043253918e-06,0.00168663514152797,3.63470203945737,0.857308408792501,27.1606214733556,1.36591126319912,1.18410991639968,0.617472055444458,179.391128389495,7.38240123344977,8587.86200267795,0.305196936046944,0.136035787192995,0.4327627237334,0.295611370442532,0.0393948441916521,0.686996854297024,0.17850055641619,0.0397416775326866,0.820446898449895,0.498432922568679,4.13959087820466,0.986562094070188,0.335197554993399,0.222408635770463,2.7480219851469,1.01743521304774,4.48458366987598,0.116039260004827,0.0989418119214562,0.103306376127993,0.0935682446499456,0.19365010905746,0.147341926195151,56419816.9413262,615736072.332356,79983705.0879775
7.40888727803452e-08,59.7049250135004,3.13843757712302,0.0240819543788128,3.04667599012196e-06,0.000622901101940536,3.5605160752252,0.664269488150878,43.6327215808246,2.09092061935048,1.30645723084653,1.12388876880709,197.902198828574,4.82865078484336,14709.587606713,0.280078451765528,0.185174205871712,0.749709291838007,0.133772759246799,0.0313078528432788,0.755276337963023,0.155308804331477,0.118363509962533,0.365476850672611,0.637645214119821,6.19409344809335,0.863780254055062,0.697146094389236,0.0995520754320212,2.36804125682449,0.981198009404192,4.6438075812428,0,0,0,0,NA,NA,0,0,0
1.18657963690728e-07,189.936889375732,3.55453402905851,0.0138910991847596,7.2524741535253e-06,0.000333359127004807,3.85906509851686,0.761489700636323,30.1623483090837,2.42661292388707,1.68797057506354,0.533283381569855,284.169708030214,4.98949464661073,14171.4292128694,0.878998216093298,0.152712835406176,0.795260597109532,0.157899312920959,0.0281571584307397,1.23014935686781,0.342662826031599,0.137851606026075,0.369936267032206,0.661362487596234,12.0659546029405,0.926864456171172,0.519253115737917,0.0348808085273977,4.01876647024804,1.78924427827019,6.79240059722988,0.108414165991146,0.0851736433367177,0.0929517457273215,0.0803485238331789,0.258874307627469,0.214367951290855,55494049.3379601,771445441.235785,109498022.43675
1.36802574674427e-07,153.286374001189,3.3238609464844,0.0433026209060586,6.85234294454247e-06,0.000863442734416702,3.37582989523121,0.905948257637614,72.7683083729595,1.36187060343506,0.879356004727273,0.630239614508281,142.641430371701,6.86647906757286,16574.4199638032,0.316442130910281,0.069532409968314,0.482850338505958,0.294471974199147,0.0311213348492641,0.862202347608093,0.210093975291062,0.0606378170310018,0.792404938735435,0.610593772203754,8.66429086973293,0.943149496970261,0.565577979358611,0.0290504034059735,2.08921665023353,0.967057483263077,4.56374265353019,0.104219734453095,0.0748450622962334,0.0853620300798883,0.069829979041735,0.329973546678316,0.281853262350059,45894190.2801191,438620359.187175,71558760.0638879
8.00935458610648e-08,132.710129839804,2.81385993749356,0.0177312941283511,1.37017117164212e-05,0.00169180580852323,2.65658637016342,0.585424085706831,60.4266803966506,1.53786790682064,2.72950863304401,0.508801833941194,146.540044408763,6.23017783442242,6007.54235448645,0.971004309591095,0.187070975332598,0.505990884689269,0.125122945392287,0.0429708371644658,0.954606631764938,0.164297987763821,0.0391793753140409,0.935419069572737,0.505276466679689,4.70356830778988,0.941921895917409,0.352186629635122,0.0336039410143566,2.03867005967185,0.770270822822102,7.91522233147389,0.112610825918854,0.0518238477346618,0.0588576032103615,0.0274639446787826,0.756116301832536,0.53979693060767,48906865.0303852,566308475.468877,56141511.5210205
1.55949654163429e-07,66.7036631859485,4.23771004000159,0.0339241342997384,2.45754739314693e-06,0.0013209709058828,2.97667267905282,0.946475928782077,48.3159289760166,1.61997227829671,1.22471354294746,0.512693115935021,170.792578289027,7.92771525087209,16344.773257195,0.688769642428723,0.065800976856306,0.514508302138712,0.167333816511941,0.0471427146601396,0.629884492919329,0.150187776294943,0.0820003647825788,0.41319655414728,0.86744302809666,13.93113285822,0.855207533354258,0.541854777920892,0.13039160143279,2.18580352907786,0.905683510122385,7.12040361487292,0.0903807504074802,0.0121483402469047,0.0456196169352758,0.00292778947263738,0.967606050409656,0.865587083619752,16017480.3556257,170766843.230259,2833789.39606702
1.14028939621548e-07,111.801888743871,3.30189220289079,0.032538968476833,2.44421486415247e-06,0.000806414282144043,3.34035778094454,0.631379490648637,82.057164968189,1.62446508927144,2.88671948445915,0.754852163102198,144.337052925815,4.32835398836059,6802.12824673738,0.385191730620326,0.141288933687541,0.340261016530267,0.293736196799415,0.0317920596053741,0.506197096811864,0.253421813688472,0.0834742171330948,0.785203088970285,0.779100881695705,12.1630770326703,0.979141011366967,0.563469651517988,0.0219434612428162,2.17110621709876,0.979192911429625,3.27089306598718,0.118517424621522,0.0498534930371186,0.0765068584229175,0.0398554504220966,0.663716533249246,0.579357270069591,34600779.6330839,398868601.278002,37266439.0278671
1.80990715798744e-07,74.8948566829356,4.4204531325248,0.0118875494212975,1.14990065206198e-05,0.00134174755491609,5.08934938949047,0.749406683429707,37.9767459697627,1.51267885020573,1.29696381185068,0.932797993005097,314.302428695591,6.36020937082619,11354.123799006,0.294499006199213,0.160115062243341,0.436793208473677,0.186830961107358,0.0879044587979209,0.973124827829422,0.184479135524159,0.0375978334215426,0.442087102453468,0.523329677881673,7.41128707072472,0.883632816787617,0.425346291762335,0.08178409327079,3.54089816665595,0.638354408177816,7.09423011229748,0.0649574795257594,0.016243774797352,0.0221217263171817,0.00855399955284781,0.868313862925429,0.74993218770272,17984130.3629865,225576600.659815,27534112.110964
8.21381973573286e-08,169.889263418949,3.18460252439769,0.0103764665555704,7.58551137582134e-06,0.00049685438957512,2.78905933232727,0.858693245956648,27.7558269421283,2.94945032222925,0.827049194370718,0.835145202693878,140.628915749308,7.25343504512509,14991.5170442713,0.357676288432927,0.132535784422009,0.765017543984299,0.163627346330627,0.0270084109539839,0.757650549844738,0.186421338492331,0.13757542032699,0.781284847009472,0.494580635662508,8.59932116669241,0.953954949945716,0.870692664654304,0.13272965614172,4.67481055922008,1.56531327058163,3.07791347112415,0.094466999776979,0.0421955708605689,0.054850124672523,0.0326808663092525,0.654049918104665,0.553330041599863,56507443.1921346,822704636.446148,115297684.238392
1.36613842272318e-07,104.121485808637,4.13204101441905,0.011675630979016,2.15913398657775e-06,0.000436814759620983,3.47816673992569,0.872295488806504,29.0308759713088,1.90167505610291,1.64951963363718,0.796128087520132,273.150540199783,4.65290669626969,6127.8751988578,0.288987505193988,0.12861784814158,0.375038735530117,0.144313025582947,0.0323791876492242,1.15083611067444,0.255126840312428,0.0673414152243164,0.371882342439141,0.587424391627134,7.98854048557553,0.833226714266249,0.721242828716741,0.0546496965443333,3.46458295098246,1.53136296941625,4.74142230994242,0.073231763515508,0.0206521294121473,0.0344437942016404,0.0140605806765298,0.807998879153685,0.717989456750228,26865670.3465843,388773506.959375,66836833.2106319
1.62684743306428e-07,102.031259100355,2.84784381450108,0.0120710598965644,3.48200190797709e-06,0.0020785398523139,8.42874821813852,0.691425460641749,65.3069811811758,1.53040647606901,1.53347013902866,0.501610843473854,260.170849753585,6.7946816745505,14860.1041580636,0.965659697599262,0.104373801993033,0.567372334465645,0.0824752708761762,0.0838844950836321,0.604457509387242,0.21369011028337,0.121026201234405,0.449305439734979,0.675049586003063,8.80609337797914,0.906745526072589,0.332106206808355,0.195315865853092,2.15666983001726,1.70235254683637,6.72347624555905,0.106570654445662,0.0683207198143785,0.0838347031312241,0.0634797544783797,0.404341140545902,0.358916202872585,37000820.5500748,407952336.083974,63662120.3594392
7.54923680900596e-08,97.7892612105361,3.5469555653524,0.0101181663891354,4.02083067377329e-06,0.000419183286385109,5.70822864581484,0.739358335143535,31.6155710943329,1.10445524043806,2.05730769401407,0.845142389992047,242.909695005963,4.33947070319728,7096.29377197203,0.430582617995327,0.183059289341341,0.604732240051395,0.153378370985231,0.0797510472986788,0.75231180080136,0.255557266932132,0.0794146948846325,0.481125271882582,0.533668032091449,12.696674337985,0.939489352769941,0.612805220491642,0.067738702697317,1.63358117667576,0.705156609136204,5.26009126841115,0.0872571169116456,0.0254871826295514,0.00056217382582347,0.00021268715358218,0.997562523710272,0.707907119423175,29940732.4167342,396081669.225451,289706.101105537
9.22922378916724e-08,53.496942914942,2.737889909266,0.0250641614588079,4.19769523683914e-06,0.000607894106744491,6.32601832039488,0.949098251847483,50.6832215081929,2.05539740181272,1.41211344155279,1.25419807661728,142.903617997786,5.13492330870147,13604.1082476026,0.320632809455365,0.115026333453388,0.495494333510513,0.081484151493355,0.0796334047999743,0.863105862365942,0.370542548101961,0.100642760885204,0.371016649026083,0.849774753942786,5.59115320323192,0.960441465794541,0.281611834200561,0.0231163350514328,2.44699970913868,0.965385703528452,3.60063371314807,0,0,0,0,NA,NA,0,0,0
7.15986635212393e-08,128.469378390269,2.5728390925636,0.0306214932281802,2.53420901548497e-06,0.00267945439028053,2.87318364553742,0.578459064464989,48.8511185064907,1.04985114027422,1.66859208774397,0.755632144662488,153.958784241996,7.32926973974734,16328.0872886347,0.760664105711523,0.0646436318856856,0.71811052108151,0.204605512063844,0.0530219928846163,0.837033011162544,0.106929253044099,0.0426893169060732,0.364543627983647,0.595246059534502,13.2561311277038,0.838523836441836,0.902280360337343,0.0492125816577153,1.44427395942248,1.11338815004679,3.7314159335202,0.113030354846379,0.0471390543050815,0.0719127170087892,0.0236426023052999,0.790829619729736,0.582952257655488,50047891.0551628,478659058.477184,90695354.2990338
1.94647392979613e-07,77.9371175728424,2.51963785382838,0.0206935964748108,8.68001758502739e-06,0.000386485851798629,4.40165725572873,0.721600454811324,60.7662376176655,1.58751110101499,1.04493947251797,0.765263323057411,190.263220306256,4.15760106803238,15676.1898735477,0.340697873873087,0.0607540675904214,0.420643182362192,0.189268450747933,0.0852282049445157,1.17779775078369,0.158005074859961,0.0480239944287918,0.525943971223616,0.650728217967405,5.55377013708705,0.997683046277667,0.522733152866373,0.178029429968895,2.65724876589458,1.16278205302374,5.46124108918521,0.0849783957183562,0.0450803643688596,0.0544763270253833,0.0397414658539623,0.532334477274938,0.469507938014394,31754367.1083391,417339133.274588,50972871.5283547
1.62475915970336e-07,118.026470624318,2.88698669123931,0.0153921577061934,1.06595072335744e-05,0.000549269753129443,4.38578364916464,0.83494892170793,39.2171481989877,1.55274732511664,1.26770871123638,0.76765502273442,286.500059129291,7.69901627315243,15033.7126823933,0.336270182547001,0.153982597393833,0.311697707284281,0.175599190582571,0.0974420227331942,1.18523192116201,0.271995087486449,0.0639364119106353,0.417653003277998,0.495657526022629,4.6779930348934,0.849011644112257,0.431979282629235,0.175300142654095,3.38116446078335,0.64017985364449,4.04941903364202,0.100648069882692,0.0646168968760155,0.0776952387716465,0.0580603571915448,0.423134916951556,0.357991693717246,42257227.7176381,558798586.117649,95005056.2152632
5.04683231134889e-08,84.6321522337294,2.65333783391546,0.0864795812651079,5.49454203856949e-06,0.000480976357481151,5.54530107341641,0.909970337298073,30.6455334542424,1.32452672662396,0.773013034278671,0.517450324872318,230.872942929268,4.00079280308064,6353.11021937483,0.827322553565001,0.15092008121766,0.630880111435284,0.171517719261667,0.0379932136257261,0.940593725943761,0.202366358552777,0.0701694097531156,0.546639266894161,0.614602918812026,8.23002786362744,0.952673422542154,0.59575981210761,0.0720594802746327,3.53149721419768,0.650668833258602,5.6385924592667,0,0,0,0,NA,NA,0,0,0
5.69319812709823e-08,69.9837055745408,2.52436544788697,0.0115184883009163,3.9867810720514e-06,0.0011799687284303,2.73925374779988,0.672006473785304,39.5676496872646,2.53174298073682,0.946445905346208,1.26522865666409,268.490383856219,4.00367215850712,7480.8840633748,0.433258258815389,0.0507835577061022,0.736510340011351,0.0859699751602284,0.0251755910509699,0.515401116897494,0.268585486138519,0.0577537415565326,0.577734209027739,0.619794526697391,8.4252718068028,0.996175847590749,0.401054040555166,0.193615288943078,3.12577813299163,1.09822751662409,6.76238670318669,0,0,0,0,NA,NA,0,0,0
1.41482960928481e-07,123.175433764156,3.14988506277182,0.0871182760472916,3.66775313347832e-06,0.00146715207469913,4.40868035207551,0.587166584332187,87.5540673023515,2.64626616135862,1.0149286352485,1.16565204393783,151.519481729934,6.42204684013845,12489.4734710545,0.33084175394977,0.12577711967707,0.413907671081543,0.101657490153245,0.0788141233501874,0.540478683561476,0.170705638503242,0.0669588942054652,0.423229243740148,0.600292908620015,7.08396729520092,0.9173565428573,0.286417425415662,0.191563702889758,1.22218931510566,0.856869589137527,4.2038507588667,0.0844645580391683,0.0434199509960821,0.0598017016015827,0.0395706860128758,0.531511358947431,0.485938812632546,36709062.7390097,255836795.594301,55618659.3337109
9.01337239090847e-08,77.9103648949892,3.57260386040828,0.0858095389598777,1.47023403102979e-05,0.00156314441074382,9.83189692864595,0.695928880804144,29.6507623136766,3.97208862248206,1.13246390303017,0.699645854075306,166.397776255821,5.05233177358288,13077.58513522,0.840959638951637,0.072109797474014,0.615281940246403,0.22336324175952,0.0551425167281758,0.483534404652638,0.348075917831338,0.0561703943344748,0.715226631665582,0.871302480622969,5.43654645499141,0.925495779075621,0.68584538863791,0.15801334081942,3.77242852624152,1.77739636608656,4.52654286087943,0.106055358070026,0.000302103458259695,0.0006574964256922,0.000293097747297599,0.997236370206736,0.997151455015972,19367687.3146966,155297932.963413,78915.9672929386
1.55229577905716e-07,129.686615592651,2.87638445427776,0.0412002736342899,2.94160794237279e-06,0.000828296902130543,7.5100408222041,0.665374564509157,34.3723434512486,3.30678254968449,1.85298489355867,0.866713312876036,276.91459705544,7.33640470748307,8793.19211134439,0.444607214427227,0.0708429594634323,0.309114699007338,0.297377440125752,0.0663559879826448,0.489682616924983,0.165472514646382,0.0459959979046405,0.852105651212045,0.690481859418806,12.2020055090113,0.885667603721866,0.428610376557712,0.205052831005175,4.70056752352768,0.973680022262743,5.75121253183923,0.124649007134847,0.100486395331744,0.112853250082047,0.0967788630410781,0.223588977837738,0.193845200683904,44725832.1584472,436113128.936809,72783546.454794
1.20343814674151e-07,57.1800056946018,3.16698237224989,0.0193155134818982,2.71257936440664e-06,0.000449491912515088,3.86954624460434,0.927906773199845,57.0565861621035,3.25801166800194,1.44215483915812,1.26719528506046,156.981047116377,5.10517714663457,18042.555436667,0.533209775196429,0.160717560916361,0.454862050691712,0.128888667474507,0.0903920382061827,0.711962702402854,0.177540845437474,0.0644123708690367,0.743911986246259,0.706478472585382,4.3124524787754,0.952440369387308,0.394198225796511,0.0376930627722042,4.14272358240068,1.24405689820969,4.54395724077467,0.0813551024371556,0.0149012571918481,0.00105070919257298,0.000362196032112186,0.995547961698014,0.816836845564065,19173111.107673,243569730.807177,425542.420193943
6.05576654072e-08,109.856307850132,4.27806633243918,0.012017543395938,2.25110206394548e-06,0.0010108879770735,5.39575468828755,0.718319092724255,25.9526491725195,1.38672376948358,1.16858178927936,0.62152885899083,121.175590760877,5.89674568163131,14084.8544179017,0.915627981866112,0.146719798354538,0.574136701643779,0.13061149795286,0.0427082460179201,1.22752538190147,0.123335359658958,0.065807677068131,0.560813431881398,0.883281003427718,5.15643098583575,0.936686208266395,0.596454839603382,0.0534937942899138,1.2756019724207,1.14527911736836,3.28582475797046,0,0,0,0,NA,NA,0,0,0
1.40706487824905e-07,102.564957626708,3.62143436995013,0.019267886576305,2.21456264608683e-06,0.000851966922329607,7.99746315896067,0.684208189629089,48.99843215052,1.75123015755998,1.63285801852776,1.18989136277752,139.876195800265,6.40796145090071,19218.5431575751,0.458307532367567,0.107882417906326,0.714518083708413,0.260989645395664,0.0549116881222821,0.496266050651758,0.116079586860574,0.0936045723810054,0.641040348558264,0.736710177353014,13.4948830101236,0.862050343944249,0.454305522683661,0.0289832040014663,1.51071596198503,2.30460046586942,4.76673714939963,0.103353487733895,0.0468025323767759,0.0725101617377201,0.0414341652232357,0.599102399621804,0.547160590291071,29559978.534059,374879250.185591,56471704.8423993
6.99207026536176e-08,141.419238074478,3.04830938936385,0.0170055949504143,7.04738105158409e-06,0.000680519610478718,7.75132110011323,0.77510454772124,79.414861899582,1.23724142029414,0.817448886535267,1.21011132020932,190.596435708818,5.36446556334419,8157.53431698536,0.602482294712083,0.096460451920651,0.422582966020698,0.109203025151871,0.0504624881952624,1.12890674617206,0.180337181062741,0.0878716219412617,0.767689093650746,0.512068528580616,13.7763464708659,0.980692638308037,0.504967136338687,0.298154541246765,1.59610132651026,1.90398441524324,6.15777267762937,0.099896087839713,0.0376784429013001,0.0816173113785755,0.0247901274382072,0.751840858092623,0.62282363888207,48953026.1455699,645090887.722632,122166312.806458
1.50344771751466e-07,85.0339046494335,2.63053263954174,0.026830949382406,1.20740312943793e-05,0.00222337154985627,4.25558414111788,0.863628291122608,69.9513139537401,1.17580655166613,1.95142134788531,0.658583609042594,183.842348798367,6.33880451573549,5527.46694330045,0.327903221483698,0.0581829078349269,0.45876541444051,0.189623417300985,0.0680122046605562,0.814301631019469,0.165907013458683,0.0777148560327326,0.864544986413667,0.545108464915963,7.51886084193333,0.928057369150425,0.366995733642575,0.151856364237088,3.63428640408341,2.34607628899124,3.98728514950431,0.0866044765561559,0.0376096934383827,0.0530711721935791,0.0314305646012944,0.637079215172968,0.565730376373836,32685398.8605383,327680624.211401,53056289.2495563
1.57761728472624e-07,52.6082430472004,3.50187102810309,0.0860696171365777,4.68702143472973e-06,0.00296684449734296,4.44287322320589,0.875424247391926,69.8037766522589,1.08762349012509,0.829285526040509,0.847295843344799,260.941938295211,4.15371808258851,8393.69352768478,0.476045532921674,0.0981077172227554,0.775187441055249,0.226288880710517,0.0777872529796016,1.0219730259146,0.300858416715415,0.129142652187251,0.76027795333069,0.766738331357168,13.6344855343933,0.86551115472962,0.320675921773397,0.220097229992115,2.26679372168572,0.620627405296496,6.23156479501239,0.0496130310249295,0.00448941420572359,0.00470006211733718,0.000729584712010993,0.985294494270177,0.909511390193682,13451420.9465233,98060580.9976462,1059305.18260625
9.67836998700753e-08,143.603742945168,2.29499357508745,0.0360098948928829,1.15186669556609e-05,0.00178732903929424,3.8526720190462,0.727476628918954,38.596125542767,1.14541258081188,2.90038879936975,0.553411246407729,248.44706629878,8.11372805545309,17709.284021821,0.946744062256852,0.0839637078578143,0.361420101315574,0.105041564963827,0.0312888633157697,0.562906754778545,0.363894708129094,0.054712752871396,0.38924056481158,0.685247347442759,5.52721254912489,0.850324061017871,0.918751968327043,0.0319548733857237,4.12732537810105,0.795578085714631,4.42471440348,0.126933842762074,0.0916275336505925,0.112579648025976,0.0867546390577537,0.316536573935073,0.278147327325935,61912475.7351216,609532039.68223,112411832.522431
1.91536575545147e-07,172.291008598758,2.82782729470742,0.0254500356735437,2.36451864198797e-06,0.000967130686255032,3.10788335796196,0.877136177211652,31.4747369497664,1.28922092219562,0.993958617459523,0.529270768162149,161.115446978121,8.07154860713079,16450.2287123526,0.31221886443562,0.109852989604478,0.597263210003194,0.267563916686821,0.0329763988108869,0.481117476765208,0.132982351328889,0.0908923933057887,0.82172730939102,0.49282636584016,13.83858815778,0.957822813589058,0.380034214096263,0.238142028859407,1.76194226355995,1.35408628930375,6.25729981190186,0.114415076019492,0.0982986075008729,0.103173684478459,0.0936465518202768,0.181519122494636,0.140859658353708,59876962.8646654,634032784.578392,100894674.48745
1.26569821698946e-07,78.0941828367201,3.01047537962818,0.0155965542329088,2.10223510260861e-06,0.00228462728785753,8.47306653448594,0.795422245784987,35.2656262829351,3.55260491480936,2.14682224167126,0.573028711032311,149.492684420188,7.31660036822628,14181.9591542836,0.348262960715277,0.0710823481720846,0.766681973695472,0.0931829218031349,0.0461782771403716,0.995430407968236,0.27811090895709,0.138122283364892,0.384947164235112,0.544469300270033,4.5547243832823,0.956622199780119,0.332670492070427,0.0681254842457739,2.0360363829797,2.21514436006856,5.00811462129321,0.0474423857654432,0.011066277089711,0.0253885970850641,0.00548848471699179,0.884312632502778,0.766742820556641,26950390.066967,292006551.184497,51405523.7284654
1.31830989479692e-07,99.6704960731613,2.48497752626577,0.0330859027823087,8.67103646121526e-06,0.00092385242801771,3.20303024190003,0.6003481542245,76.4597555297995,1.2194153888808,0.943196324782405,0.510679087216058,223.395038850041,5.61426134061332,6249.3687732832,0.268135187047017,0.0667885633915203,0.375925084853675,0.26569450346528,0.0263763708358423,0.971744570029434,0.249526921287727,0.04076340236045,0.800778052767693,0.840907359570857,11.8789870432894,0.863749307676043,0.30713516509739,0.104616058104655,1.96040476308166,0.663359699617951,5.17053867852858,0.0985741808070129,0.0448449287354895,0.0689708718398417,0.0416560340614758,0.577414352110829,0.545064149979737,40291707.1644978,449831661.253304,62128275.2596078
7.2840158886403e-08,62.804643971724,3.98212036572678,0.0117966556505147,1.49638024618753e-05,0.0010712370264261,7.76907958782902,0.61776983437649,25.0003060146589,3.18756533171568,2.21107442075296,0.563072490004018,226.34842178367,8.07682252033264,18433.1934908761,0.712750647343287,0.141474630650588,0.39013066773221,0.16144855958813,0.0394948453236575,0.758386113480952,0.121642575978967,0.0505113669289466,0.924353104204962,0.812417596072059,12.9022253501931,0.989332830013925,0.873890712015711,0.136452561623582,2.99889886533585,2.39805897933307,5.45017533937971,0,0,0,0,NA,NA,0,0,0
1.94239312359641e-07,186.555468460575,2.21755011404983,0.056921222420981,2.83919675432506e-06,0.000558937558478962,9.02130666497745,0.675013690841608,25.1948692709448,1.48282769446444,1.28480155654957,0.713913828178939,267.857023404193,6.59810844383942,17866.4478177826,0.667263788750641,0.141218060851651,0.561198752924124,0.127745106712576,0.0684390689967552,0.864482155214945,0.104941720905603,0.119199679187431,0.567880405575996,0.547614680357627,10.3011800130785,0.920609889268205,0.43383728099645,0.0276044380139146,1.42972290674698,0.776606816272552,4.07406551110187,0.114416656995432,0.100952391500019,0.10649230353178,0.0976868319718276,0.14621843936825,0.11767749424763,76021109.8011748,631778975.596594,130676152.585743
9.81625962743797e-08,59.5474758831613,3.05668594511818,0.0619222161808083,2.60438680948073e-06,0.000861578034355979,8.98342867029153,0.587213295731269,65.8021843184835,1.02629162566979,1.6476486114693,0.648087299887546,144.001310670765,6.46853345267596,5397.37489042786,0.875154406656265,0.117857828328243,0.528329356317537,0.166095178837835,0.0462200773191703,0.511943245852185,0.150087470346677,0.115939406302723,0.433676366093874,0.712456678887608,12.6012851896903,0.921092767192341,0.632389659758061,0.258148361656783,4.34130275815081,1.39775628529429,4.86007305759871,0.102921503531038,0.000201922589149983,0.000409130719852083,0.000186833186424787,0.998184702127205,0.998038091339298,18290236.3727766,170317705.397688,57671.8828580385
6.84165441485606e-08,142.195988288249,2.11239798315292,0.0106645409722664,1.04855417431136e-05,0.00179364793658769,9.20423767278965,0.663193996875119,32.2188319492247,3.50684928174234,1.36958058370804,0.492618112466457,128.713183370302,6.05149892509863,8249.77568817822,0.287136654306967,0.178024883564886,0.472649118463183,0.21183159305739,0.0524378952803323,0.765127308960851,0.239777523203897,0.0691352055071896,0.418528328308009,0.612668511681264,4.08466495765105,0.873122983602738,0.881012882374819,0.220447829309273,3.22502641761766,1.36910539299812,5.6657429171164,0.112447489133527,0.0455578691522416,0.0702901468370822,0.0294307037467524,0.738271579263059,0.594852054916555,69881970.5030165,850531750.22903,113960787.243184
1.31077956778825e-07,180.275967868302,2.91958167297418,0.0481384630596506,3.24992025143858e-06,0.00042202530367465,7.57103499092553,0.560423336201787,27.6659240922252,2.74391977731071,2.35590966439847,0.615556775598844,135.203976249764,7.05875921211859,6289.5051388971,0.459560459749769,0.0579232833537946,0.391940413692055,0.147554205798568,0.0354555875462209,0.70404443089643,0.227568565341505,0.0880213559244184,0.555644590374769,0.500589237355042,10.3966414671072,0.875735241704249,0.946078556198789,0.128025827172384,1.20642887734751,0.839776653844313,3.05524106389073,0.115108661802185,0.0910062930686749,0.102741879850581,0.0864401663544453,0.249055935486475,0.209387967474853,60314285.9163352,570627323.729636,124012922.631319
1.29761728166742e-07,59.1716812122742,3.97228987819989,0.0217137455251239,9.70275893875348e-06,0.00141336175996221,3.82934142316234,0.750872067559714,62.9466207688796,3.03629568256913,1.25656076355905,1.15550123117683,281.27714612455,4.45154338930119,9108.55231256364,0.393086415074438,0.143159592211993,0.464228718195157,0.169727654643169,0.035736911613767,0.732945059463595,0.292961578048993,0.0563902257392684,0.41932945610944,0.58216058019422,7.52759084596472,0.913246300530907,0.265111181053695,0.0352977624426051,1.89424028800387,1.59655570419209,3.08119774913583,0.0718476920642026,0.0150526846472268,0.000526533622464758,0.000181608635131375,0.997472310802007,0.790491744205565,15370171.9657163,168453497.152446,184327.513971947
8.63777043019014e-08,58.0284664906117,3.71946912415209,0.0279672156028215,3.31839152493355e-06,0.00206232322180891,7.45444167189157,0.658400404480791,78.1335933938447,2.68336512185514,2.71075783519883,0.744815066216157,217.551586797095,5.76681347536871,10847.6264101262,0.35241870919429,0.0858527010088606,0.711496340319385,0.105164794003583,0.0475325142565033,0.537780160858451,0.252862345880225,0.0481004674264082,0.463431802705091,0.549615547708754,13.0373401752776,0.96546973810326,0.426928377263075,0.065297907887696,1.31101578039374,2.3707028811722,3.9329209214523,0,0,0,0,NA,NA,0,0,0
5.58131957928852e-08,98.4144980745902,2.69286138464451,0.0289605778263602,4.05441623319599e-06,0.00121177206420993,4.42971017521991,0.790023362159791,78.6969518576385,2.36405941378825,1.34882207044158,1.02375639400374,299.631305814378,6.6064703449559,14505.1502464346,0.351096772180618,0.163671971712436,0.602816462115438,0.0958180333077291,0.033446004022306,1.26592005399364,0.34500486805428,0.0496395331121614,0.376195894331976,0.716422688092458,4.8463239270084,0.876045400745761,0.700531015395611,0.0551073797988199,2.61637033317366,1.93702513506766,3.33565667720137,0.0579000570097367,4.92985887127199e-05,0.000103916543168064,4.56767637673678e-05,0.99921111021083,0.999148557164556,36853840.5022376,382386926.69182,93118.5388576849
6.32471458156408e-08,84.1755720347342,2.88917324788374,0.0357350078728447,1.69199104212868e-06,0.00268191853792429,9.33923577041297,0.673583855324846,29.2904975013073,2.20409004018815,0.811809860403561,0.573345400445093,184.674197390744,7.28222250104894,5664.34320005878,0.39707423244087,0.0529198765744159,0.469331137098004,0.152943056094898,0.044604852169397,0.828219694604482,0.117413944983034,0.0807990258384595,0.656649933942665,0.656878066497198,4.92637968955154,0.964692359978142,0.273539449997174,0.0824530656161372,1.84990158533378,1.38991945454016,4.04192521968948,0,0,0,0,NA,NA,0,0,0
5.08768134841461e-08,83.7516585830071,2.99598050956677,0.0428024655851747,8.9874588907306e-06,0.0026914180376346,7.43157345427048,0.920958989991174,84.7577674870991,1.32933704785332,1.06341957857361,0.805819076399582,143.377524357365,4.03997135411925,6945.86717486548,0.76475505614705,0.0589577481768567,0.6668804319659,0.257812550424381,0.0363136229886356,1.27323137971589,0.258242602668366,0.037606777009948,0.842402718459689,0.592026849498881,11.1771278059588,0.876479289900612,0.49182445376956,0.0540199804862419,2.57068249564622,0.65216042358133,4.85368027795706,0,0,0,0,NA,NA,0,0,0
1.81623439905003e-07,135.051795193381,3.629570683995,0.0483258500484461,2.46549162631536e-06,0.00276247183976724,2.61781000117447,0.70710955666168,51.2392606265567,1.59470002811758,1.86830281347345,0.686371370107354,251.310433709279,3.89788543906356,17803.9210108312,0.42357389056268,0.190146133093007,0.346953386200283,0.150760406872639,0.0259200155821041,0.610194258959803,0.138011387436796,0.0602966971234964,0.435159647940932,0.518290485468793,4.26846991068738,0.902083675146006,0.648840709641613,0.100712843742708,1.23927425125489,0.880629305127576,3.7560533175431,0.105015311676388,0.0750781675847375,0.0886977489623465,0.0708047086791598,0.325767761397027,0.28507408694747,36248827.6053723,266915214.265202,59580447.1104963
8.8818328981612e-08,69.7806245721266,3.26937888530538,0.023643405420172,6.18958366852996e-06,0.000429268955461356,5.88322443395169,0.886595704556608,42.1576457361076,1.71485564069406,0.844274341628488,1.1011565547697,170.435470539329,3.98636097580457,7999.48754728424,0.563826051913783,0.0696646694202691,0.488506170781242,0.121469881826019,0.0252814849517035,0.754678692667914,0.231198994087433,0.136095562197388,0.581117039894997,0.734829385539901,9.64689596650026,0.878727282434853,0.722037605333005,0.121106717122075,3.79358589003618,1.19220730784017,4.01077651760544,0.0832677371283544,0.000104734087257016,0.000225312510651814,9.57259374381501e-05,0.998850383825243,0.998742200870722,22287178.4663345,260123823.639962,75217.0703067083
1.22959367112036e-07,115.221707670825,3.71308400086204,0.0209815281498277,2.73517497454131e-06,0.000763521393517477,6.24701381742967,0.823818871348735,50.6259515295002,2.94040531349917,1.98069090509644,1.03490279756457,145.71575595385,7.41880460543594,13910.0260498042,0.978430438989561,0.146182068709405,0.553231165255961,0.296378519302131,0.0342662645982415,1.02738104761544,0.20817773280545,0.0645873278003392,0.802483180367149,0.496135757564637,6.65446369879493,0.891743490194961,0.859501598443122,0.0563800508982018,2.94754916447514,0.650125623831527,4.19146512791147,0.117577916205136,0.0712629892945967,0.0880392774770983,0.0592920969150959,0.495720805158257,0.393908383524458,32347445.2365347,411215483.943948,57588611.6011717
8.62176771570626e-08,50.0742876685051,3.6022537954562,0.0304597670007537,1.92584007644681e-06,0.000922400907074636,9.61579505396633,0.741156733303222,51.0693446323086,3.45981773912208,2.66633948164443,0.838595956929196,122.755213764882,4.74981765980687,7750.84349958069,0.739917046765044,0.129686714979325,0.509869444111869,0.264226784539158,0.0801916388515135,0.548765047543944,0.115618565172029,0.0710487584432609,0.600046892537312,0.725614810527619,7.18440046843435,0.960832202201749,0.635624178906948,0.0249400482959598,2.5782485857331,0.70067571944558,3.21220053322359,0,0,0,0,NA,NA,0,0,0
1.47642024343421e-07,54.4305194030394,2.87786896232581,0.0308187855774967,4.31602437314407e-06,0.00177667028980686,9.29439651907211,0.95,98.7369812355301,1.06987178963843,1.68507329339728,0.83562783460798,273.277015403846,4.11955287919656,19196.1636474764,0.842668251793255,0.0935614409452113,0.785366465292514,0.115884975274011,0.0667800862953298,0.90988627114044,0.384988427058004,0.0393866108017951,0.562772202868982,0.884894480770298,7.36798906865285,0.882572245363523,0.816644641052364,0.0744200606546703,2.68648318781919,1.73344527526673,7.24511635345465,0.0708241289727895,0.0061189033581304,0.0393209601121034,0.0028663173757845,0.959529083980888,0.913604255401697,19131937.9225092,197811397.046121,4381940.89399406
1.02888044794847e-07,80.1614750426307,4.35807587619338,0.0341359761249322,5.42246678514124e-06,0.00048146250484893,9.35322027111337,0.851038157298952,34.2494981963089,1.79510674440744,2.42557395912797,0.717459262628021,220.299080574924,5.46427949185461,10112.6280241363,0.591960466359908,0.0974256158361929,0.410516209311953,0.0775225963297183,0.0412589851801879,0.724516032699002,0.101308025870839,0.100934055185803,0.711686864775341,0.757828287319726,14.1077772400898,0.836052939188947,0.441062339504731,0.0302893650752754,1.73353584142572,2.12763346757905,4.71883040828609,0.0691825328210077,0.000126211413209784,0.00030538520197062,9.09446685637071e-05,0.998685438869389,0.998175675158695,18818331.8913187,212617206.140077,120333.097291881
1.77359921814634e-07,179.092350695271,3.16075992738392,0.0119531200351774,2.23383755706188e-06,0.00127978361341612,6.23720960711874,0.738374630106734,28.4883605989479,3.43007889623425,0.808113056871824,0.592222137822675,219.46510305408,4.60660112929327,8688.87345199452,0.780443828387704,0.137765485759017,0.592490887158274,0.271542921516301,0.037724702843467,0.87015496242669,0.188734280267983,0.1201687729721,0.904225023637131,0.528098266988782,8.12113668312636,0.839675102842404,0.753887170336074,0.19732288025767,3.19223609947286,1.32407522138197,6.88398612828495,0.123306650001861,0.111599466469724,0.116602469647343,0.107754814416219,0.126123251141819,0.094943650905767,57586974.9593963,669984975.891429,129171983.358114
9.06891468984821e-08,84.989680532268,2.1624361373929,0.0673161142452917,9.65552473575549e-06,0.000427142216932859,9.14547578862433,0.753299972859817,38.0892305414328,2.36113174193663,1.39069011049591,0.982450402889054,229.46854789773,4.08871575294546,5467.13538775411,0.321749249860207,0.114030652622315,0.443116310986097,0.247881277669254,0.0634345360002071,1.13375625565942,0.143798542243815,0.0377742975109555,0.388044527991581,0.493465965427621,14.4968629764618,0.962466721838129,0.297739511040067,0.197851988129001,2.87620666732437,0.933604311223168,3.11768745958166,0.0915266804808636,0.0309373784473545,0.0238650689242981,0.00599136840661543,0.934539651442203,0.661985136084741,37473967.9703331,362019601.091112,15294612.0074668
1.89828979121278e-07,182.03124674422,3.20050863468333,0.0208071773087437,9.72715320410444e-06,0.00218412848174832,3.2519961873416,0.654748869273342,31.9513912292586,1.5831443812742,1.4696362645286,1.13751657419234,175.429429546534,7.46406261721538,6320.82402685871,0.492086149298106,0.0571823695789226,0.381118206759235,0.0875485391698336,0.0539672535357645,0.494121570618148,0.172534101841616,0.118662011664781,0.386358985721948,0.859911258966292,4.07633913234396,0.980394351195938,0.268133003574783,0.169055393815527,1.37776026816765,1.15928595438756,3.59945624181601,0.113644079405965,0.0880281756251339,0.0992408535843463,0.0864441937385522,0.239342742794789,0.225404648572358,56096007.6886165,523486167.228448,75077319.3117548
5.4990962435483e-08,98.5379632634708,2.67962176786516,0.0284978319090223,1.38590165925361e-05,0.0015555130976562,5.31705099448267,0.710127214928732,27.4032653703371,3.3887654265949,1.79514697467985,0.739201737201942,145.183475537179,6.53632451382121,8664.78119946858,0.621011256704694,0.196746767576259,0.538906943109597,0.1771819732913,0.076756973991385,1.10006005147452,0.34355128404544,0.126730741404414,0.822649664040925,0.640228418209817,5.28554879786485,0.888045079798864,0.410892167450771,0.0494782329731285,1.20960885396157,1.33887156620419,4.13724161005893,0.0974749822436557,0.000131813338848721,0.000247386935999275,0.000121200102966408,0.998756602974664,0.998647721335109,36706936.5415927,367157740.600809,83864.2677784973
1.36385873858117e-07,93.6426703664208,4.04734971310421,0.0128889284998319,9.98189438939296e-06,0.00123269332237207,3.60461860149232,0.567150271116593,27.2403551955857,2.43066296322499,2.30212005492665,0.48886581070754,157.160265447162,6.45118883626096,7283.90418680928,0.485570801242409,0.0719195668921766,0.309655321559341,0.241728172538101,0.0380992520866769,0.957733022385148,0.275275295147035,0.0430861512606406,0.94948915346629,0.601081893949412,6.49799012960589,0.941124117739501,0.260322027144451,0.183217886033505,2.35770389669578,1.0268664370086,4.7085920133222,0.104367992076296,0.0361768822093813,0.0488986595627013,0.0177360855335259,0.830062022075117,0.653371867277709,24514624.275714,310247664.983272,28233636.038129
5.84164243112537e-08,80.6109845930677,2.97884256441578,0.0542894349986896,1.26934036882621e-05,0.000839718256388334,3.36166689132221,0.712128815049382,87.3516520765071,3.40160978083174,1.67034745653508,0.999254531282573,268.81899988289,7.04309613584473,11292.9019965347,0.269170397299635,0.170025001635072,0.32769131731247,0.136623057569099,0.0739084833064958,0.830237105819273,0.299035262555954,0.0800397036095709,0.543006791855601,0.571836838141765,8.74196657985718,0.891943854836094,0.741090381429428,0.228228470771279,1.37416780351933,0.792164614248693,4.50609067781103,0,0,0,0,NA,NA,0,0,0
9.50331985271418e-08,66.8935723145818,3.25528348219349,0.0204561825887945,2.81201151845912e-06,0.00237018748091786,9.46518670879153,0.602100883849711,41.0074898940469,2.079379205689,2.20206222139931,0.590815792737621,183.192363051436,5.28183807290428,10009.9412535349,0.327072013362276,0.150173877159105,0.580477293420926,0.121681162075745,0.0955635495629459,0.644852557858191,0.266203728934792,0.140462584899637,0.537782158040024,0.655310830142013,10.1703062176098,0.890545696977745,0.284363436955674,0.0896010713258483,4.18265855869148,1.22749920724316,4.48548125440201,0.0598462099569945,0.00501004589438168,0.000212373804609288,8.15014330626134e-05,0.998638152138269,0.916284658661227,20622663.4883974,202785882.355276,118941.163662779
1.71732263513302e-07,179.63538742281,2.54605619195256,0.0151845649214301,1.17804852314341e-05,0.00297729657697965,9.08416047536637,0.593657191071213,63.033680429269,1.08066364185089,2.50938100544809,0.763279056121014,142.374233511099,6.19919161626829,8043.28455973337,0.45076907243132,0.0672748291945688,0.600180804655649,0.24333935164425,0.0510653240200394,0.575341259453492,0.230892475003541,0.084008006075603,0.778722724597906,0.638236545245403,6.96043300438424,0.848863512054884,0.655488983814991,0.0328547988636272,4.00915699218687,0.614034521090967,3.89153593485021,0.120867209895008,0.106491388898186,0.113310895849592,0.103828733624058,0.140968557855773,0.118938966236664,70280578.5006057,633598711.535174,127480043.65293
1.33511935675229e-07,100.067478505773,2.91031443095391,0.0110306961111626,5.07101992984024e-06,0.00253019390522526,4.87109727754881,0.658235603911633,95.5999822458058,2.50891438677292,2.53651078533405,0.789927547041332,127.058186885244,7.72391319813597,14787.215359347,0.30718052853842,0.0734120111033927,0.470409195878321,0.101249055643808,0.0321720077726603,0.599114046581338,0.31187386991306,0.057356798876611,0.5143627343676,0.876513237157835,5.54109487786087,0.988131875166164,0.538893289398692,0.0229301181232957,2.25528185841514,2.09663168778177,4.14104836136315,0.0821512595236966,0.0254447001806114,0.0433417995222531,0.0233557493987656,0.715698218941748,0.690270114808503,35771082.3501555,387570658.595971,46098907.375524
9.87387434063321e-08,53.1381460959651,4.19242164571489,0.0837049046402092,6.71834668696446e-06,0.00241221716626218,4.22573372143815,0.748014616319772,29.3767609279665,1.6863505104643,1.22140185237624,0.502293296302011,283.712897202556,8.20549179206539,5191.02365344467,0.296170768268311,0.114384616699392,0.503157537552588,0.230881884827967,0.0840239911702601,1.0182376249211,0.129890258021061,0.0458599803738252,0.59735048481757,0.514341330963205,4.05849915718367,0.916899130346008,0.878849093603005,0.0922008023438802,1.35021408202825,1.43091836138238,5.30042553639695,0,0,0,0,NA,NA,0,0,0
8.65000864437209e-08,145.237590166319,2.83621268318404,0.0288428308583486,2.79594486709336e-06,0.000776489321285919,7.71565914440627,0.601557090712977,67.1418597296636,1.73584884878125,1.33415652723942,0.953985581704194,154.634917652933,3.90882954734985,8379.61505684047,0.36141086311452,0.0805869978620149,0.792504305232758,0.232948411407568,0.0489999703035126,0.717554225410179,0.269708012105711,0.0698465746994427,0.516711634888865,0.61225921334516,10.4866869716549,0.997405008129664,0.848167667352458,0.0592033262039296,1.24818928726215,1.1840627051883,3.14577183017812,0.101751576815938,0.0451815235430597,0.0635571655008182,0.0368988448092476,0.637363410338151,0.555962423808037,52317876.5007842,626004326.45082,84606660.4452355
9.65126695745164e-08,69.3166680730275,2.2902886979807,0.019337096081291,1.13891491271026e-05,0.000914240413093475,3.99760027174333,0.879466749441289,63.1737440592252,3.37111248252481,1.98910265142734,0.636894444093272,136.866886931013,3.93608018891422,11697.088134959,0.367815982593086,0.151238728544985,0.569378458549042,0.110352418354568,0.0494798646806206,1.22690818796628,0.186179429360791,0.0897462949414144,0.745357634510633,0.590923605457749,8.04770929094106,0.89774294168827,0.266449472961451,0.0702522049928546,3.03251969116458,1.01767340404268,3.88336117739058,0.0593485080313266,0.0125161188299414,0.020768624211577,0.00113696585832836,0.980842553653948,0.789108113327214,31611413.1677173,389989798.031143,10933245.207864
5.71947045278384e-08,84.5372036066636,2.26482208728447,0.01299552621097,2.92368397979077e-06,0.000729503890521321,5.49199743814849,0.815039916633017,28.9792885396493,1.1578489283106,1.85044498991756,1.18656115796847,169.528051303432,4.75415243716772,17137.7912696586,0.309245284803411,0.148775635360944,0.67565012525211,0.249006079755841,0.0793081585460551,0.700645294455743,0.357707686860353,0.0520505181401863,0.383410125480627,0.49516525412986,10.0400411709911,0.867471705965263,0.720495423447483,0.0436799494963057,1.38639887703041,1.07183980634615,3.82248826871411,0.0975248296255524,0.031215840171283,0.000371979800290892,0.00013810620320975,0.998583886752327,0.679919049424269,39623291.0972676,470119533.76505,145562.401469258
5.26278344239752e-08,54.5586580637281,4.22500364010919,0.0180258991087166,3.22103778928377e-06,0.000336248309722805,6.03721018906273,0.659365970748546,46.3009094105195,3.42628472473678,0.991799442909886,0.79217533147925,197.259981331095,6.1637784432171,12951.3019061584,0.398480557846022,0.194891317720921,0.536329691422881,0.19938906888015,0.0847968472104002,1.14718901928331,0.239835595705641,0.0507981439802997,0.674193015516804,0.604608179487817,8.20457138092277,0.884792083828193,0.251078143174932,0.160865899381313,4.6100468977851,1.25015964775882,3.82019831691239,0,0,0,0,NA,NA,0,0,0
6.15308970894475e-08,63.7805882465595,3.48293146208565,0.0733798431116034,5.74728278543865e-06,0.00236003486059029,5.03298193804558,0.675999499442476,25.1681190455957,1.33171283924872,1.02695116459111,0.832210437302997,197.523563518442,5.46708916813684,6095.20609103982,0.487104822352648,0.066954403746034,0.651011688742534,0.109023197202906,0.0310716052454353,0.532101519394494,0.365885267456676,0.07674950318218,0.470676210389375,0.900027352429796,7.02606576377787,0.874442423494121,0.765533132604433,0.0947890814315832,1.21155648136153,1.58349765587613,3.86989909649734,0,0,0,0,NA,NA,0,0,0
5.69637557451849e-08,183.699469958621,2.27206788455171,0.019194047314483,2.12360808081612e-06,0.00148453905505828,9.89340776239903,0.733098996664417,56.224145208528,2.16782129583674,1.51146372666501,0.497210015371747,175.244433089514,4.54727158578645,10882.2008876828,0.737911031303655,0.0711148784479934,0.416527223850378,0.172090106450686,0.0374827494124514,0.519056499539858,0.173938497949616,0.0591366353366825,0.414015862486987,0.525214310518253,6.27276002613803,0.885579728561404,0.384118191278244,0.112546494196822,3.95985763707589,0.948517702195634,5.40899372959653,0.131311879424288,0.0938869339085222,0.106655740813879,0.0658176365645216,0.498768604538397,0.285008071469605,83088826.3503347,986421977.933411,122602147.598706
1.22090775309929e-07,88.6801614088759,2.72377957774975,0.0149961577958417,1.29803327978962e-05,0.000486381350734195,6.76669726349438,0.95,77.6034023835472,1.01113872527116,1.10499471270036,1.07139945775141,209.482954084644,6.88624301128714,14942.2643290098,0.980741229482046,0.0530684237198823,0.474904374699825,0.104071461559562,0.031524841403258,0.937570068655493,0.149825606769003,0.113772008621916,0.583028788404855,0.9041445864357,10.8525402735188,0.963249533853781,0.302777414484495,0.176924347162289,2.72280482081024,1.77602488345129,4.32056132077163,0.10503090876226,0.0319782030345076,0.0627406322380987,0.0278113679284306,0.73520777591878,0.695535310401902,34295604.1502736,479405898.413729,35118350.0992239
1.59619526924578e-07,59.2283150068418,2.84423368073483,0.0190520545484363,3.059527634779e-06,0.00154225318275664,4.74063683861561,0.572687054434559,35.504145802219,1.23229216116138,1.56828265135095,1.17458535338785,162.887074102841,7.85437811767389,10057.1168912259,0.960706877115993,0.0897593772940451,0.474469064006331,0.211422993994049,0.0416521937196873,1.18670683146813,0.234639042146986,0.0624212436865528,0.612646415831757,0.529683234257096,8.36004124836447,0.986309910579975,0.896039414191726,0.252387885182217,1.37968446192341,1.30295830793256,4.61053327987826,0.102303930841071,0.0380704956738418,0.0642191716037414,0.0210554230725015,0.794187545880215,0.627868691253083,21632892.6788913,250626756.418513,46833625.8500936
1.53472443966625e-07,129.094292286554,4.07022118464165,0.0738114300585064,1.38118976302979e-05,0.00178400267803053,4.98788947810902,0.690073785840625,37.6016683466004,1.62883428461823,1.9145759303616,0.671509213657486,287.867235799366,7.00891260129247,18247.2435287734,0.754511476220956,0.0623208697754565,0.63516314119108,0.148869025845862,0.0348057075017885,0.80190499437885,0.162452003284514,0.104142554651992,0.453254653485517,0.826590242363308,13.8286748144678,0.892178754000782,0.256617705788345,0.0568577694588668,2.00110872595168,1.49585957853368,3.20573313337609,0.0939428560240765,0.0588631893675199,0.073492450972803,0.0568317106702414,0.395039568994197,0.373414947567339,30492718.0691187,222355754.125215,42031841.5701486
1.50538060252632e-07,81.6768856276205,3.77700516616132,0.0751752785596282,1.76946163973607e-06,0.00242101090493456,3.18592706384305,0.682786333828881,33.4838849808201,3.18576984282188,1.34654425400048,1.05652484668266,177.593370001152,5.56411394491212,19785.8721319778,0.253320238745103,0.129141081375326,0.741649521058523,0.136114731512325,0.0639855910537869,1.04370827551615,0.320711002592109,0.0389754600614724,0.424031115007832,0.535320766033746,7.58960403654327,0.989504131955266,0.476283349993121,0.0801142879197218,2.6742978523984,0.766318757663557,3.02085871463149,0.0351056337724526,0.00744408986889103,0.0086619858365238,0.00434892428554355,0.876118906904448,0.787951702648581,20322006.9423827,157644023.280881,13751076.4611143
7.62547657092576e-08,148.151293884758,2.63316028488528,0.0592777732605557,3.37252421621457e-06,0.00153318051066304,9.43897113490812,0.688187224118328,54.2850113761915,2.76044139303343,2.00314509935827,0.979892648180682,196.495714037861,7.40235820841692,5173.75751057871,0.994639454693083,0.112069462449893,0.49363120282197,0.0811021024068162,0.0519839183661394,0.840651588047738,0.108650471314362,0.120787233514985,0.399713730110924,0.579224769192667,6.47533067273598,0.921774591496702,0.809081923023414,0.0487816025774361,2.69555281502694,0.704268781575759,5.22374392297977,0.108904573977248,0.0468358378770874,0.0673109624013359,0.0356002801442624,0.673105739785548,0.569936907453746,54394407.8590604,488411531.763486,63941127.5492601
9.44331878016042e-08,61.5371915465503,2.85716633104654,0.0169789134873758,6.88392425016909e-06,0.000950926171356712,3.4388135167424,0.566237022521271,26.9879110818359,2.86253277805473,2.06401188671362,0.584678334114974,166.313102815593,4.19530549615419,15130.6470188186,0.261907093421181,0.137989889884267,0.322728365809709,0.120314809075712,0.0901878589201748,0.616554013940864,0.340212646899919,0.084673794118384,0.777832118202881,0.679120302512926,5.04335133637928,0.848610640463449,0.680379226064063,0.0454594588724993,1.8738917734843,2.35424634486428,6.32919367096005,0.0747909693010948,0.0100934573644169,0.000608896374351159,0.000112563114980189,0.998494963816727,0.865044437065891,22609182.2410659,264123169.5246,178976.693257366
1.68627530191173e-07,136.783254734563,2.66307956169719,0.0322177140562248,7.40384581336124e-06,0.00129251092358334,3.03772651501785,0.882426345203655,34.6326826393655,1.46277025217868,0.931217553770553,1.04287136397594,281.010858775451,4.4762039747871,8139.42743871548,0.422412377369069,0.158923600498886,0.308304429446922,0.159075177964076,0.0734082060953362,0.96694044337314,0.191290777573054,0.0486103393341313,0.635131610158324,0.702038312368117,12.9846761991186,0.973751345208165,0.34967511025919,0.0558953656421147,1.57545649076771,0.881610829931667,6.52373576944565,0.109568101110768,0.0808113278822,0.091949108352653,0.0767237026182276,0.299762414056406,0.262455705055033,50999228.2786319,496307592.34043,75126198.4146461
1.89575449404643e-07,143.322516241276,3.15047794291753,0.0422744461267173,2.82476351191448e-06,0.00224768268569093,3.56779978964711,0.724234975637173,52.4478056386733,1.69175607006548,0.7954560508326,0.636259376218487,127.865923185141,4.19123500251445,8708.52070543236,0.416471109059668,0.0528240728947092,0.322132122521877,0.102423346814137,0.0674313648304685,0.899581417142615,0.391413972038986,0.140263986392052,0.499375266296151,0.694908270062811,6.85766373791184,0.988401881255597,0.903492144582898,0.219396338678585,1.8171607024975,1.1029053758403,3.44851589553637,0.0958293255423038,0.0678139914232807,0.0791500403268374,0.0650749940458138,0.320928184795723,0.292346147283023,43866666.4545508,348096882.040034,61641370.7475886
1.84286091630448e-07,128.8910277831,3.27822681009748,0.0274611739714552,4.78794735669599e-06,0.000685276402973871,8.58806784049592,0.741210105163554,92.258959801251,1.89224233338784,0.885014432509644,0.55258110928406,289.650888976443,4.85793676355046,12035.6234543881,0.601120330995727,0.0514746220390527,0.542422868347825,0.120033944990614,0.0272769347519133,0.689621643334197,0.128020240103148,0.128149590075805,0.402125280047667,0.883627794352718,7.75053289051433,0.854872132639263,0.432690908147401,0.0723851259676841,3.701434295967,0.689162492828183,4.38736450584357,0.102725258959314,0.0712947065754538,0.085762411053291,0.0696311273452232,0.322161578849839,0.30596712728959,39772152.5426712,441868449.55529,58517560.9756023
6.95549038902855e-08,104.375108933017,2.13732604971555,0.0565338763128161,1.49247487250699e-05,0.00127805350355008,6.11345701439252,0.861712585622293,94.6551434208318,2.17747537998581,0.885782951295365,0.794853946917031,270.845652519482,5.41457409509233,6545.21693622503,0.972884639744022,0.119260986550209,0.369875890423818,0.298416967367652,0.0305321235909099,0.926286858044246,0.111982615688795,0.111332579216069,0.629158833564587,0.613413315468382,6.91366677139489,0.909654913264403,0.411498014280014,0.0415732050718054,4.4454869870802,1.74303501867557,3.92035236863636,0.127428898195148,0.0753571026435037,0.108540153295269,0.0190059699092659,0.85085039438888,0.408634119019851,46970059.3067031,444359074.820362,27436802.1348941
1.74673219206224e-07,111.325087048061,2.16517301376746,0.0517794585694797,1.07368406529804e-05,0.00186875911422956,7.25566745059787,0.714594664399816,44.5835734029229,2.28608968748435,1.01835797858142,0.925641325910288,225.401279366055,5.32186232585028,5091.38929730274,0.988892919371814,0.195152127298383,0.312114827946773,0.162871081763298,0.0316477814989531,0.729655748091993,0.362527622728932,0.13034696253961,0.878145159021494,0.712834129383276,12.7164989101653,0.851756813343706,0.308526894955197,0.110038022581338,1.79987251176118,2.16968474608807,5.10232645540141,0.126728748623791,0.108164963446644,0.119037449423595,0.105736826309858,0.165644516669615,0.146484403726387,49173912.1627771,394347710.086102,86753378.8923939
1.35902803394861e-07,138.302937465258,3.34242064961962,0.0477154806088795,6.75021822927546e-06,0.0010782197418658,3.93182077552564,0.751282747681284,79.3017503304041,1.19209755441304,1.92870460046131,0.680430011933711,182.550562886839,5.84533308702082,7668.35444886001,0.90801381010076,0.0601067014506686,0.394523708085928,0.132597824806618,0.0868990901055,0.504416407410391,0.308086196651915,0.0810146761399941,0.881461291444076,0.83985998542309,5.40768854686016,0.853450503001441,0.760508445412082,0.0887895086740644,4.52822568716064,1.42065441187223,5.49415360559336,0.122005459312733,0.0887395339312086,0.107599895444694,0.0862414012416058,0.293134899639651,0.27265931843472,40986087.3758812,377793779.321921,61621978.9037878
1.69800782382913e-07,141.758357124235,4.08262457846882,0.0131184493879984,1.22678679976219e-05,0.00197380797235217,7.78946416644367,0.760456898136486,33.9796678906143,1.8902617656504,0.935397254193973,0.729271151326084,208.715745620795,4.87016458285639,5803.15539076241,0.376676352673378,0.0561373749636337,0.430770288758423,0.0898593274053668,0.063266352229477,0.772900770323808,0.176107132894695,0.142915892562688,0.515618637305458,0.813952285537566,4.27786836592553,0.940778478802567,0.251497177845004,0.0223080828086024,3.7647775139141,0.953185708849529,3.13284447788667,0.0808560874400716,0.0442544122024792,0.0556626352705549,0.0420520674639523,0.479914638522175,0.452676803892109,36037676.9801039,383468645.049262,49176653.2347795
1.74396894873472e-07,90.3797579481021,4.45638725419525,0.0146025659998577,4.34160762893056e-06,0.00260678560625116,8.28631958188356,0.564084353497952,31.2404375445077,1.25328740129552,0.845882369887922,1.23308472749746,211.046528295377,4.2681096732925,18866.3510874324,0.507521584914658,0.0536217315377782,0.635675919211634,0.133002118829035,0.0987737159494347,0.867126354183783,0.125378510843816,0.0750200362947684,0.509146429812637,0.705698014414215,9.52731549928809,0.938916301594739,0.557050817966143,0.150670229246338,3.85378270783043,2.23188002272426,3.84014138011264,0.0673544899023113,0.0215326224806579,0.0319047838788856,0.0180189658737969,0.732475653814155,0.680309025992356,21133857.0695242,220702955.018506,28927260.904614
7.58925480706543e-08,162.568991343189,3.17051325734784,0.0118375205321285,3.90545599106647e-06,0.000969816882034384,6.09657062573298,0.576651028184275,52.9273712830582,3.28125085264541,1.09291952158403,0.580145181656149,128.987397288224,7.03203969231177,12530.5825485008,0.405276170672857,0.0786183268227337,0.754149654207532,0.080384575836809,0.0786878799641701,1.16220070052493,0.326512639669993,0.0540713034766642,0.486164827444976,0.643227922054932,4.9689521161831,0.990556508317132,0.348722144075076,0.199095385602804,2.04217089735315,2.36985694987309,4.60176280060914,0.0681637322207083,0.0193985889739121,0.0402043803191063,0.0138412105955579,0.796941714536093,0.715411871651905,54179209.6375064,723964840.479298,103982785.683071
1.25370827578459e-07,53.9791249113727,2.15507215122991,0.0336295081485544,7.79283123745873e-06,0.00249005180131146,8.17566252620708,0.891647513593053,72.0162624295248,2.49338246308311,0.756033428233076,0.886646413118924,277.171259880616,6.31647602056352,5393.24039108006,0.281467209057222,0.086256361882056,0.570735652941501,0.0837808260965477,0.0439607594356096,1.01156808539356,0.21242291709542,0.0651244035961095,0.688102915056607,0.791911200068629,9.27560968487514,0.870075094653185,0.338074232049066,0.127547879792003,1.49606219099834,2.01019222690983,6.70261292202622,0.0390230281969347,0.00413018783484359,0.0137234973601254,0.0010522536414681,0.97303505929479,0.894160242664919,24771121.7048905,235531940.838284,9829032.71676638
1.6744183670086e-07,108.491492418752,2.53153464506342,0.0271343658872634,1.21962914247924e-05,0.000415040999613059,6.74962841056797,0.926821054455144,32.5321477789042,2.83136319919746,1.84800735009825,0.695573370635322,231.885180892703,7.9349045582038,8264.02025259046,0.481169499045695,0.128880148950751,0.359528746034125,0.101330796513482,0.0538326630693003,1.16011195044459,0.205404327920275,0.060754354898131,0.411209794945317,0.665019800575073,13.2370092603587,0.861514655144909,0.359230380410344,0.163761050797499,2.89079510814298,0.902521868896658,3.35878643235445,0.0929880868155473,0.0572738083180521,0.0711720950356904,0.05311767546371,0.428769025336814,0.384073699336761,43278178.5715773,521185209.71855,82845670.5157799
5.15211645291857e-08,85.9600824507109,3.5629865803934,0.0256684243333344,1.12057321978872e-05,0.00112499359304823,5.87547793674856,0.581353773742274,53.8002953233223,1.27136442262516,1.2725782758441,1.26904892089188,315.460688892953,6.65423939519665,9904.88762383748,0.421029965128857,0.109190808702875,0.447909519027018,0.0805816844290474,0.0521659488532346,0.507756181392554,0.325416046450684,0.0398622367813335,0.915386599837815,0.516947163485618,4.29135746456112,0.861933168146642,0.352685611881304,0.0373558658831213,1.43805528519402,2.18997837875205,3.68531144332701,0,0,0,0,NA,NA,0,0,0
6.31006817635174e-08,72.4234233261531,3.69557821810297,0.0514456967112817,6.99126478691697e-06,0.000693479681405668,5.7713680426399,0.84629546078014,88.0526518484443,3.82973002619427,1.33875108202574,0.913819281308412,265.815974628817,5.00166069231581,11264.9316603521,0.971616233851669,0.196585216003881,0.390864232854231,0.111364847611953,0.0426481803841801,1.16139548114165,0.199815877200795,0.134503636984961,0.887568036478048,0.581087902519264,8.93227194338562,0.91126821093906,0.528657874963188,0.168177869736796,1.23699495817422,0.715397399179723,4.79676181482285,0,0,0,0,NA,NA,0,0,0
1.45689185472476e-07,85.7875443853717,3.12241965221643,0.0327357500927904,4.55071010105683e-06,0.000614985627918462,2.87050972986067,0.597436134992495,43.2432795068663,1.42975265471813,0.775636188896539,1.04265701807601,125.538594346346,3.99736506211859,12587.6055589853,0.530460912216134,0.07458254123788,0.490606971168064,0.110008990244146,0.0262685109814873,0.859038619753011,0.132428000057131,0.0422824444163122,0.363619270682031,0.67892274418299,11.4852735244242,0.843521816232632,0.446880309727332,0.204018837012157,2.68920798039786,1.09396624339524,5.94736901410253,0.0831260025868537,0.0280560056863758,0.0461797374028615,0.0224208496039998,0.730278746646411,0.662488212914345,28011137.265364,330426311.593834,46253422.0579349
1.31334472257639e-07,81.2268891013211,3.89906557608071,0.0111789988818488,2.55717293727725e-06,0.000561376692452006,4.72484675238373,0.849520152318744,28.8402703251402,1.87552762221533,1.18608708104988,0.655741037050914,230.275983101005,5.69446909364292,9997.6811642998,0.903716650651255,0.0649283859275169,0.616878074823623,0.277660523473669,0.025169546961259,0.58040680495733,0.233176047832811,0.109512503292299,0.874515503646371,0.499838819562151,10.6177820812949,0.906052082497676,0.975559948292179,0.189286483530635,1.82349791136709,1.74104635192643,7.15853997946638,0.114881305535591,0.0572137115943086,0.0974707697726592,0.0474018792826642,0.587383873627908,0.501975440411551,22403452.8440014,312553420.764457,82303607.9934506
1.75678095714389e-07,193.375090385024,2.29995109751324,0.0213472284299363,5.57494835214397e-06,0.000587313598592965,4.03610312273498,0.581151790209472,39.300344559981,3.05405316090059,1.27493632418024,1.16236457946912,289.992860572656,7.68185415209539,9099.46594539461,0.710386130408955,0.0505091602576209,0.606895739257779,0.155743449375738,0.0381674727369334,1.21979615145867,0.102670392885921,0.0452482789198222,0.501079800797811,0.562670306881879,8.01796656576794,0.961393164295908,0.324722446547999,0.291093174078059,2.18057802226748,1.00180096807917,4.24383595891905,0.115737717164654,0.101537116926318,0.105481995173705,0.096770427275823,0.163881665834549,0.122696391342621,83053373.9534357,980977684.653305,138660809.619876
1.59543630113357e-07,163.3953984748,2.23516575662352,0.0663020579228698,1.04943949527342e-05,0.000723350513734175,2.7194798782556,0.58940848587111,78.3009055499325,1.73779556290918,1.45891164665653,0.675252823319778,300.426476288429,4.29362887882228,7985.93035593593,0.962870729474555,0.0648147467004335,0.788384543711521,0.155099046890072,0.0252728259229718,0.999429000995185,0.271112024123286,0.0939489154404318,0.809104511183417,0.654507591894394,5.85237830533557,0.922440889542226,0.780542841266616,0.0214882593085411,2.13530146107618,0.655622063412012,5.81801059812905,0.113384955236742,0.0992403740028964,0.105208784326578,0.0965482701592989,0.148491350041007,0.124748307253924,67176949.8162347,521006918.414641,108675948.394597
6.06819036545896e-08,199.404094784475,3.37702353464165,0.0841684554905166,3.49360928497759e-06,0.000456159280278737,9.40195262395921,0.568328301950893,58.3613232206621,3.73770346973591,0.790046122841514,0.628408378912445,187.32363724725,5.89339673797871,5522.17139982922,0.415274859840132,0.0796313735167519,0.463297329238637,0.13899830563544,0.0359480332799558,0.940805713015427,0.2594656970148,0.126093764509115,0.736008492470463,0.570845152108299,9.84211607047468,0.852723642697018,0.268663805011474,0.0586282162930829,2.49899246339574,1.54926171838246,3.98296883500441,0.096740430560327,0.0313420112673557,0.0458260252699859,0.0157418180141519,0.837277775972525,0.676019518563017,55860635.5317204,478210630.074961,96510973.4209639
8.90488852672766e-08,60.7171564982648,2.82182443353431,0.0386629035476995,1.4195857957003e-05,0.000746283428135899,3.35842773059926,0.592686098845045,30.3986136416777,1.48473798070138,1.01624473667936,1.23155375487005,311.506524376865,5.84833163535823,6221.42783126536,0.281720494996306,0.120213558400263,0.757272800112093,0.20222892469664,0.0565114164025244,1.2689600513272,0.369971580540497,0.095154467711536,0.643215851118581,0.541068298824064,9.19903249652428,0.99000237535608,0.753374033307122,0.02697572623691,1.89007549031171,1.48150278376475,3.85376447548417,0.0456336953582299,5.079987072493e-05,8.35349713110238e-05,4.35896469555755e-05,0.999044792524178,0.998886790334946,21343088.4334266,220729777.451394,58850.3977296881
1.81498688323378e-07,82.7371475802908,2.15870595051585,0.0198726565694364,1.3450192125556e-05,0.00230964351339956,7.18720844056534,0.785609488777612,76.6967179716357,1.0481592953526,1.30425584172865,0.491965183408665,246.856202966522,4.32023826224254,7494.95481795068,0.67177068286118,0.087770014301341,0.492262405972034,0.185966666755651,0.0470562170168003,0.916482436176214,0.315607368504477,0.0476869597074955,0.923545064075855,0.490030969108552,8.89491431293025,0.959328869954823,0.447265910536379,0.0404850978256205,4.04705903739184,0.862923208605882,6.26303237021757,0.108841534181993,0.077820890368866,0.0879460522093626,0.0708559185236134,0.348999267089202,0.285007410509832,38584113.6403228,391051136.994341,64719791.9790002
5.07503455322712e-08,122.327475904122,4.44814317366734,0.0352005616687612,3.18290082356922e-06,0.000335164344382176,3.72010547142577,0.929451928464475,77.1391268852769,1.06540668020983,1.87729043136623,1.07426589316439,143.214567700489,6.51132008043889,7262.45049015937,0.309919818282054,0.110288054613514,0.739190692140938,0.119927688192062,0.0391243757270756,1.08721944248278,0.238909337244624,0.132691054830344,0.409441099163673,0.723056679511034,4.48836005120038,0.918450649009532,0.5206025916399,0.0589893711064205,1.6897164535971,0.660546440381431,6.16685836496834,0,0,0,0,NA,NA,0,0,0
1.20867406733897e-07,197.860167312707,3.44570530845493,0.0244645169722847,1.03295503495912e-05,0.0003309526792434,7.52566866862983,0.95,92.5135159972471,3.31565077551053,1.80817334078182,0.791205370735768,282.439819862814,6.09221161338983,6031.7666409276,0.266518455357633,0.0691099388163301,0.302128684111226,0.106795717786137,0.0926767407354556,0.714381750577846,0.138812418905434,0.0525394428658686,0.435462993074386,0.857810903645891,10.6363288823192,0.977539810606862,0.616928494389465,0.0388697114541585,2.73735921331356,1.02254281513811,3.10875623027715,0.101963456063043,0.0604751097539504,0.0759549265261955,0.0578079463203301,0.433052305675204,0.406894272821048,58642610.2742411,720058956.461988,81929902.7499152
5.67955695793332e-08,51.5463238249831,3.33425978422781,0.0599288161359338,6.04738350995553e-06,0.0012058191672318,2.95609544615947,0.940589566308075,50.820782716576,2.95742714786847,1.66443561702008,1.23518547915977,288.874396312364,5.76491458551228,7496.78017102315,0.627397647600152,0.0787005246196619,0.370802759223303,0.246761394217563,0.0937838193794119,0.583196589782119,0.241008553903441,0.108326158312877,0.721814893510186,0.744895447550464,4.56931357693717,0.993119887155271,0.41654493899201,0.0283276950421861,2.6030392906411,0.779481329669933,5.60504281982999,0,0,0,0,NA,NA,0,0,0
1.95902074306116e-07,116.934880089969,3.70770728135147,0.028470112954106,4.76298661757134e-06,0.00064527237359868,6.05520010075534,0.899982788083936,54.2086965245909,1.66707356787424,0.832247320571738,0.862394066985009,129.434239848594,6.04508914115341,10670.1951908373,0.473887752296245,0.0772756835282716,0.530962541712237,0.161261627511642,0.041966354226696,0.843982854403825,0.155644827540113,0.038766055715931,0.602077692930386,0.577299610699482,5.8149034700076,0.971352300248568,0.730587303956408,0.0385961558187276,3.50514646133097,1.58181671707075,3.26494222473806,0.0915307986290467,0.0614006203476619,0.0694648966849588,0.0562988169940445,0.384919416881626,0.329180764646177,32127477.0358897,357912327.437907,52064029.095784
9.92938409645071e-08,178.371971918728,2.4164199112917,0.00993288594918738,2.43622751368158e-06,0.00132977004869441,6.54113883294431,0.828171154599376,42.3319425592114,1.09159592054174,2.61192015236815,0.579971232430615,245.530169090885,4.06035087067719,12691.3118241221,0.548080182999495,0.170548042535614,0.442515093821278,0.187014766589364,0.0522047169713492,0.528246794861921,0.289544870013448,0.0757835510821222,0.517276623221296,0.804765105635803,6.32478101799259,0.881020496144287,0.923323915955607,0.118459421961684,2.08639054964398,1.27237404542182,3.55849320579954,0.128341016941628,0.102726455980138,0.117450864317671,0.0997482838814495,0.222787178577388,0.199582032088308,76205943.426973,955728131.818009,139170242.862305
6.69901667681243e-08,122.605844339857,3.60825437243815,0.0889316939700727,3.73030894322166e-06,0.0025928704757148,5.65662659759463,0.726372310511907,73.5816696883553,1.09390425811246,1.36228633944703,0.800539046068749,154.827999876042,6.76849314160171,6083.52097206042,0.379514303620719,0.099010651716981,0.325463431187818,0.0910001819547699,0.0722125653169885,0.713283121590303,0.203434926915735,0.0582656790771942,0.788144504614164,0.553091287917425,5.87274143415427,0.943467221561255,0.61528432516746,0.0210092092117604,2.70882594144456,1.98783116432815,5.95410761229858,0.0759832843886601,0.0181486800475795,0.000742860054901302,0.000227855761956663,0.997001238314586,0.761149044903775,30187658.8326045,223316184.86196,454979.77327064
1.03081669247919e-07,115.082186348487,4.34285220271362,0.0388939059022732,8.22241264262979e-06,0.00183078006813459,4.10078676150653,0.666778676570322,85.080609089069,1.08318123470688,1.11834922718175,1.19902962300953,186.599636991598,7.36147745191353,17910.3674429819,0.345890498536046,0.155933541475312,0.760796278365912,0.0785108172391174,0.0557492683737154,1.08958976928487,0.388696184498293,0.094808707531702,0.683674928782175,0.729570437379424,12.947371544754,0.954956656885956,0.277356140069204,0.0980851261775003,1.67362329537485,0.640857406631597,7.87658740563851,0.0384093797222294,0.00537542941476302,0.00404237211630018,0.00141897640865791,0.963056513306913,0.860049043914865,26602132.2866883,260888026.620058,6392506.39873938
1.11086488819047e-07,82.1154019279542,2.64051171002287,0.0653373356450709,2.22212547578467e-06,0.000506297884582625,8.14826647951055,0.689536703137932,71.2181017101884,1.65095690542996,1.39680291371456,0.971594738253429,154.373443383033,5.67495041640745,6146.18671030366,0.847967547484894,0.0591868243475977,0.593905881622961,0.15970719760183,0.0332464640546995,0.964193539585969,0.298390786416024,0.0452061555788158,0.765686156427509,0.687018850445552,9.46994645074449,0.880031377749702,0.726643735504573,0.129330735656583,1.8413219939123,1.97028356579281,3.15693373598744,0.0979370571452359,0.0257246039478186,0.0494802692715108,0.0160216564180109,0.836408639538234,0.737335338658683,29999961.6993639,288142093.272436,54296907.1928258
1.97683961147626e-07,70.5636015532456,2.82920347831001,0.0184709734432745,5.79479846426466e-06,0.00036753337001283,9.75052551815154,0.566551221267173,87.8453465210309,1.31571622600719,0.83055763816274,0.541369817398891,238.84524218926,8.05391532564106,18960.7634722607,0.334953115929359,0.125884220780413,0.723438329004396,0.218053001953924,0.0803053266358134,0.644464978329271,0.153042455787066,0.0868408818299153,0.460464326835081,0.596542061003854,5.0038891010367,0.941727292603571,0.810753697279991,0.0853327340423796,3.09232900231175,1.01217031294135,4.58209265242029,0.0825763202520974,0.0390987745127737,0.0505908754146864,0.0333552061521031,0.596068145804113,0.526513479973326,25888488.1331089,353116852.803291,47753262.8914878
9.00922924573287e-08,55.1103796575073,4.4144252845145,0.012103380332318,3.62929519206744e-06,0.00151544053245277,2.84298834463192,0.589697026202485,40.5256816188737,1.48694449143144,1.85744730392411,1.01455326222442,146.722413909385,6.34356309390532,15884.3832160448,0.726616773224447,0.0943553623544471,0.317552349957625,0.181562791951902,0.0449840784666866,0.739695210577996,0.116323645157252,0.132475090277954,0.67858638856371,0.652829620340346,7.46263264758507,0.88850274134566,0.654070475295092,0.183512508957981,1.75766882914254,1.29299669438408,4.776988421471,0,0,0,0,NA,NA,0,0,0
1.0420986649762e-07,68.3549433278829,3.81922140026903,0.0109890435794634,1.40504801896076e-05,0.000360104330909167,4.56817865675216,0.92216473746815,33.1351510492734,1.15557824351454,1.87136799244051,0.545018202587028,137.845962503473,4.90025038789073,5376.29056959894,0.647245208634058,0.117321791799143,0.360333733909107,0.0937825538475396,0.0799915089167299,0.717740172584977,0.14623358911024,0.0508411076120701,0.863336072202558,0.879594632172422,7.72756003532437,0.896394682299149,0.625156174192774,0.0570402172937338,3.05379820122896,1.23997289759389,3.1159394577261,0.0846474168075634,0.000117297569854631,0.000302473933665535,0.000111254376389062,0.99868567310634,0.99861428057372,19412518.4830378,249538211.847886,91955.2607612973
1.36600482984932e-07,74.2778752998556,3.51575127021979,0.0235641570577957,5.7626048974496e-06,0.00250355958284962,3.77727647613022,0.651090749331941,28.2811225680161,1.17954877542461,2.59610677462269,0.522371989596382,130.152281876784,5.28393414370985,16015.6802664485,0.257363616991256,0.052311155174135,0.63383436855696,0.224122835888538,0.0587608836865283,0.635780793045635,0.392047336606674,0.102316508509805,0.441353925760015,0.717181599320303,5.1328958219169,0.997172276768116,0.429688250879593,0.064351695715956,2.78410968087813,0.623043631874325,3.9418586992316,0.0711711080500965,0.0117150886015654,0.00905744313524489,0.00354257976727008,0.950224467985288,0.83539544454866,21569238.8174129,216305278.453691,6242316.86364989
1.67132490927406e-07,87.6374380921046,2.50834642081723,0.0301900043226512,1.25805142477364e-05,0.00131247690775628,2.6394691266428,0.588267516157961,67.7905908423018,2.12681572329787,1.15535540848162,0.50691483085297,169.658333137572,7.61829625185019,8051.26113550986,0.504980482724956,0.166027410373648,0.664585613452219,0.23612489871208,0.0458130392169325,0.633005116301254,0.107520783964388,0.04421523418389,0.437449610913265,0.605294803514293,7.17490606548164,0.910590334311303,0.435565709206978,0.0456481213536163,2.98254972829809,0.993174057490848,3.78395878301277,0.105533062958772,0.0686026855775711,0.0822703149472774,0.0625365560098838,0.407422145661454,0.349941301292736,35142147.7530681,372501544.354239,61707263.7861783
1.00750460244324e-07,195.792862886284,3.39577354939608,0.0782000733341864,1.09500746320106e-05,0.00197149341125876,5.77619358013615,0.720598245642535,29.081287128965,1.60477837482936,0.803288679000168,1.11189401195237,125.893930861041,8.04377628997501,6575.11985510394,0.853277459764674,0.118044818099409,0.338620177694448,0.126538304317704,0.0360914125533834,0.783417189685849,0.184109108629627,0.0681687277141686,0.407711702708008,0.622438385522521,8.97394375476713,0.983013237391732,0.913974593148267,0.0245591356800906,3.95498099950302,0.670743438306296,6.74659338513946,0.120302660932843,0.092491407479818,0.10476204601059,0.087773791265905,0.270391938255601,0.231177375773509,54521727.194597,381886342.062883,74234044.3833962
1.97347312199578e-07,106.323642856349,3.43883845379763,0.0458241505559041,5.93213685732852e-06,0.000387984889812839,2.63555823639501,0.702871010655024,74.5350813438583,2.1978052159824,0.852617658500498,0.498446714935002,193.735420872788,6.22164459378407,18886.136963362,0.475528885064643,0.0639639453226005,0.362164694625787,0.0830180853125759,0.0476296740816242,0.542463090300302,0.22484307431405,0.0539586519939518,0.41345642940616,0.846933334150427,7.20125059725558,0.864056991345578,0.843600468268811,0.131908104171956,1.48217891095667,0.848812590965824,3.58492338847733,0.0941142391789316,0.0520669855980662,0.0723490432890767,0.0501799749621683,0.466818460203824,0.446768246204747,30789412.5672319,302931101.200574,46408751.3464839
1.65334936884893e-07,93.3743310829222,2.30336505893734,0.0315183343935396,6.55701076750866e-06,0.00139720071422711,2.50225190887383,0.667401647609009,26.549538564029,3.53554415554613,2.11033267185977,1.26214445149751,147.471871855355,7.59621926922682,13382.4168422148,0.410910408842469,0.0908912679673955,0.669894797047262,0.103340408055318,0.0274039505172661,0.921798254907358,0.269381691999617,0.0877570117852164,0.537120538863145,0.7267051955998,5.55634444485216,0.931692340826843,0.377572436644808,0.156352887250013,1.43279293076023,1.74772866799859,6.09835514410796,0.073289088100811,0.0403472351442062,0.0517281248730442,0.0378125324483093,0.484063270151523,0.449478275828626,40361518.4846192,415227056.505235,68590703.4918298
9.55400210154273e-08,89.3548017025146,3.25763557775768,0.0426819932836352,1.24373730718041e-05,0.00257023265812513,5.0503191741024,0.877872732016468,43.2049258301119,3.1162112471564,1.12320411621943,0.644515233470828,220.218661695009,5.01800124224616,15559.9832366356,0.324523800818866,0.0908269149570519,0.496674993285983,0.223708382406803,0.0862229616402294,0.986663218842054,0.113832213258487,0.0469688844107332,0.709209757888358,0.642065837092171,6.1571133445257,0.899433288022026,0.651997912955916,0.0886184193709535,1.7486774235566,0.7206604498516,4.33314939478173,0.0749990124989021,0.0151656521974565,0.0235676578407769,0.00139421056633252,0.981410281017328,0.7977886415814,26807506.8872678,240307676.699031,3793540.93402167
1.02227131706629e-07,64.2674850836702,2.33752242763399,0.0125817356754089,4.55645172037377e-06,0.000446588638928944,5.41790448349181,0.666217714937027,70.2031505923199,1.0959694610347,0.794563753866227,1.05281008246069,250.043604047581,6.27717282329857,5610.35839576104,0.258129438414654,0.0558118079555794,0.456010362504553,0.112902567129898,0.0706189613749481,1.18710212027571,0.374787158074644,0.0383306520776306,0.775747953422756,0.684829606511684,5.81686312638316,0.897618124835985,0.362880443216748,0.0484011336416454,1.4735730411447,1.28581471017637,3.69936004699776,0.0564259174885144,0.00953679200538478,0.0325686105403487,0.000881195838366686,0.984383136728861,0.830985610338972,29426988.3520569,403860034.799597,10119552.2892192
1.10245006448119e-07,73.3015096223949,3.17882169480143,0.0708004463008607,6.2040180923008e-06,0.00196459475582888,3.14369334503886,0.646915622888237,50.371527493706,3.83475247813561,0.865860894263203,0.69908285457145,126.419534689008,4.02325063313038,6015.7324023392,0.265373242438925,0.106069020109179,0.358582935778674,0.179910886539933,0.0436101794469525,0.622021498361195,0.308613648539986,0.146693499245474,0.843784225880832,0.74929716383513,8.36352967721132,0.908202347453991,0.368833041989643,0.0309264941701728,2.50256015866802,1.1063918286122,5.86839091718068,0.0762006732649355,0.0112708686422842,0.0124978414031249,0.000879191287559557,0.98846215853628,0.852089644889389,21583026.7926641,177759834.523144,1700493.30090746
8.920732711964e-08,55.6405058285129,3.75690301583182,0.0291153217088603,1.20538817453544e-05,0.00105548487164258,6.2135209992635,0.58050273855842,44.8558961265508,1.62602190175546,0.797654249915995,0.987575956137055,179.662224876992,5.97304830676763,9415.7341186782,0.847732167355975,0.102837031461946,0.658622261719937,0.121053197868261,0.0288364288836137,1.13936039549452,0.246078606074879,0.083644812144039,0.70101132208873,0.503939849943563,9.10858338501426,0.975174037190312,0.756431585865443,0.10532302377267,1.79380921220273,1.85356274549646,7.44509036233984,0,0,0,0,NA,NA,0,0,0
8.22627129713068e-08,60.4987985090252,3.90593208277416,0.0198257028188396,7.4515522757127e-06,0.000628623108885366,4.28145870239052,0.941856572229691,37.9368361531276,1.82249282421413,1.03646246206052,1.04448652336478,285.080238222017,7.74284776049587,7689.74835314571,0.352861882690457,0.0833646876704687,0.450192740661999,0.208392362685361,0.0544731223265406,1.26817959328296,0.135514815585003,0.0753127305277786,0.530216128154723,0.846201428970602,4.79809311880976,0.886410934335898,0.367498057073561,0.156107344138488,3.35890255569649,0.99700478489795,5.18505074433969,0,0,0,0,NA,NA,0,0,0
1.3562937186966e-07,99.9299394713234,3.83485970820601,0.0636352925230134,4.47096453584576e-06,0.000624446141135328,3.60971145742219,0.790284583445907,70.797329349926,3.53630283553927,1.18969730730627,1.15680076478706,151.378333367206,3.86971667034844,8718.56193528022,0.517417088807625,0.123428987142271,0.349003431351366,0.269277642317916,0.0253364824344364,0.853758313158924,0.291100155865772,0.141985436191429,0.873092303592646,0.702654608373603,5.27288290099016,0.972236323261106,0.498366805991958,0.212701557789911,3.64493855318902,1.25562273891348,6.91564800474897,0.106103715222521,0.0378524917475476,0.0580197616826665,0.0294174182740368,0.722748461612843,0.643250081600223,25451762.5651255,239103785.68862,23755602.8971388
1.79891521948609e-07,111.710365670612,2.74011637978468,0.0244039514846561,2.95984325364302e-06,0.00121724796539491,8.65242729927777,0.598068848025859,70.1056552701379,2.62229359106617,0.81433066096826,0.777279978217525,237.416194267544,5.94093594426484,6552.89954059579,0.667005075697391,0.126226957005342,0.603818170003353,0.140561736807559,0.0336872706538296,0.591621243670304,0.328397711407864,0.0893103718832357,0.441592935360856,0.837398614699345,4.68437564664887,0.882940434962561,0.702620192836247,0.235879687605079,3.84817744580765,0.81734138747812,7.13684977101528,0.111242153310404,0.0810475961837079,0.0952032984952935,0.0787270908128266,0.292290840566968,0.27143089402848,41244139.7053439,443784523.562809,63331080.491937
9.16584328571094e-08,63.3908116573943,3.58774695995643,0.0120778259943455,7.0234280051966e-06,0.000887509043967778,8.32324830713845,0.881730588662665,96.5880625856675,2.43767327306848,2.91570718175759,0.912191155076822,130.94321732559,6.89470203448727,7889.53404558286,0.820461248154481,0.106528753428105,0.712084954095187,0.154695512995803,0.0319810359421037,1.0693731831998,0.117104450539707,0.0429091533857594,0.749659985879216,0.62890720805034,9.76919796254793,0.968087979115242,0.684570805489021,0.134474260813207,2.02602855026597,0.819184372254507,3.06066690934547,0,0,0,0,NA,NA,0,0,0
6.53415425726375e-08,79.0171623001908,2.59410538238841,0.0398657843887978,2.23900545642635e-06,0.000372235346969848,7.70354768650146,0.774585340131105,49.1837938069136,1.97469479788609,1.51301080261588,0.526413185654609,155.604832409797,6.03535339156589,7947.18492290912,0.59963129428876,0.0789902452420878,0.780021493792898,0.129135535567652,0.0533259531154808,0.586850027302147,0.322190153447152,0.0531058549094717,0.597150942296267,0.758880123246128,7.19597663913538,0.986893553619129,0.292762562644015,0.0207147919969983,3.78934762685972,1.72786271615686,3.25234999066074,0.0891910520060786,9.24214203052633e-05,0.000165422481083649,8.88260156535941e-05,0.999004092746349,0.998963781475535,30497107.7225023,322146804.26993,62125.7456956927
8.80669205760154e-08,157.904991740095,2.7222881537999,0.0107483729321864,1.11737334580933e-05,0.00102312926641559,9.53241181614539,0.648128572880883,69.401282441928,1.89748862634737,1.12983099846591,1.00201877792792,163.465361293324,4.93389480684612,17622.8408265563,0.681159603954503,0.145106694818964,0.385382171774503,0.0800220549246602,0.0390626444966977,0.697570805701215,0.197631919561817,0.0596395604516422,0.726071631802016,0.580036681021984,8.57865780157021,0.977304217178737,0.674272379815071,0.084493729159039,2.74980288512786,1.13692180958278,7.9650831774342,0.114241409112117,0.0626683820579244,0.0801892891925561,0.0524293246620966,0.541065493943251,0.45143899620127,60768383.4160604,812029590.818606,100058466.300965
8.18713201089497e-08,175.612856488512,3.75576262589247,0.0248940070639153,3.51734354127473e-06,0.00108644524979328,4.5435300223784,0.665494063355935,29.8663697702268,1.15091847986648,1.13719172651694,0.503519913456294,126.998431065684,4.31833549485995,13853.9099255378,0.658200707150887,0.100151734300858,0.781262535417726,0.149884024812781,0.0730005232942573,0.882366286211308,0.343126768964317,0.070681035828851,0.897843293246292,0.613968242212583,4.96381130822452,0.852294878479592,0.882548601535446,0.294443603020299,4.21851090197013,1.03125831165183,4.35761840354514,0.099902518788676,0.0413739943342175,0.0627589630227277,0.0339249565193555,0.660419407531486,0.58585634440573,48361098.5716564,571066912.078583,79504477.2512103
1.58987727702001e-07,69.5605726650001,3.73978117259933,0.0143163785604027,1.65737277014649e-06,0.00214093210987515,6.81275394954659,0.835864827397448,31.7376687492356,2.40675540329171,2.44538842845454,0.894226817535553,240.641294403398,5.78427345672978,18288.8931633251,0.540900772148259,0.0704376339369102,0.416843888097347,0.210535734684635,0.0898854885475389,0.917664368648836,0.383398349653818,0.0476449243063317,0.434156391159918,0.62532084826829,13.1355137652582,0.884179665043537,0.710961276966822,0.045883320678743,4.59635737135522,0.698917593499583,3.28711736675683,0.0939359511201209,0.0268825869879764,0.0363603273760972,0.0114860757436699,0.877724389792125,0.713820037297538,19473705.6906521,215509904.556869,20506199.2641721
1.8884636099061e-07,80.3191784565801,3.54281041361465,0.0238392194080138,2.24618166955894e-06,0.000466333970418794,9.09835022809057,0.651890492540354,45.9204310538203,3.75567509534068,1.49950649659364,0.801853418474709,246.114845975697,4.21749390656485,12673.5186290994,0.763847119937141,0.113571589588401,0.32707118260951,0.137851691333263,0.0726272732821046,0.491302454440395,0.181729981306064,0.0395634150172639,0.417452616979891,0.735014508448039,6.6117540481408,0.869654367946293,0.39937975775201,0.0284771581051864,4.12355970528138,2.14367054090991,3.86068503274345,0.116254671153795,0.0603586527635119,0.0873802762283545,0.0539901322464005,0.535587415881327,0.480806644890315,23448925.8536627,300090846.728422,42567189.8477303
7.86958461869318e-08,82.8804216669422,4.18328123512279,0.0203491760604029,2.74719968072021e-06,0.000751170348295641,3.41770854224291,0.750504744396796,64.9330305273391,2.25124508724918,2.83643943871801,1.06446377178349,259.626425419313,6.52455214113062,19421.8340424514,0.4546464519003,0.164164989676192,0.425087435771854,0.23586738973041,0.0642429908245421,0.738350645242686,0.108226309822195,0.0554802628499164,0.506171823110887,0.591414832942745,5.73446876329432,0.869273563842029,0.263390200377031,0.111697341572973,2.12081969701097,1.65621912488785,3.91698379843884,0,0,0,0,NA,NA,0,0,0
1.39390276177602e-07,178.918476440604,2.15731444439459,0.0234452179852856,1.6726569850253e-06,0.00143748767496278,9.17977527034415,0.676777208055882,30.7052962558734,1.26720134631271,1.25802231180518,0.743676724686134,176.296426522719,6.16107940371018,11963.0987969332,0.822101200592409,0.0568067244899569,0.363804670456198,0.265914723283374,0.0290874046877187,0.767730140728963,0.293864261298441,0.0783367447016204,0.708512563773655,0.741196895881025,10.2734972217426,0.93960896945252,0.575061358910379,0.0813429789350302,3.06718095602756,1.71559775877989,3.30882499146046,0.133047936620679,0.123471165958341,0.128333390989612,0.121625488655871,0.0858521240909794,0.0719798510640625,82397120.4866168,854226247.994556,137819808.758436
7.64511750198744e-08,73.007134476516,3.94545046970086,0.0267857337330776,2.19691306929142e-06,0.00149027752849548,7.19001925202481,0.627061974640148,49.3032699623887,1.5793760513909,2.16543222911059,0.81828957503107,240.072672509117,3.88517419435283,5431.88823969417,0.675898094444545,0.103178606434797,0.306918484637912,0.089690248533999,0.0956706489966696,0.727001235910303,0.114096031713176,0.0504369818052968,0.81736663071412,0.53243025012217,12.6411307647613,0.887873442385241,0.525428413465154,0.0945799281308134,1.40496417565514,1.09072962835507,3.4443657972143,0,0,0,0,NA,NA,0,0,0
1.87350410296017e-07,130.986605755268,3.67253328154177,0.035668010872001,2.97626562713793e-06,0.000683855128835362,2.91980880799874,0.928625545408504,35.8304109112818,3.86608810235204,1.61739419610811,0.702665158695858,210.364468319713,7.81779231581187,9565.71346756753,0.554721501084601,0.0678020199337934,0.789641604140226,0.141173371688705,0.0423631077625845,0.607945334139034,0.147682511917721,0.077371923429665,0.450308500190295,0.573254325441054,4.64878784474692,0.847441308412532,0.875921290153603,0.0276530267318736,4.72478960810025,0.732649577544796,7.76894118694844,0.0932987087808457,0.0672518123134603,0.0765990664572471,0.063209907957968,0.322499648881046,0.279177459235458,35749120.9265793,365062777.113437,67384269.5242026
1.47425026929349e-07,76.3092119168849,2.50543326274542,0.0224869650864206,5.60454995089309e-06,0.00040631012202873,6.89843286036719,0.832731136321697,67.6490612108159,2.88942353773577,2.83012019628457,0.858628406987804,134.78228043207,5.34193875751932,11412.8731635552,0.395233988096059,0.118730590277686,0.351682240700753,0.108727597892879,0.0299559785263111,0.518438838737704,0.218113516757897,0.111184804006439,0.421801211138998,0.494125849438548,7.04370493577394,0.858009428497565,0.463004409887448,0.0840700470594068,1.50609291458151,0.737963721732055,5.76388000188264,0.100796754545297,0.0412500482360108,0.061404098730767,0.0278476812857143,0.723724425341494,0.590760154708419,31494515.672747,418283808.510636,67726638.3776195
5.47670088569471e-08,50.8434823133928,4.31086647767963,0.0292570403061426,8.86286665102154e-06,0.000585984831432083,5.2605954203014,0.782134193288357,72.5379472428048,1.44920945284665,0.762893758610974,0.551517290218693,220.572753380304,5.54301777312693,11516.1256949344,0.431138924838059,0.197672796560376,0.53537134184189,0.20925457211961,0.0666249256749956,0.950971392146287,0.335689369585603,0.0448632111012789,0.625898896706513,0.725317380511076,13.3543324743875,0.896341640596117,0.73840431293204,0.0882431632912322,1.3694209151782,1.06750265598081,5.37699529909157,0,0,0,0,NA,NA,0,0,0
1.36110470302601e-07,62.0790697239281,3.82343563813657,0.0163890399436089,3.85125527365716e-06,0.000461681273374777,5.59205975227249,0.56133763269698,30.7889060629149,1.34542856864396,0.755197012362044,0.606640706237153,229.854823735444,4.66901459926953,6643.58408196585,0.338575094188257,0.135693129775392,0.357260859178035,0.0809439332976347,0.070127646361499,1.0368774132457,0.398777352673503,0.115419810836475,0.465067656247983,0.609967196089272,15.3728568563332,0.934030854675343,0.988314432513207,0.0294420362499152,2.67092032061955,0.743946408277952,3.56989781060181,0.0514397083136831,0.0113282606625122,0.00302833896940173,0.00034357181375421,0.993320883321128,0.779775954532409,17346881.9708316,228573667.267678,1009806.67648831
5.44937508627098e-08,84.8880021086833,2.43883369839704,0.0166403275663537,1.08489351181778e-05,0.00102860352291493,3.64512313352192,0.83395765244263,92.0969288824898,2.01237560938788,2.53302231491962,1.21353149496005,265.330533055994,4.84806069006804,19564.2500020692,0.250911737756511,0.103498393005335,0.671513624378586,0.205048240569713,0.0541830594407758,0.509308396758611,0.148782010534092,0.131152454154434,0.470021389270365,0.564162911334104,9.38681876680762,0.997782949153312,0.329010188556413,0.0799371081313282,3.78656027803658,1.75072403420077,4.53493045375092,0,0,0,0,NA,NA,0,0,0
1.77844243005484e-07,68.4364683274255,3.68225229087733,0.0158421511243233,3.56436271593817e-06,0.000474536096722301,5.74156827790236,0.646366618638003,73.4147045068531,2.09585151214736,1.44083076650247,1.05557316510458,136.374719907703,5.96222070879901,5779.66625007786,0.839572119928423,0.0800939181746221,0.519591196614554,0.206659484504683,0.098140772874157,1.19217182820906,0.347143056222173,0.13068311798654,0.474107805511579,0.877820115963709,11.2685965228882,0.870556083752192,0.269910933570805,0.0730953774963042,4.22489841453559,1.67356916484455,4.46975911511171,0.0962499626942458,0.0264574809245019,0.0508335841183559,0.0226065657745409,0.76512649832027,0.725116974761345,19704640.7986397,272551493.559476,22380961.8458217
1.54739348380583e-07,192.197735247244,2.88141692791822,0.0167962020532495,1.15712861559974e-05,0.000715561175322226,7.74180691342297,0.810433554497475,44.4888756481654,1.46666320362209,1.35673354289109,0.670952038214642,121.344538261635,6.87769249514867,16097.7351870301,0.490237721904673,0.111203557326531,0.628455341091206,0.0905341458644965,0.03332400903034,1.01692831240109,0.252063999507514,0.0555833011445458,0.94383011885401,0.751291582152564,10.4182022163111,0.995527840519062,0.63520737962673,0.0237677510827479,3.32274964602105,1.17656450354546,4.09646079626233,0.0914373763658424,0.0679107951545305,0.0736777168922014,0.0647335311118479,0.292045182345915,0.257297203248502,67438049.4159045,823925623.662452,99754757.2518553
1.76142766947103e-07,110.978484238186,2.29913961281315,0.0176468422515878,1.03646900907575e-05,0.000340782021926677,4.01291438000103,0.581886159164184,96.3760663218284,3.56570363444342,2.20780753753784,0.643185996812966,257.529973238647,6.32279708216089,10632.8398467134,0.835484603796786,0.0573802853550293,0.515472440444814,0.109927435319493,0.0251344797126052,0.710844829264647,0.187290316649833,0.0827326626506243,0.624102971477677,0.659048165406607,15.5060149839708,0.961305086619334,0.346991514600634,0.0647761989517806,1.50164057564191,1.90687348626785,4.99664749144212,0.114947563071563,0.0883992821760447,0.0988631378481473,0.0833514690972281,0.274873978447583,0.23095992804119,49175258.2411766,656157861.377644,99438860.7298034
1.82275391651673e-07,114.332598583105,2.13551774442656,0.0387632369782308,1.31249531098408e-05,0.00111691013848676,7.38343308064692,0.608780781596531,36.3050952924275,1.54383905148727,1.99663391336862,1.00052164082825,161.93579920522,6.30291823653463,13348.0838653292,0.428222522133152,0.112787245914392,0.518908490031321,0.0857744062066487,0.0888252193378769,1.06241738077732,0.137754977833433,0.0426359029809886,0.710935170143616,0.593188987786531,6.21083626764953,0.980058845931111,0.62215788037833,0.0216753794117841,3.19689103672691,2.05553767694255,3.00340965430927,0.0786167069909856,0.0529421294549248,0.0603030153098925,0.0494129721205184,0.37146983113673,0.326579152431362,52207350.6081483,497039622.547756,86487867.2225958
1.42548481070619e-07,57.0408396566739,4.07532533513268,0.0245544149608175,9.96474797032227e-06,0.000399195698545575,7.06348712400879,0.735090627336635,31.0744284546552,3.35242041171693,1.62202493029849,1.27867409102443,122.921812344715,5.74334868830685,14396.777075988,0.992978950503011,0.0631903957277742,0.718953216733441,0.255464653943818,0.0672125004813733,0.744047165927848,0.31537260492135,0.0416981528956488,0.418740182662219,0.503356488709739,4.56194021328067,0.953141993606635,0.762749418633152,0.0304503366586143,2.98378024878581,1.36303914247128,6.3073979578998,0.0999585657905377,0.036085314002991,0.00173037413891676,0.000724430172079407,0.992752695415844,0.638997281347479,14713649.3930627,181693596.987303,296417.181560292
8.02676841902916e-08,53.4348596563664,2.3649721314634,0.0389390734578868,5.29705455546189e-06,0.000395339294385873,5.02470921077127,0.699600633981505,48.2211937938338,1.47489971080976,1.03747907164687,0.687531787548083,298.088201260551,7.61167719614737,10623.2253414524,0.893668230812323,0.113109478009534,0.329973059352285,0.0768691030807801,0.0323246472517491,1.16278411355481,0.126306130729597,0.0663196901584923,0.651276310993962,0.658015854975187,5.74680167311813,0.996087878110959,0.3853909939859,0.193102872769317,1.40008560113716,2.0833530024096,3.0162032782928,0,0,0,0,NA,NA,0,0,0
1.8491937737899e-07,74.5497005202033,2.75710960989777,0.0291871497819871,2.32005983733787e-06,0.000574044684861369,2.89676038377248,0.595218795215762,28.3011919550339,3.21060443131726,2.64909029523204,1.19390524251514,218.146957284959,5.03595803223771,7259.30231116278,0.698829331214624,0.153408606076969,0.475335083350568,0.185498513370029,0.0286274388429089,0.590380529883951,0.274705957395609,0.117368864428039,0.518187864925746,0.695269201311896,7.6657385021755,0.910391389640835,0.766508238928317,0.194021047460416,1.29278654407592,1.37567576826924,5.97613917214287,0.112897340804772,0.0661539441144799,0.0891175171092673,0.0603542225563892,0.465406163456437,0.414034523373967,27530751.4403801,329765150.38869,52729320.4541887
1.24925374094794e-07,100.975914058225,2.67135345182056,0.0212380850818537,2.86829798303528e-06,0.00130834136642305,3.12180775080612,0.607514871968667,34.0474961691562,2.90799754042171,1.16216254289802,1.17685162452912,254.899244369552,7.19862165993193,8009.67353190837,0.344577538407644,0.1474333090782,0.330541108408302,0.105748622757667,0.091310757748646,0.919458480717932,0.120251936909854,0.0586975941156425,0.930158804975328,0.660443860217528,14.8255866444288,0.862319869934168,0.365280535119467,0.157693870496708,3.67447175782413,1.12080993412711,6.3424132620694,0.0842943353875198,0.0293083729545362,0.0479527164673841,0.0238390181034013,0.717193118685757,0.652309104522871,38864867.7218686,456642323.208812,66917501.4242333
6.36894295584482e-08,92.5326170371325,4.39168444634982,0.0405474156006381,6.46656379309682e-06,0.00124129242938661,8.63003622210061,0.894236533973176,54.6138989026697,2.18924884100511,2.91275884359083,0.539431732217166,126.352321765117,3.99383186381248,5557.57888987197,0.59521412792364,0.134852423207637,0.576045019033368,0.145458819754058,0.0265183786601094,0.822954347981643,0.1309682642784,0.0560339210996334,0.711932013356499,0.625470826551481,5.10173381414884,0.911567665018292,0.583954932224427,0.189621753542443,3.72724516564747,0.892845536091693,4.72556303217924,0,0,0,0,NA,NA,0,0,0
9.26643426053337e-08,166.093746592812,2.81007413205433,0.0420368990103333,7.44483730306436e-06,0.00051049767585241,3.18023212283516,0.7811278518913,67.9483313386014,1.6987721821455,0.924818051897737,0.780224474114743,199.576904660701,6.72619303065124,8565.42469578454,0.424612767564254,0.105512600835611,0.585645688803353,0.28889548912544,0.0842275664008152,0.980327097609854,0.179797389127418,0.0526215314997873,0.404560915224023,0.521414839846256,10.9639622715477,0.994419187867146,0.858017999301788,0.0552812962169658,2.58011138765781,0.718811188454231,4.63018496388158,0.11292114549595,0.0785323067921246,0.0879138309392736,0.0694405702076503,0.385052552357069,0.304538521574408,58967190.8936879,637583787.980917,86283020.5130122
7.02104254113096e-08,171.297079249821,3.09132918878877,0.0272985897491677,2.54761213350394e-06,0.000439054910013382,6.08522547338237,0.662797061558941,66.2609425172444,1.81201824041086,2.23312367737988,0.886013414575675,178.66433507583,4.68190500276484,8493.85720374083,0.440972093993583,0.152871646626559,0.758352867516818,0.162422964117983,0.0805365653419235,0.760151155476082,0.229276136608689,0.0515620081958678,0.379048649592889,0.849259407787585,13.1013732072671,0.925322016555368,0.345957964470233,0.128367137948708,3.88281949485364,1.16604928359181,3.64658954715765,0.102000083590134,0.0291209361339054,0.0515117788860222,0.0235297787514207,0.769316083641948,0.7145008601079,57191517.1119497,727559438.838763,52398665.3679983
5.72709842306395e-08,140.370810967168,3.1588148643698,0.0732848528505159,9.89143371093077e-06,0.00124368707543634,3.47037645225728,0.816907944723139,26.0120273085076,1.16520055868473,1.28063472053759,1.2035688402083,314.575073058912,6.37176675927327,7601.30415884764,0.624740355766421,0.0723384615058889,0.398142033101086,0.13096884068863,0.0615498934209442,1.07586242520218,0.292773915754112,0.041444350235168,0.478569728813916,0.533222035258128,4.3691316786438,0.937889459756516,0.334112466671955,0.0444508393923443,4.06003086708787,1.60715222030392,3.54241398977925,0.100665954540575,0.0365103952879434,0.00305864646895648,0.00102137918935935,0.989853777336928,0.63731138839768,41802297.0445283,360487783.314186,1297601.8084132
1.27460407222868e-07,178.008432689684,2.34554178754182,0.0713622899551662,3.89375587765754e-06,0.000589449459674922,6.63357126108027,0.628581538787582,41.8751687525463,1.87129597576453,1.98510144753888,0.986489912690444,292.173415296318,5.16075020109009,7925.7573957847,0.535423714254043,0.102353601322402,0.427704293587072,0.106457886028713,0.0595773877213392,0.584241113140714,0.211219185776903,0.0532822737345759,0.380168025944042,0.775381131062844,5.68455240634295,0.887472271988953,0.63849786530103,0.0307850940886159,2.86534147443946,1.23599226644786,5.62203966772652,0.116379890304559,0.0921159649325893,0.105249985087837,0.0900720138148359,0.226051738155767,0.208488986443212,70687093.9717136,544368570.37667,111134771.725823
1.77191237572682e-07,96.8754459948641,2.60601458870721,0.0288891277270928,6.14998336989806e-06,0.000700009209707604,6.187321338009,0.727212675973472,42.1765796967652,1.10546230906351,2.71332905950597,0.629686828558798,247.983540104142,3.89486544979226,17275.4848594168,0.52054417810288,0.0502892971340274,0.343350136119183,0.149401984547392,0.030044822255826,1.26702096233549,0.206187702435479,0.107671650230216,0.841081763158913,0.832919018651929,6.07902852339128,0.846146025524374,0.589358311522427,0.13577907556665,4.65630415659515,0.990311750085836,5.58194593003128,0.0973422277952027,0.0581543313904304,0.0757524281311141,0.055622390441087,0.428589300851935,0.402578585803679,37531227.2747562,427300507.760894,61979929.7358801
1.99983704902679e-07,133.923906030219,2.54692485753427,0.014180971954448,3.6730369560234e-06,0.000366713108603956,2.81242494631781,0.898839475860115,65.0630892683982,1.62953584222662,2.60404987813331,0.57904970985009,291.442784261696,7.49685887728052,13027.5227474709,0.896018764954253,0.151000432076405,0.588173687263421,0.275272688011263,0.0328981661209798,0.688173980800651,0.29767880835153,0.0641772157939833,0.367439661059493,0.548221999258523,6.8211513697765,0.866360798232579,0.262891985444005,0.21189542661768,3.36453241943286,1.48979855356319,5.96774455157322,0.129141244091459,0.118349731380837,0.123002241366489,0.114947081191529,0.109911926277229,0.0835636421698036,53571941.0067746,719146502.938237,121987840.223443
1.40073367675763e-07,72.7557705626289,2.14782065550894,0.0165766974329318,2.86246832563513e-06,0.00253943216250765,3.27171969114369,0.700956283893927,36.1181049084181,1.12330445759078,1.0942852057478,0.668711811989148,199.136062571407,4.3869221663631,7395.64981859633,0.82972231624127,0.0735282597305858,0.328445772418375,0.149680320303921,0.0395660877855847,0.753609413073769,0.281261660137105,0.122802383002066,0.515357427698043,0.600593046495716,10.7412541521408,0.968022235101664,0.453111346117531,0.0282823178961286,1.61737488757074,0.793571425863545,6.96061475408214,0.118546830982529,0.060134599791985,0.0829471946859736,0.0486148454900715,0.58991020605826,0.492735492854739,34576425.7519872,365845303.16848,45284171.7987936
1.7070446042818e-07,76.3279607436991,3.12792917600125,0.0239418191580538,3.92182241878463e-06,0.00210647525909501,8.38692538543414,0.905436255583778,57.89126399423,1.08177091878134,1.58592957930309,1.14912366777444,275.323400506423,5.65158779428666,6916.99178318754,0.286524193599114,0.0645865961347396,0.445363663370094,0.165789423167528,0.0588131894795534,0.551957688974522,0.257552161717313,0.101536161388367,0.507034695254555,0.855103100485146,11.9514970857682,0.936382311616915,0.971544534197574,0.0232637304155976,2.16763095676452,1.98149152069104,4.53984444738951,0.0843422179449285,0.0244997362711441,0.0474978626543142,0.02210894979731,0.737866156048374,0.70951989563351,24997960.9550066,258655174.865788,34166251.0143182
5.10697720850106e-08,141.049522600639,2.20629003371237,0.0587017980466986,8.56048321030126e-06,0.000545076266229111,3.78290909989422,0.870035692516317,53.2251333199757,1.31140925011337,2.74823443895778,0.826415933859265,160.938550247449,4.56734382238432,5868.10145470801,0.448313435691633,0.0550211032497114,0.516663085603266,0.195391388113919,0.0298470094543221,0.739874685671939,0.11796321904839,0.0418232236996218,0.904467248733654,0.531177249907084,6.7113295826841,0.933386469140548,0.253646829856824,0.0250874585133106,3.13579723444279,0.6804131384114,3.092514408712,0.111007206706544,0.0485233753943294,0.0265183304985138,0.00368071349391949,0.966842571729152,0.562880854009736,61751982.8863808,622580451.096286,9046492.2889024
9.11450066362135e-08,66.4991471751823,2.61632239637692,0.0220437924859681,5.09850827079647e-06,0.000640658700847749,7.65244823711085,0.892033071610161,81.9877310515364,1.20600380982025,0.774685641281815,0.993932037700564,129.946680127541,7.63651305741677,6905.41455376786,0.896642037108766,0.0575906672983068,0.656713461344331,0.273070321786709,0.0612442741129326,0.94818177136709,0.102227768278766,0.0695952844376417,0.716078702971742,0.502610073984782,4.8755176600064,0.970706311346213,0.342669305144237,0.0811481435433623,2.4218663170389,1.4885274217252,3.73425420856802,0.107000818126811,0.0443104475626559,0.00218503848853437,0.000925745373608005,0.991348240230174,0.585886833966617,26610607.1212725,323265594.154096,505898.64148842
1.30168186284094e-07,106.037868837768,3.36389590478414,0.0116106580830181,8.8878700721211e-06,0.000795283760912518,3.23364308430004,0.749926131558192,25.5645151769125,1.93173539112335,1.54896314605755,0.747764237943545,132.278965693295,8.21875676037686,8240.33560037595,0.396044150793311,0.0621895426920385,0.395100568342745,0.134106447887653,0.0294740214658114,0.546995781872384,0.353235982603298,0.124521292118547,0.741577607926458,0.804243633754623,7.00580004357686,0.875007782883882,0.707164277726013,0.117134064107828,2.40812252028322,1.11895249551471,4.67343243781644,0.103043884552457,0.035197269236688,0.0644180069436967,0.0303090254734492,0.705862937862949,0.658424472354107,33287801.5468203,456053833.547251,51438125.5534
7.17921062205807e-08,51.8594257568666,3.64047309796854,0.0244734578139348,2.84298708725712e-06,0.00176268371809453,2.89129667547882,0.63062617788991,77.2302913812276,2.65505086271873,1.89876639512658,0.514441050559959,128.878778724361,6.802699113061,14682.9688249719,0.983240978179794,0.0694226444079016,0.456844255415944,0.160294778803798,0.0305074665786602,1.27778866582766,0.111766120849368,0.107929280445433,0.408294959485416,0.852048570953345,10.769424571402,0.940457053117907,0.771872006047051,0.0353965106812472,4.74796028343855,1.46006532200914,6.97830701790518,0,0,0,0,NA,NA,0,0,0
1.00035516516853e-07,131.076774616653,2.20466450211475,0.0331581383226832,9.34805280116232e-06,0.00103190026324957,9.91017948993831,0.939406344749838,91.5708237471155,1.94103423395266,1.04938449143462,0.90237720949699,184.196210106443,6.42580287778251,14207.3158175669,0.795373137294067,0.144640202179882,0.323076653451734,0.150459087962656,0.073202011949713,0.886687591730424,0.116523061016941,0.115636830750281,0.500188547029062,0.756545380496213,15.843575210904,0.927678021631866,0.323847526163479,0.2388815283988,3.44393393603688,1.47355077438869,3.99567585606582,0.124012941366065,0.0847325306196896,0.103777738334591,0.0785207180898969,0.366834483361561,0.316744448713835,59283942.2504958,655828611.08649,92763455.5404612
5.00171642204436e-08,66.3143930852104,3.74540776226314,0.0630133039891209,6.64472567281896e-06,0.00211397009984284,6.09539272269796,0.804132317350896,60.6502688266775,2.20917538066658,2.96113443871712,0.598044474515586,159.351455093092,7.53395857707613,8337.38562034786,0.406693248720832,0.139114244228395,0.424325644426979,0.12352473974888,0.0282842647905583,1.00737137077391,0.273570028399433,0.149440486417577,0.487618548441268,0.790438788545166,12.6098171800346,0.862724464620826,0.863024992678094,0.042346825881554,1.68290208390153,1.88665325109692,3.81011075445549,0,0,0,0,NA,NA,0,0,0
1.28257043026742e-07,63.2469277192702,3.04535921626864,0.0242770400763474,4.50194699239912e-06,0.0014433774152129,6.12548275059427,0.861032837097886,86.6966014445234,3.44677489844984,1.04702903130462,0.809652565909501,212.553965563958,5.56064492028958,13788.7874275955,0.975587584913247,0.0766777373663082,0.672690796434034,0.10911505793958,0.0865999744445331,1.00264062346488,0.208327160545818,0.0849776692349388,0.642604225967813,0.793018888454809,7.84479661934415,0.944298746176755,0.417782033563183,0.295359534987683,1.33795458123562,1.24225868495952,5.75672955686615,0.0788027407526373,0.0122018474117046,0.0496934875387712,0.00229673017220242,0.970854691724341,0.845159606186714,21415846.7350253,239218734.356902,3058542.64391214
1.24768278764279e-07,96.3687087075574,2.1179946411975,0.0687549600762745,2.39814625306353e-06,0.00290855509364851,4.37668327064107,0.678638527489825,80.6511496174784,3.50095988474783,0.851049254529745,0.701671469482839,238.310485399217,6.7477693687559,6697.51510900657,0.834138764364491,0.187304700959704,0.356300701165053,0.232306525673714,0.0385684669542785,0.9155646460217,0.329078730175404,0.133035429824044,0.47526486862691,0.539471096241154,11.7498113024967,0.909000743549748,0.466513417918517,0.0211164329332807,2.23991214212365,1.25679644940349,3.79262381256422,0.122573116144185,0.0864467457904813,0.105127166542186,0.0794047046341312,0.352184988584888,0.294733229358448,42214757.144419,321606908.816028,71594137.2382509
5.16569963611638e-08,83.5844607472367,3.78664493678722,0.0109712814828552,4.80543187465005e-06,0.000957508353412294,8.82192927483046,0.736822262620396,56.153330748331,1.83750855146804,2.46770527618844,0.576010553285362,215.958212848313,7.29711829796966,17956.6247362178,0.355749853962643,0.0889689923610204,0.545617178870997,0.176967050510086,0.0266477399069422,1.07464054185807,0.232141130205969,0.122887480846304,0.777271076391042,0.590040140775137,14.2815510001558,0.968657918557584,0.681142838255529,0.120415648943919,3.87739132256462,1.58018837565126,7.6688653989981,0,0,0,0,NA,NA,0,0,0
1.87810297571869e-07,54.2239313175287,3.54865427270347,0.011342811377987,4.75011826601282e-06,0.00105056309228269,7.91481351266489,0.647431010677346,47.510319166295,1.43096949425458,1.94068229756844,0.509987522585095,196.340064388138,5.5977543684176,9948.52968509887,0.272938284724973,0.192902568541008,0.584966979885525,0.102161960705924,0.0285568648373538,0.898793083015734,0.19538201720508,0.0392997241637264,0.50749145026975,0.621238851540767,11.8512909773707,0.984477897421216,0.888981012011335,0.0419322334539777,1.26956352330002,1.03364345309973,3.41966054391624,0.0380421796614878,0.0065949785322658,0.0184951214482814,0.00270225925402151,0.928966760630776,0.826640361016373,16280593.8114738,212336554.113599,27389427.6012872
1.57855533121185e-07,59.0296667893409,3.96904890266095,0.0172781911878123,3.40210652876318e-06,0.000858085542248986,8.83895981082682,0.913479705219024,94.6027699272618,2.26137434261262,0.912360822132066,0.647822210479017,308.3552966916,7.10582638850575,14528.7822285586,0.307773303315431,0.0890551019069967,0.308559397216166,0.174451720188642,0.0433873974547589,0.600164401700783,0.119992689824761,0.117116105454759,0.566118611890356,0.669916800195768,7.87965157636871,0.852422696722809,0.798303132447649,0.0805764773103239,3.31171331352973,2.2961508346916,3.50120691382802,0.0808788713760052,0.0176930767122536,0.0548881192741942,0.00388037365072238,0.95202240604122,0.781239816886185,15768932.1569481,198012715.619658,13372358.0001486
6.75461808332047e-08,130.227909980823,2.66891078272592,0.0882132791525421,2.73733943523682e-06,0.000657378841013291,4.55839942786357,0.598433009322416,76.4064946081941,1.2706730448349,2.33494048467799,0.610426269630183,188.076659891132,3.87685072044987,19159.5208163191,0.708264778483286,0.100863200791548,0.376827849905592,0.101043702969209,0.0348233002385586,0.787372801194753,0.263316419021642,0.0635849336399513,0.568431417583485,0.832632088389398,9.51812142988649,0.962334065822668,0.27523114725294,0.145965505470859,1.58284188027161,0.664232161256713,7.54857876173414,0.107034655764216,0.0234689460817872,0.0222389696430403,0.00632601251977302,0.940897530107366,0.78073507207342,45247790.2833665,379175139.054845,8407756.77597159
9.10903525386321e-08,185.258332629712,2.76151885179038,0.0705330674442336,6.98424398272935e-06,0.000683330510183116,3.04501781441334,0.625687855156982,80.8743772776652,1.06023985184188,1.12067159461124,0.548035713724886,218.331357983422,5.72515333431546,5508.55297968554,0.54261228030801,0.148196862870164,0.674819928772181,0.0972567640283711,0.0535195321264706,0.512907895686861,0.111065160483367,0.0901271792081369,0.836196048868741,0.491473795849441,5.50219913011515,0.945882849503298,0.600159215768272,0.0837876884411346,1.38331943891794,0.67363045534875,7.16806061569793,0.102201767764033,0.0665718801898157,0.0800193265621908,0.0606231806244634,0.406828453648352,0.3486230067613,64066142.0038699,535173093.342078,105112378.660181
5.99370655395468e-08,118.635386844537,3.2458350752609,0.0383420586978326,1.12377816145126e-05,0.00132485334134067,3.67149318764575,0.764868871589108,81.1045893057546,2.24436346507932,2.44135827672194,0.865892023011265,194.3157762411,5.75333176005769,8057.12116375891,0.959020832372257,0.100632090443976,0.343143376822516,0.221976914517927,0.0386488944015877,0.829646753776923,0.15586612769479,0.041568951241272,0.49834083219309,0.768804510711825,8.15190982323545,0.895142128268196,0.55277619956124,0.29743780727805,2.50766608377736,1.15571161700389,3.39615937112918,0.124018602061919,0.00390850995454271,0.00270963340871451,0.000822387600863144,0.993368836713282,0.968484486282217,36490791.4897868,370393532.450051,290551.998511107
1.10112229042493e-07,165.702760028114,3.58304150717414,0.0488124073407353,8.41901641941393e-06,0.0017671896810113,6.17231869040064,0.918898785946392,41.3122749703727,1.08921832700565,0.828575787144437,1.06631310760944,166.862184981786,6.49867884823519,7002.21148410349,0.774540955192234,0.132282243615491,0.504060784061749,0.124965486774835,0.0886712835338508,0.906679454723978,0.258872398088317,0.142536356559871,0.906004640819699,0.76133264851889,5.70696462432542,0.84188710152616,0.801765328921843,0.0485723765776439,1.69431495538641,0.757126115142495,4.23643577046101,0.105276769625071,0.0670526402690279,0.0857325024897034,0.0638716478033307,0.393297799402463,0.363082278190843,45698470.6491161,399116337.721992,73438001.0746243
1.2576053133749e-07,53.5195919697475,3.67125280329603,0.0698949142405382,3.01555955821043e-06,0.00102772513987855,6.21595074210443,0.921160944875965,57.3659877022989,1.92153908034474,1.53651604746942,1.10796939030221,261.187403867389,7.64480173562919,10794.7047256661,0.544205651999152,0.194175749794398,0.750570331128924,0.0939171668764309,0.0963056464615078,0.550454546760502,0.243190696221204,0.042384903612164,0.672247981097346,0.702312359716858,15.0952041410147,0.866244673696147,0.916013801817238,0.0205193344873905,2.48429562754955,1.136322859708,5.80542638971379,0.048776141679122,5.83860075363413e-05,0.000118260596477423,5.42246706928271e-05,0.998888295202816,0.998802980196334,13411112.7494399,119433005.879778,51623.9336024479
1.93867180424005e-07,81.3596523097951,3.33138638658839,0.0102577236846499,4.93806400868175e-06,0.000631280151923717,7.34182359620605,0.579862428098493,31.7998338615702,1.93507746445482,1.64529870887678,0.499942794035795,242.606467125733,8.17351112479288,5385.04158316547,0.51964273377993,0.15773606028245,0.377583240248674,0.163284859162388,0.0339202529702404,0.751586731011814,0.243516851854571,0.090014671218652,0.773714269886023,0.601537975096422,13.8092317188891,0.867867034196126,0.456343904616336,0.239932476304191,1.3570595821306,1.20591209488364,4.75368451102816,0.101640414091073,0.0529962056369579,0.0726331373274927,0.046234806127436,0.545113953530254,0.478591206943807,25778606.3102634,361172709.367103,58347562.0358484
1.27926297432855e-07,112.610012084806,3.91233565845712,0.06972391496967,1.47678490887301e-05,0.00135059395057238,5.69994849086655,0.91021737235782,46.8891862547104,2.49922763186064,1.75126530988925,0.9790902030464,120.469543201931,4.86337314538397,6164.87730827318,0.487831009068145,0.0772222334547655,0.553602364983351,0.170891859659095,0.0764698179136203,0.901594584850088,0.331006406151327,0.0427683622230901,0.695125131738657,0.693083283270433,10.5180732091097,0.857612393402193,0.312873540108638,0.0687093910351207,1.28794564131221,1.92940296239069,7.32027249842201,0.0827463195912061,0.0271816176169878,0.047328741770387,0.0232290460623196,0.719273966780896,0.671506627107117,27686058.5059665,234178637.368232,38062546.9456771
5.49411052498729e-08,73.3252111848548,2.93715397090255,0.0104574804004705,4.1157634206157e-06,0.00102414277552798,4.28972562173981,0.652175879672555,56.8616380007802,3.01784215484627,2.08315285746418,0.571015012708757,285.475394195542,5.5523876489933,9641.93411505062,0.86529285349813,0.18014045661919,0.393361276961245,0.283476844952474,0.0526356743351378,0.665734936465066,0.287063931968717,0.0784971404924166,0.412755421143185,0.647865307224323,4.59372194361192,0.858983093439315,0.387825549360684,0.161990636282591,1.5666265083085,2.25810471114695,4.11389427276135,0,0,0,0,NA,NA,0,0,0
1.49301310343056e-07,57.3461186631304,3.42026396369124,0.0324944886937539,5.13930272188952e-06,0.000365181264915537,3.51064626635937,0.571678370994514,40.4706410475915,2.84187936904817,1.2515028337127,0.56473417348646,135.078373793407,5.2701368919655,6761.02859784177,0.251610745254839,0.117510962713977,0.373259237546911,0.134987561636465,0.0662541939279002,0.511443659990459,0.273807899182618,0.0940593669473121,0.405465128999288,0.709442471476795,4.61630826689526,0.860604049225553,0.531564805225842,0.0609123100304195,3.07381345811996,0.769189542490086,6.38055473315772,0.0714118827223011,0.0130560998695744,0.0268299170459239,0.00125537141157767,0.982420692975433,0.817171885520151,17285153.4453604,210052940.065856,4124700.73480279
8.30109814443728e-08,127.162021619499,2.74736314275028,0.0158894285494424,2.03035312738183e-06,0.00276819052452485,7.67135355200497,0.853368098683896,39.1448639932482,3.1988075388665,1.89810239515421,0.727762448871861,161.244084774703,4.70889490242536,16604.9875735875,0.264441048283856,0.0927699659717231,0.564703811871668,0.0962100623842266,0.07856859766577,0.488467360889732,0.35019927797361,0.085312952371832,0.669251223877417,0.520741549397948,7.68215292525509,0.860118351018465,0.688896325034961,0.200756028031205,1.9748120287821,1.07858271418654,3.95405534491186,0.0833925346892838,0.0247784842459902,0.0366652626489603,0.0117798194647809,0.858742518036274,0.702869275549502,47700996.5573247,494178420.129869,79172321.0750581
8.52012895975505e-08,71.7100864940726,2.62099343284375,0.0723040949697767,1.89281770340378e-06,0.00131729751073338,3.40016431059142,0.846852093876883,73.2518500246974,3.99410777024547,0.789383061516445,0.526982857841652,289.037879688565,7.6713224052804,8518.83042085925,0.302039593410955,0.181064834388209,0.579067252946961,0.202422833614044,0.0400287823326626,0.533816535650134,0.159893997928136,0.0398234185474203,0.379584252766573,0.831706672050703,6.41093339386596,0.834741240520081,0.439760755779908,0.0764630642358131,1.59118382216868,0.975173748382533,4.9556785905626,0.0820925818519251,0.000540205394106088,0.00283818572389692,0.000290050498599421,0.996466787959933,0.99341955896721,25375934.0034479,219409066.698338,389685.641547323
8.54719558767819e-08,66.7774525404817,3.31172198240261,0.0590355022347103,1.84675707843052e-06,0.00119741477037514,3.31062561367026,0.829865322916085,34.8376965245843,1.31935231980573,2.45412225845665,0.581117749012481,252.859325421691,4.58390014643858,6595.53716231637,0.87617360998766,0.0843032743743055,0.457856643055361,0.224374503514472,0.0335573329212935,0.979563866117063,0.309915057600871,0.0853360359590744,0.63035598539983,0.781888763914199,12.4384047284417,0.932467262563747,0.366522807706585,0.0809568624704319,4.57726748803269,0.876081608993438,3.76825408024634,0,0,0,0,NA,NA,0,0,0
1.3425810180139e-07,55.78078854339,3.21044018574313,0.0130589725566672,1.83540523004233e-06,0.000811080984940794,6.97376916485252,0.703875165231399,47.7353620879965,1.35686674181971,1.24956138792881,0.732987382407533,236.473242170669,4.17787678149188,9606.31820914691,0.297224154290925,0.0813331008506317,0.451921296385388,0.101546049756872,0.0534460315101675,0.609193173324389,0.312899383393249,0.0419474524365314,0.908808210117007,0.827961533862165,6.15238790431092,0.909269400637446,0.687255663471773,0.0868265993976854,1.26461563539684,1.57340170589673,4.70034911873989,0.0589803168789919,0.00513231180203799,0.0372072961718976,0.000388875627282512,0.993406688063742,0.912982634315652,18572584.3777119,238591433.994475,1218630.59841941
8.46023155682782e-08,88.2291058252959,2.71874098475467,0.0577992632362584,1.43867395611336e-05,0.000572445322480101,4.878372662693,0.565143122602692,75.2673780624843,3.80595816373588,2.24450237848953,0.95807012410709,246.305641004684,8.12613027920031,5064.55159265805,0.491087195906931,0.111862431461425,0.76921960225757,0.253021516786786,0.0459971996920584,0.481594190966716,0.206894423821996,0.0894859118016504,0.92655418620271,0.543104308950722,4.40601505969788,0.93829520569163,0.805632796958785,0.0570058832862964,2.64722993675046,1.56715234096637,3.42518030020028,0.101938979832918,0.0376826130875383,0.0755512975947336,0.00255950733605473,0.974891770152597,0.630341473405939,31668806.6463223,317540401.571389,4006490.13810316
5.43770218725857e-08,102.721429051765,2.49238512545646,0.0123167414783451,6.0572531319889e-06,0.000460516802494388,8.31117825653253,0.568856241797261,27.8826033474413,1.60416602555037,1.20550498879203,1.26357907024471,277.371174019394,4.50440884387744,12052.4699795719,0.795715100709315,0.0685726340083835,0.634274181508207,0.29699814465378,0.0395518157784953,0.681036945207132,0.174972601058476,0.0990433102727815,0.40483636494634,0.776838494447373,13.666230045799,0.853768255130403,0.435912775232411,0.0758255041691034,4.19333106971254,0.896064232436654,6.40201535794452,0.124202397000412,0.00143494584764147,0.00204948857065062,0.000651307624926181,0.994756078460193,0.988446713732613,44318287.5834741,563953633.878999,261970.80452668
6.62428873392024e-08,160.565871877797,3.51846018218733,0.0349972530794568,7.73186501818708e-06,0.000744953333108954,4.52763044477425,0.766301283520466,32.6929830801055,2.6426037617312,1.17557276101518,0.765743149574308,284.889639745403,5.29349088859031,18683.2229765683,0.618005003790524,0.101758367836071,0.623538785829402,0.230416681440115,0.0885775485966809,1.03521399476596,0.1134507432523,0.0762738768649328,0.900482998159245,0.650251603262207,6.01577803709602,0.863010744186923,0.365711895229829,0.0280599535129195,4.00382298795558,0.710190872507073,5.50675350471839,0.106218737335422,0.0353388780326232,0.0506879933641599,0.0100328050551924,0.905545807577147,0.667300902654974,46645354.0549478,532615325.27523,33849554.8573899
7.26320707926897e-08,90.7794640352038,2.85969208478916,0.019919994723737,4.6184961430244e-06,0.00039740374587378,3.07155428386789,0.599473812189429,55.124056178989,3.3477126710449,0.832059816159954,0.909843127288737,259.248113232403,4.45511494437581,12811.2217353601,0.476991116193898,0.0611357271707777,0.563525305536963,0.131194586205992,0.0793486002812859,0.719069066694304,0.151729435889592,0.0468956138983422,0.500937597959545,0.822530174701326,14.7978649558623,0.905653591255615,0.436571829253449,0.0788367379931349,2.53613279683725,0.733750167266933,3.08778679452204,0.0912582245384245,0.00949131308684676,0.00123732425678472,0.000344884508905731,0.996220784366011,0.89599498417975,33587425.2952892,426010739.581745,508322.162645863
7.7418537835736e-08,115.923081920326,2.35988083360761,0.0780856784802186,4.40401768616068e-06,0.00266334387868844,3.0839747944545,0.67640433613136,66.8216909841304,2.9633049670635,1.79307085021197,1.05182745416538,227.212925922548,4.52475046034118,13844.4962142055,0.251863320382146,0.12149559819327,0.461404258131167,0.0786849323038047,0.0432284872650743,0.54423111867819,0.134373403533467,0.135889400801522,0.858678497510534,0.789794393681903,4.73130012978627,0.872423086082604,0.636714421151495,0.0564876901529976,1.78289220448048,1.01508324142145,5.93241767749173,0.0685972526680418,0.00948379891501046,0.0233584595045954,0.00475798722302472,0.930638807853578,0.86174666555664,45242101.343084,347300166.319163,27946735.1808516
1.61798465304004e-07,68.5301297504631,2.75337568571551,0.0671096338175071,4.74608263990506e-06,0.00204411734665049,4.13921626162636,0.824301191152387,66.1074071497678,3.22201061077167,2.80088063890404,0.919462241058899,213.978643868576,4.92865184449661,10331.3108990083,0.743233953352992,0.0682528200408303,0.367145991639257,0.100228574228805,0.0646135720966719,0.697467844842095,0.319543243663878,0.0922591014464414,0.746275487860147,0.772336221300442,14.2698255953963,0.833821398152054,0.41220710678102,0.0827428194185617,3.26396134845106,1.4932828650113,4.62263707134573,0.0934579266043511,0.0281250012404296,0.0564966724506375,0.024001325876881,0.743185765521106,0.699062430953607,23669738.7864084,194133123.995794,30167900.6822045
8.15590989466643e-08,115.486107228273,3.40563952572871,0.0683361275605892,1.3033474409162e-05,0.00171348051126544,4.86902651761395,0.669270645867445,66.7765903704714,1.13981911430162,1.04359410948797,0.759131144728449,216.400349455946,5.91834941799995,7065.37892713736,0.502572245650357,0.193258919127769,0.401088566174021,0.0993607022222068,0.0561329313700845,1.04968159568956,0.189580463438695,0.0705834908610862,0.719937701639449,0.629353283200967,4.05418562626606,0.996493408403672,0.737539359417296,0.291266157553819,2.56137301705236,2.2335962542039,7.89750903115248,0.0763543768277986,0.0177014059385598,0.0385177009264659,0.00170107094293743,0.977721369571599,0.768167763604677,32204916.1336772,273193187.409957,3972281.59371599
5.32330258952344e-08,107.77795336719,3.49350384470589,0.0657239842657433,1.9819749103971e-06,0.00286301314489575,4.67063269675015,0.713496975849019,61.044114796764,2.48887942614706,0.979397505634516,1.14206769818152,318.754843229142,5.21280918501631,7326.28272091516,0.294404449680316,0.0853245875438493,0.460106719533626,0.0888276765195036,0.0856359797649431,0.921146488743566,0.378079071303935,0.0422318024428246,0.616878162245233,0.716726418874814,5.71989779894736,0.851204911267614,0.96732818506798,0.0230105138660798,3.11455270799407,0.86873979141037,3.19948901287828,0,0,0,0,NA,NA,0,0,0
1.79474561438655e-07,71.2950084577826,3.63321258320147,0.0789595446330029,3.39214287192625e-06,0.00160794781710076,3.66576430682956,0.812403908112741,54.9148058747759,1.90584535253954,0.75310588782036,0.558257116873687,156.319590629763,4.87493548158631,10225.1796550169,0.717324696525279,0.0925171390111059,0.352592761048731,0.156581508747398,0.0529228675565167,1.0924942237021,0.252191300703144,0.0885460232680884,0.396378000293422,0.767213954976238,8.39339479693101,0.945001701814909,0.38528248779376,0.0599859105457376,2.9676600272946,2.31559451021342,4.47205291842081,0.0870205870416163,0.0264742795930643,0.0436473853381239,0.021799162512351,0.749494191507513,0.695769926484139,18527277.1766627,147176017.683273,18435540.7143126
5.33816918560885e-08,108.905885407261,3.87518498101017,0.037105912519054,2.41726998733037e-06,0.000831329851697172,9.69356798002799,0.61754879083433,91.0766896422517,3.47758986893018,1.92747993141386,0.503055579642706,215.143987018165,4.08031673785072,17231.7551002552,0.744405279500644,0.129980476422667,0.562353874831513,0.170673205635642,0.0347550367079348,0.641567957720343,0.235581137456065,0.129605579356171,0.6334718093653,0.536092892656557,12.1143327568206,0.876831281789931,0.514067513957419,0.0611198441183605,2.05386775565094,1.87881606790429,7.81217869123209,0,0,0,0,NA,NA,0,0,0
1.87414422111326e-07,71.8683462815158,3.92564030721522,0.0316699792404297,8.71248352924535e-06,0.00184209801558407,6.87015100427188,0.868129476461863,44.6274221668512,2.25691080134013,2.79465141316087,1.03358763858697,247.408436468373,3.94646929223956,18773.66125714,0.657555269047084,0.171202725613054,0.44085788650868,0.121916510481658,0.0519277236797144,0.732250306195032,0.167223302885115,0.0628012409392058,0.364992660260438,0.669146274973773,6.38152173109756,0.837735302090369,0.919190852541551,0.022167964605694,1.34235512715341,0.629587123266485,6.15640795813549,0.0857826821371395,0.0261407564945649,0.0478645984398679,0.0205390538669804,0.760568761021661,0.695267671244249,18644583.6628401,189316936.086944,29465744.7797801
7.87921123390748e-08,77.2842527118861,3.5039328039787,0.0251945171930917,2.40772031211307e-06,0.00280021746207628,9.7690887812406,0.711731606875242,38.8833266998236,2.91970022062364,1.15793412493312,1.21751572122522,127.279850451934,6.26794002453501,14263.4205727661,0.546569692368892,0.191837167023934,0.637585650391111,0.0848614100413314,0.0453454520147511,0.861474650469242,0.152338789717418,0.0823303716276041,0.71428930956119,0.818736018772107,8.48275345820212,0.871183437073192,0.965833897284191,0.166569061716552,1.96576896773419,0.616281433104892,3.02536377310214,0,0,0,0,NA,NA,0,0,0
9.72890491643412e-08,171.842369666291,3.63195245241448,0.0602616829449214,5.56723407365565e-06,0.00173062738077551,5.43245917250419,0.627309888996193,88.9784260206899,3.62569151862231,1.78092357578753,0.486989171731642,136.50960532055,6.99840879625331,15617.2745242553,0.284789572318194,0.149775420538213,0.772839031430324,0.0793423410327471,0.0484538566421265,0.589422443779241,0.118395990802882,0.0443473456604367,0.454766122263702,0.700737003968377,15.9205451590035,0.954067042763677,0.732226711001223,0.101289389800899,4.38791689003119,1.70569411702901,6.6943928779189,0.0603857843939126,0.023614800727071,0.0328022049301843,0.0208864914165305,0.65411575545194,0.608934437730818,46191262.5590442,386502714.875802,62820667.7539435
1.12297759140856e-07,74.1309808742692,3.37387146847535,0.0245801269582747,2.22717915022497e-06,0.0019864892547777,2.58297038756149,0.819506339590245,64.1805538784594,1.12761225463888,2.68719723346336,0.534413980582141,162.14601554497,4.94616069774187,8829.7393542818,0.513019153691571,0.14537256330215,0.433755796840269,0.0760094418006688,0.0505660591302264,0.860452044140157,0.317681437889147,0.0380610415534911,0.754782447706009,0.721290770389715,12.5572514223359,0.89967773210886,0.571537203107959,0.0238935329530005,2.17220274151457,1.42447563783737,3.20339819617545,0.0649346817503809,0.0107700546499153,0.0355451104948532,0.000814633220835399,0.987454574368025,0.834140179645184,22492702.9804198,233934456.296304,2417761.17205395
1.42286536615899e-07,56.1506302252925,2.73658394096842,0.0195250768643333,1.80751896547317e-06,0.00277909749589385,8.93208893580041,0.874838522602382,68.8969629908918,1.38437827386181,0.953830127990925,0.538416767958519,221.170078295301,4.87746495953039,6785.75920277936,0.509009093550211,0.119799360713935,0.347314382080148,0.0870500365910951,0.0437679921482019,0.993075654938994,0.337429174796638,0.0639794794545193,0.533290568727048,0.691328024213912,4.42162816506045,0.879223186313276,0.733817183488509,0.0226282255931363,1.31482421573149,0.859708168938447,5.06580430104864,0.0693790042067044,0.0141917654515302,0.0252428657287303,0.00349337985006121,0.949647881372682,0.79544581802806,20940238.4317327,208263599.17974,16526349.5179322
1.98761866367206e-07,83.9166436588772,2.31921875668727,0.0199870135313305,5.89767655422862e-06,0.00052187316266538,2.51327723310544,0.569341080084915,29.4536162838078,1.61430478771945,0.842562275369278,0.918596315304069,225.534857739626,6.77669187032037,17800.7257082849,0.87277525044524,0.11712209076784,0.403678623068427,0.174901650814326,0.0318997425888761,0.880710166422307,0.131737020788171,0.0648718917785348,0.377374182448349,0.662503216397161,9.24632109505777,0.865524621321971,0.276479868905689,0.185892866374206,1.21739052956502,2.17406009499506,3.01297621265734,0.118948107357739,0.0904691552850547,0.104465914598134,0.0855608440888427,0.280687637748479,0.23942333094072,36893422.0609868,471858479.777436,82923360.3827262
7.86539280762948e-08,107.513114450193,2.9534363145767,0.0108824250283702,2.07013305087023e-06,0.000706046831326624,5.58126365026332,0.612521395546231,25.1296747473343,1.40570563519266,2.31583658255472,0.627042309117642,171.180678037114,4.44045921835792,6338.50691666861,0.459024511500061,0.0798695874573368,0.415081900407275,0.0893806138061549,0.0968919163160112,0.486082836163795,0.319127007295378,0.0875006099744698,0.403360457398958,0.752193162026495,4.93223060597182,0.890906217789651,0.510017066951375,0.0674529887085482,1.23800226574049,1.01043642490389,4.73824958669131,0.104283503509245,0.0284404357634923,0.0691053123268463,0.00410571380576961,0.960629306960275,0.727277711177292,38966165.3170263,527700575.655109,16729499.3308482
8.11162176288739e-08,123.675704626033,3.05957705313771,0.0218011685320141,2.12692546915572e-06,0.000643545193823652,8.02251044494528,0.583156337517995,62.242042312741,2.13476381083538,1.28333461955625,0.544486929721708,277.633230248226,7.30147838033449,12971.1916093779,0.799210235108787,0.153187948782207,0.31955491453347,0.178107227340346,0.0280551277622604,0.602813112121001,0.324911635132422,0.147259045723729,0.729836136060556,0.811853227074559,6.78008535556356,0.975415994284845,0.388757208269442,0.0663092428784658,2.43737106583855,1.0021057782633,7.19604731058387,0.126532037619272,0.0516051191346496,0.0862449982521821,0.0206926384798578,0.83646324781301,0.592157685076355,42162918.6243748,540932875.44861,16785016.5085519
1.19088914667019e-07,174.00236121647,4.26362206295722,0.0579187972980201,3.27009862144889e-06,0.000563646143930161,8.01326228729699,0.776526499580223,91.3207932736795,1.1842439148057,1.38146924075107,0.724961022158724,183.421464039259,5.78193773312239,17034.940783715,0.300952546598141,0.11591331643104,0.562846731288545,0.167092029074604,0.0292206577694781,0.931289117729919,0.277681960049745,0.0404914858743996,0.457976066663652,0.553760549143011,5.07616497602071,0.990799673924108,0.819538443463616,0.0498784613672236,2.29776836614096,1.63788217714306,3.4317158328748,0.0798432233901693,0.0446664781513292,0.0541430719154454,0.0401271605678162,0.497425594007808,0.440572709182121,40308459.5319699,366395287.015965,59676168.8707943
1.75975610941855e-07,55.6156363905484,3.8879358770131,0.0232709790219224,8.03570892265733e-06,0.0021102347770732,6.19616422194365,0.604689952986374,34.5158909022539,3.46959598475633,2.09886504446952,0.482123099129212,264.245267079704,5.45339133061785,9082.5379642805,0.923395863587562,0.0961845097683207,0.463823980927615,0.150160503288179,0.0546815552636643,0.999965046628516,0.305428512107839,0.0658896861296755,0.593641379042458,0.795186813846079,14.2455431208572,0.986102315790406,0.775881272524341,0.0657542183807055,2.71478622936819,0.602320856615923,5.68482627483141,0.085008559915866,0.0141592799558582,0.00918435876504602,0.0034653479987113,0.959235305219369,0.833437009521491,14662812.8431655,152725351.776421,2568664.17873012
1.58421190656334e-07,51.1746069681304,3.00788863667838,0.0352433286481157,2.57293361610855e-06,0.00228912964014878,3.38165396812899,0.743395293229411,28.568381686526,2.80009263923977,1.70043130600953,1.12194851433197,312.046229226178,4.34598938427045,9668.1589178324,0.530995939757642,0.0724471798945146,0.313943768777851,0.0761740702818647,0.0455762822861404,0.802548961001841,0.373307818844304,0.131371077718298,0.548663658723452,0.53195408679015,13.4631682842767,0.996960789393623,0.293748067162815,0.0236610434793642,1.2318793706995,0.955787783230835,6.36386163279529,0.0679554033710966,0.0183003266964482,0.00515394861904912,0.00179455588077514,0.973592153210021,0.730700933426702,16959894.7325521,161624658.651887,2958229.34690097
1.27144249445744e-07,182.793139840598,3.16629413085694,0.0613886749005403,1.28820338442072e-05,0.00290046602287371,8.09494650128078,0.674591914291759,27.1118072023513,1.54669139255138,2.75314425681992,0.738137799236433,285.803675705395,6.8622207415589,9470.12749519099,0.461364306619253,0.0958118918096443,0.34658198109887,0.199084521808343,0.0707755863850494,1.00562656627666,0.122267846719677,0.0595293428235043,0.430377485565943,0.811365944677489,6.05942121377521,0.950044705450392,0.751037538330324,0.223051424730964,3.30912726092016,1.96439250423718,3.88766017500803,0.111985078900075,0.0858414667462726,0.0985671216310419,0.0837858276655724,0.251812576384978,0.233456210511141,55208616.3076673,375228946.686299,74911943.2991877
1.27714005616503e-07,120.013207717782,4.34751834109219,0.052838031343346,2.16351546952915e-06,0.000982607671146568,3.1703536996157,0.571912319956701,98.5023263041059,1.02977177178342,2.03407851550241,0.680937358790373,260.539396293123,7.92335079092693,9127.73370674409,0.886856159585034,0.182625927322089,0.470820690382029,0.146657702651724,0.028662107314264,0.484696752646752,0.250991984937603,0.0759587391870628,0.459692344305402,0.806808741677951,5.51608884981767,0.964543306435333,0.521952359325999,0.0430667611539857,4.32425879300398,1.37271371573173,6.48921415235335,0.114774855544351,0.0467987753128637,0.0722503778667542,0.0399744056724349,0.651714606976891,0.592255855248889,27291827.147943,265028399.552337,26823491.8891467
1.38776090913391e-07,83.074159053657,2.40259489376222,0.0276004153943612,2.43930262423837e-06,0.00213502278904481,7.07754766428429,0.656410445073248,76.0757900745023,1.34533158658179,1.26399251078274,1.22620412987342,212.615055170617,3.88963323151049,8788.37143578553,0.443087674556014,0.0755986807884976,0.466944662531657,0.133404649681883,0.0479795528502213,0.559109886509877,0.234133509680358,0.125952183142659,0.553794393953928,0.841917582022465,14.0822109545396,0.845544430595992,0.581384605541698,0.0212721808795873,1.92094747520835,0.827610638974825,7.84655249666198,0.0998307691162764,0.0368874854884367,0.0669014133655416,0.0334680562137785,0.664752094869698,0.630499836723961,34804924.5873631,354853880.779022,51188613.0730547
1.42017920830877e-07,72.310436469014,3.1878742521567,0.0157051740973889,4.51312830319735e-06,0.00179567975323917,2.66691850963859,0.851629863035295,30.2557336455699,2.24369309898535,2.95278974417542,1.03059721285077,127.620855438632,7.27909225448451,13338.0237013432,0.479499785964325,0.0595747038780037,0.476165404832981,0.147153685588485,0.0504897394567544,0.70829349208959,0.379409744777465,0.0967751531875395,0.536537474936337,0.518758650860767,9.66228334991667,0.992567908274759,0.250739936973602,0.181827683655309,4.45094987155177,1.44440191664633,5.25517468385387,0.0894115261290052,0.0283544933354239,0.029113657752077,0.00926038364441491,0.896429643410249,0.682876530990946,23697414.0203717,272141314.456918,17059793.9992704
1.43200989880359e-07,123.619450854725,2.8058640507512,0.0475556290622931,2.68535733634484e-06,0.0028148054140082,4.3781199380185,0.95,44.9608575055468,1.33938448097139,1.91097277509542,0.730776350888694,127.668876368382,8.13627320120627,9178.94964129292,0.579053740381228,0.165820857049804,0.361597059271389,0.218943276748035,0.0495607768873944,0.994552439354728,0.136821618144677,0.0450164036562928,0.636832448900505,0.502996413958958,10.1177615117279,0.851318318444707,0.530595042264823,0.0621684903093488,2.27320115247419,0.783974701991968,5.21935505331556,0.112615589503799,0.0836420577426904,0.0971797589733879,0.0783694110980417,0.304098025474547,0.257278160943528,42961583.8471173,337520082.922054,80624824.162348
5.73429392857417e-08,138.623320532516,3.094657474761,0.0760317788995944,1.79722122306802e-06,0.00224233942718149,2.84634986415393,0.669496186683294,46.9234936983936,3.15388760809127,2.60619970068602,1.24745486434493,255.542332525953,7.17095345344755,5824.39923551957,0.289713517721979,0.176740535023209,0.480039888480031,0.213058056730808,0.0925437154434706,0.517939295130225,0.250032985834274,0.0404623658808189,0.886837593303102,0.552506922450849,12.9747107595844,0.94766415908113,0.265494987016258,0.254457534998126,1.68011965968,1.35183859725532,3.60793973397664,0.0990957156365772,0.0327480615981418,0.00302969990918652,0.00084679948115515,0.991454731663065,0.66953100456692,41367305.2169151,326791785.524323,1281411.47291501
6.60719563149402e-08,92.4599470148176,2.25284319970569,0.0221497571166405,7.15114141584779e-06,0.000457057039089359,5.13611190721031,0.57221483281544,99.8655352244218,2.22522778229852,2.87001914258474,0.949358968495911,215.628870799423,7.9609493558938,7734.58283770261,0.414241434586021,0.104671971582236,0.619259971902723,0.209982603393216,0.0614491596796676,1.17038823112302,0.210977702008624,0.090480423489565,0.416285769299992,0.585034546420263,12.7448857422532,0.976761284795204,0.60662596447056,0.280747900323049,1.94481835910764,1.18029411523701,5.69537518775119,0.0930509815806752,0.0282783183528505,0.00245217882408862,0.000821835491589493,0.991167900890148,0.696098656107855,42970831.5000262,542514849.426834,1515225.7465915
1.78029554426582e-07,153.787606068661,4.43100023942658,0.0810664342582739,2.6232135793616e-06,0.00133591894860769,3.58245921744795,0.804999357543612,25.2524400939544,2.5121017345343,1.65837258637572,0.634332210296871,130.94762142055,5.7319376120393,19374.2919278984,0.818191632686717,0.0515034444671736,0.419379975735769,0.11641477262736,0.0253792692204858,0.97049494199046,0.39039106007589,0.0505976065518729,0.871005248967076,0.764137001033856,12.011753707142,0.970151378636474,0.516455590126748,0.114221323106254,1.48803504009734,2.20028108280921,5.79077486817392,0.0973929938592657,0.0718762616607994,0.0828761412256941,0.0697869347661899,0.283450153847482,0.261997615920282,32434155.2121866,215443724.588954,42564946.2099626
1.15894398853212e-07,146.064916948654,2.42718934745087,0.0394538729623159,6.28940024721715e-06,0.000581450963254238,3.69865830241764,0.855730421778764,32.173247367964,2.38628838165314,1.65412824281601,1.17329755431671,271.410526540852,4.82507318077521,5908.29156229159,0.332348686623728,0.0938768711578719,0.387294293476926,0.169197916995643,0.0712664685363781,0.488783329040479,0.142386042705143,0.134859423049271,0.936429460520489,0.802988114829184,4.24807736737578,0.859874737200328,0.497647471918921,0.0294788782910812,2.62000968865023,0.819712039974423,3.22580192297754,0.114475451562629,0.0750934282808871,0.0960890878164221,0.0718462393996938,0.372387368479721,0.344021558719916,59576518.7702545,633763681.40576,100740501.615715
1.68339201989781e-07,118.393413291922,2.73217999104873,0.0681211913161628,5.97572355137396e-06,0.000337934858034306,4.26048909408663,0.679363682902736,43.4758044659777,1.68218276850152,1.08118393847768,0.668256432895942,232.372031993697,6.09663781939704,5138.8089986973,0.483300847647781,0.124700522845407,0.508877618132131,0.172708449914248,0.0636277355844853,0.502131919743187,0.228507986650004,0.0632977454454967,0.54949693505664,0.686022568399621,5.47848656473518,0.895885257865556,0.548893916166511,0.218853766485366,2.64014599410738,0.758171911815934,6.2068313122122,0.11037773662079,0.0811307923046451,0.0950203489370163,0.0777204626126254,0.295868306489746,0.264971408288832,41430316.6129573,339767971.996243,64609143.5310433
1.08714752047729e-07,91.153209062364,3.79684498240485,0.0629305845922945,7.33454537932243e-06,0.000668159095756929,7.29933691665752,0.687895294171604,29.9314228484232,1.96201995975147,1.14703374625543,0.857119588883061,312.342794995307,4.38413017247073,8181.20057556518,0.250109462559046,0.157000960941341,0.622709262684707,0.28115535988331,0.0727194739024928,0.492621949056956,0.158379584364364,0.103851239727529,0.447043949194502,0.764563647011721,4.46176374445105,0.968881746580497,0.904200849065462,0.299653393299045,1.20081590056724,2.15175072540298,4.00689498929938,0.0827814126202405,0.0138797120949484,0.0551471074241977,0.00212261708831135,0.974358771841103,0.832332988099376,23320694.5054908,223857094.076782,4322569.87986005
8.37968004888637e-08,66.0929098084859,4.26839601611904,0.0366974210602835,2.20831255887175e-06,0.00195577383154016,4.57916335035075,0.671435234011864,53.1231182025381,2.16631239516526,1.45286972791572,0.527503391230059,165.546167503405,7.29055815912478,13091.5093226382,0.27554528384358,0.197104299127613,0.396555253276271,0.134798819943086,0.0753303329600796,0.679697207564648,0.272511811557127,0.0400779826769405,0.681414138971749,0.675813243568273,10.1026142007104,0.848345628185074,0.31978975023616,0.0821305759741469,3.28515734919579,1.61169811845516,6.2750931923053,0,0,0,0,NA,NA,0,0,0
7.24972005352876e-08,150.625394380649,4.48381588301126,0.0166938896333619,2.92233181634934e-06,0.000502555359780023,5.79239606207588,0.84543519524945,45.7638610660179,1.78178735885911,2.04257138053706,1.26429040993273,236.588444851989,7.75764830209049,8620.98548943526,0.859588681670694,0.131997255773192,0.382361384491614,0.0769525869886857,0.0923965487360365,0.543549198761809,0.134048558339557,0.148329659871865,0.772889022953309,0.553920405140781,5.26428640361076,0.960649269118024,0.309143471037979,0.117844868038373,1.33457132465612,0.642924546227495,6.02645982630519,0.110461410934635,0.0471206333688857,0.00726022961250761,0.00199555889038511,0.981934334592503,0.573419957520107,35829026.0921162,474156960.096817,2488479.13960658
7.53956229706529e-08,148.421315917641,2.78897157411754,0.0176540842762192,4.66641566724738e-06,0.000405029632434813,5.51027289795912,0.773117141839124,55.2152095699193,1.78307533610909,1.88085019754034,0.624058360550583,251.779969656583,4.96248910736566,5953.49678382681,0.528584904783412,0.140771866808387,0.421770939013216,0.18539127103872,0.0256016781139316,1.14216657219331,0.145457936391439,0.0625460911308125,0.703245576503202,0.82433550105118,7.82715700641612,0.942945869054845,0.778153023481478,0.284519568837924,4.49142421041725,1.39450534657205,4.28218143978521,0.111696237039645,0.0365817093478234,0.0684390817162244,0.0287753798810725,0.742378251553282,0.672489330729744,55826045.9030436,772964814.911206,61558494.0791506
1.3223005628952e-07,86.9182233336264,2.18251474279108,0.023606381883902,9.85373061514017e-06,0.00232431547813837,7.10336587506246,0.76963402340645,33.0709771097368,1.6875419524562,2.4331012987603,0.656745705742261,270.530272209701,4.97572565819814,10171.5275661936,0.388781678224457,0.0931764069358267,0.383168524650248,0.158243996835388,0.0900485658463158,0.690769744799595,0.147479017915554,0.100433436956067,0.837961357127928,0.762799084601526,15.9092401528668,0.978222067615001,0.882883645976389,0.2724189952508,3.65667573529379,1.03920735907663,7.97462835043747,0.101907484988518,0.0431613760621802,0.064752880996492,0.0375044716104936,0.631975299805316,0.576465103941646,40127805.1522299,412428194.224021,54764703.0714551
5.36731994796515e-08,161.758970694461,2.64975996112573,0.0421741362369256,2.00710321229981e-06,0.00211709735491206,4.08920746531799,0.847669533497437,41.7910069409297,1.03474322052981,1.59283734563127,1.10974473706903,290.951671617381,5.21627162291668,11123.665953051,0.278720841097504,0.0688551276127509,0.538083190410771,0.0983627856494353,0.0370283310968218,0.799885443008431,0.360191955227473,0.109028827460336,0.882203712041099,0.578991784169496,11.4430899243165,0.856429611978631,0.742748983592468,0.138365028081159,2.82343234348768,0.690270086532757,3.74691534596885,0.0790558805052538,0.0197529142107602,0.0277841472697152,0.00344311001460569,0.956447135967616,0.750139849375943,60165993.8326522,567581830.367018,47598867.6572673
6.20065516181596e-08,91.8327819884561,4.02876596500734,0.0249436082325407,6.24010732013746e-06,0.000543601779672888,3.31454330837739,0.660884514386987,76.9110900089903,2.27263430304689,1.0137220485244,0.84208492456046,152.771546218669,4.1808333747536,8107.93098297049,0.691355037921796,0.0873270338877103,0.391273457378212,0.193702443060529,0.0420211954172563,0.664056216297399,0.346452238746555,0.073861065196388,0.477777258916689,0.850475105252296,15.0428729831908,0.875874604120087,0.503804242150461,0.148719393611918,2.06675174350725,1.6992698664546,5.6754383549992,0,0,0,0,NA,NA,0,0,0
5.17272477394021e-08,193.954692582857,3.07053871000085,0.0365397263105158,4.05001708415615e-06,0.000755920862123938,3.43960543401394,0.560067429667597,89.9174844775187,2.403332064853,1.56477232195539,0.774020797179073,185.94622431889,5.66553111352913,9041.34653087203,0.255789874265124,0.0883875576329895,0.306775049344464,0.222725817090856,0.0407841422335238,0.74888354495744,0.120579137623688,0.0904024568550646,0.518766422593434,0.555368810058469,10.3497260607585,0.862626737094945,0.627210400636892,0.0899543666974181,3.58040604545132,0.926989486583581,4.50746156667635,0.114215164897989,0.0517704116861841,0.0679002833621145,0.0185233153945907,0.837820875965685,0.546729090375847,64193477.2936789,725651925.437546,94545275.3360597
1.01256454682193e-07,107.927920902961,3.64255917890571,0.0188957558961473,4.85190038394116e-06,0.0012497964797209,7.23759569709719,0.579152994686396,51.2921282792654,1.85096193062512,2.05245143298943,1.22526955938213,252.923090529217,6.43611255658096,7081.42771939122,0.775216357010422,0.0574782917395174,0.499260514385822,0.123799649657574,0.0322707830324697,0.568839546054421,0.121336050482259,0.119336227184765,0.428153495541956,0.586708087354453,14.4737254129215,0.849553189390275,0.677236568431939,0.096695281240429,1.59308367845514,0.723677503335981,7.94781373341696,0.10878382162062,0.0434954462771191,0.0604683418569561,0.0186194827149795,0.828839597307821,0.600166222981134,30981751.6809246,372942932.384396,56689282.2531018
1.61388391145236e-07,63.9043516621667,2.27725945630473,0.0371549586909036,9.36417165870056e-06,0.000357925090458176,7.22667500498872,0.609162028017963,42.9403473930204,1.40188362913566,1.52435073085441,0.876714048318619,132.861665123072,5.53480675008646,16812.2128735385,0.666122797946856,0.0621538211848797,0.510545909616799,0.122796415633671,0.0382676798510207,1.23412560252334,0.124964239665873,0.079298921228597,0.370101091651744,0.623746641310778,11.3929690614364,0.89861669074728,0.660830758998854,0.146453751936683,4.71625692050639,0.890182309417921,5.09373229691666,0.0825760929829212,0.0313707076603427,0.0450930215847959,0.0246754663145267,0.701179052881198,0.62009939527133,28207532.887884,334941892.479973,43754532.3137087
1.22340074724264e-07,186.308522171384,2.70793872885615,0.0128664300358835,6.14052126246998e-06,0.000672976929018379,8.4070015080946,0.95,84.2712911298608,1.5557581938822,0.791298338467444,0.595809925075904,148.558689489629,7.2170081431042,10381.8279010658,0.630385593344792,0.161811454519344,0.647260605477741,0.116825508195815,0.0749913062496853,0.55507291466147,0.203304447267561,0.0902383108957033,0.599343104283317,0.852601736082819,10.1365772291308,0.980235976112763,0.963520672713741,0.169968701006084,3.99151545060516,2.34742587295109,3.33021442376889,0.117521663148989,0.0914904297213425,0.102954434493982,0.0889740113324705,0.24291395349236,0.221501574519457,70757734.3747107,930309519.243747,114051339.193073
1.93037914378566e-07,166.365267925567,2.1891276634957,0.038157035148659,3.88219650969295e-06,0.00149383028743335,9.99441652876257,0.709240915951605,35.8921935289834,2.21669174966267,0.86899390803922,0.596240376997296,239.987230255361,8.19350828415906,10706.7866835576,0.361721390312216,0.122669433766283,0.452472532492849,0.256756317888985,0.0868021143744098,1.07032979121674,0.127775346790188,0.0801111856910314,0.394635882039014,0.704754224114714,7.81536814260096,0.907767343045261,0.464925589468509,0.29387275141209,2.21439795440749,1.81672274693538,4.77468658545636,0.114698746628641,0.0974442385503356,0.105676821552161,0.0947612886638049,0.173824549533983,0.150433274865418,72030596.2840656,634325313.487302,118990923.77724
1.5806638345564e-07,105.82531929876,3.86625912629578,0.0114318952108778,1.0996460977674e-05,0.000719591569776255,5.68772883525247,0.793235192269301,94.4705311417836,2.90018352984153,2.21921626030539,0.933814219906149,150.660257701883,6.33035293071611,8963.32342888896,0.802204607407026,0.186569417487541,0.4835867866912,0.086353494776698,0.0916371646198671,1.03206151135773,0.173850611964427,0.0891815517308754,0.390795326201045,0.783028312773336,12.352996766232,0.840825913972038,0.598358275113433,0.178941131130618,2.47357162464824,0.930048385579402,6.82752633830021,0.0883259844301231,0.0411711715061336,0.0589639477469024,0.0374387167252256,0.576130207132373,0.533872486428893,28868844.4400318,396816136.874709,50097842.8673876
9.45459772862045e-08,70.8762558038948,3.03793891118303,0.0189501399492526,7.50123268023866e-06,0.00237759917420958,6.43397922189186,0.573894843460107,87.4244811722334,2.16217461631534,1.01892756759497,1.06163599166856,202.189452786726,4.7888255805952,14805.7315551813,0.311442283813652,0.131766850250492,0.467800277120044,0.0764460318989101,0.065248886694541,1.14454701749956,0.331269300672533,0.0455898923845162,0.476414876369716,0.843257143706053,10.9418702464971,0.957009562117997,0.469011743137061,0.0230473081969113,3.66749667798951,1.66550111353412,5.73381175009808,0.0440139014042266,0.000565891604873169,0.00034166276847281,0.000123712059077773,0.997189250324765,0.987142889250467,23792201.3599081,240511405.558762,383442.59923211
1.52301813043647e-07,89.9573828503541,3.26341898527703,0.0230412872555555,1.22878854411138e-05,0.00178018574704561,5.30369254830941,0.747251111292353,35.4766404038758,2.01434017479109,0.947957764678131,0.503894359827928,208.241492835876,5.30292365409853,5696.59159486717,0.505736433741555,0.139586831267427,0.468996869868816,0.0964846495985026,0.0317542118991766,0.895880668024976,0.182041907949444,0.109910046300941,0.481482710653832,0.580755494811547,11.6784682111606,0.902258714587954,0.547946716848635,0.239144088056843,1.94735245297425,0.942878321205589,6.66088710541874,0.0772792508932847,0.0295012563909835,0.0427297523900009,0.0236838022783372,0.693529608470942,0.618251263437815,28365170.2752046,306738752.292332,45488153.2032359
1.40903250800032e-07,132.599437233096,3.41912476058888,0.0132125195653001,1.48235837986342e-05,0.00164337235071583,2.98333513399442,0.934198948716716,90.5664780195898,1.00614531758294,2.34293136181586,0.673462718562403,319.635515694217,4.01480250794605,8071.27972223227,0.558048741411378,0.189266225922776,0.370491624579934,0.137435833346542,0.0463938161868548,1.27022501964163,0.105739199522069,0.0386752826856942,0.941370597797206,0.529018043826156,10.943956003002,0.854424645377706,0.567898737342714,0.160384928940716,2.97689352959304,1.0055178987762,4.18470681018539,0.0962588750338733,0.0592017520448558,0.0723122113797947,0.0530954993168251,0.448409309810229,0.38497357231712,40303360.7677873,464386058.295315,83215783.9558001
6.18904931819826e-08,72.1955981129646,4.02046728557706,0.027327670056396,3.152299493027e-06,0.00190392881017374,3.06765525070442,0.772923404571096,89.8490899079226,1.19450864302033,1.71302180335375,0.690806115163528,141.5815692089,7.71387431777985,12010.3545861419,0.449191898489162,0.0887188719064128,0.307626419096664,0.113501356610262,0.0621642069819621,1.17932418386888,0.170942595322274,0.0727493312053849,0.803099563025362,0.817326999789488,11.0548374489537,0.835718622197874,0.507120528726209,0.0442125626619691,1.56875875040098,1.71033061620961,3.43984930096989,0,0,0,0,NA,NA,0,0,0
8.96589593709374e-08,81.4684893156019,2.24798551673563,0.0406221332339197,6.87129275670787e-06,0.00131416236612845,3.22369440142286,0.839752877399375,38.94403495603,1.17215271086953,1.14562942190959,0.519693881387677,218.963069408908,6.75189150723582,7800.84752018139,0.920527625882969,0.0529410294776909,0.351565362909546,0.219038608035998,0.0336068252897543,1.27621519375207,0.345909269648313,0.0502107934875607,0.572693744882317,0.622806508448364,5.79239635754274,0.860884138683741,0.308921429668491,0.267793169920966,1.20261482285561,1.43107665055477,5.64287682940457,0.117489236118199,0.050997411358541,0.0834269868026963,0.0238275510162835,0.797193753202105,0.565939714620021,35969777.4577941,371413965.744992,47312771.4836108
7.67867385957249e-08,166.994484798229,2.36181556469093,0.071519385768853,2.29962296600404e-06,0.000384444349463966,3.81343222324885,0.772309415710148,80.3084678441882,1.20390563537539,0.92456372181234,0.521081225776665,162.719311317331,4.03474881939775,5286.96164202401,0.575412100488639,0.110824397231977,0.522236272169161,0.278726288690015,0.0552538723222741,0.793087133883935,0.284317469078112,0.124129708190241,0.372744463556151,0.858379654719067,5.1704861314618,0.842317662153578,0.759385179564249,0.130149517231417,1.95771049881633,1.39663536684375,6.54958708170015,0.12426227954436,0.0825370503089834,0.108457206820495,0.0792538465118953,0.36220511322905,0.33578354902528,67058569.7171749,609500606.453528,98229459.2804722
9.18029776586334e-08,77.0803236620914,2.11604990463084,0.0491937459589104,1.2349150698623e-05,0.00170865338887015,2.79983402833754,0.865343451078152,71.791394878557,3.76775647175065,1.424836952555,0.6178493442908,217.792381133028,4.98633231882133,10508.509985328,0.402696674601942,0.0542314931056541,0.37232166535299,0.285065318131303,0.0488507600747925,1.02279413469604,0.251312743554315,0.0566820666997265,0.951664460491387,0.620077895176293,15.364548031173,0.98269195238378,0.483686890743521,0.0226969205305429,2.94635096607311,2.20459728690688,5.39147816704092,0.103921692572205,0.0340428827392185,0.0728809203375355,0.00532425906814943,0.948766624788659,0.672417934152049,35257692.9922587,333668184.294344,8503746.23284356
5.58848513918598e-08,178.74662442866,2.90086670098198,0.0156841696127979,6.32160560215357e-06,0.00113174819635526,2.99017996669598,0.696401892673464,76.8073006999222,1.20463090628704,0.785253107056398,0.597505916144018,176.492329021827,6.18247596771024,7103.95520392518,0.390780913356072,0.0664625441790514,0.516142544424961,0.270367606313022,0.0405479603727431,0.610593381580908,0.181139474857153,0.0433787390845509,0.392907617035986,0.50118782906524,4.12153817103386,0.989647813582075,0.32989266743285,0.206921007169695,2.48795591372451,1.24843768143227,7.36157753666856,0.122051618594051,0.0689611210417706,0.0813806986031733,0.0172493570329443,0.858671624091144,0.434983969601105,64661057.2267801,812306719.980833,48187492.9156543
1.65457262556238e-07,80.428343376179,3.32524585408882,0.0461139855140284,2.15138304885847e-06,0.000430305767733325,8.70364219865874,0.689272665673631,25.0685103244735,1.28786811658783,1.29987574877128,1.16831455155179,128.12874405114,5.83611155438903,8359.98983160306,0.496356547904147,0.0798920566356132,0.396205563065641,0.0834311572677828,0.0690044139193481,1.27155028787568,0.142480921367752,0.0574403743745365,0.65506510037054,0.870781345872924,8.91077553493722,0.987383306557567,0.270749891756925,0.236943272076739,1.51024096941197,2.25765737760056,4.12424532100672,0.0598390740691351,0.016230553832299,0.0263595140751014,0.0145303903286326,0.757175548675019,0.728763285783015,24236042.9150915,260943759.654223,28904979.2866451
5.89175851684087e-08,57.9250646098433,2.98777363222223,0.0590737607937034,3.82696290377139e-06,0.00165885174052949,8.93956020249414,0.885262239196973,29.0771016787125,3.25312131065077,1.23921773912125,0.55895559067596,266.637374827183,5.61693336505669,19720.9887291585,0.478755345615054,0.101482077995702,0.534924969059974,0.223243541158647,0.0398093688877196,0.883078751238721,0.235278350047291,0.0677704936552585,0.890302989696734,0.64738190925119,7.37290708951413,0.889842128495274,0.893733008943491,0.0208695100037125,2.4493297175693,1.38466769042196,6.47713082710518,0,0,0,0,NA,NA,0,0,0
1.146387164775e-07,124.216475708899,3.3087878988448,0.0160997306823708,1.03849965462618e-05,0.000471367844560199,5.10508561791533,0.785263839921378,34.2214812652124,2.39949995136322,1.86475158798853,0.555304192743905,200.678017639662,4.76594326026898,11377.4286696921,0.50811500633405,0.0578799803685494,0.720908948063825,0.090083107569326,0.040900231963358,0.939531342109522,0.266875866332497,0.0870139448671235,0.791579825926767,0.572978217956204,6.16811113168904,0.932592653012005,0.618405886634648,0.0832913310844433,3.97561522296054,2.04901179323814,5.53279710027494,0.0740069649610931,0.029245833823568,0.0405407202679156,0.0239296633050282,0.676656604988348,0.604823223882467,39386290.3416065,545216316.419665,79954770.0310476
